#ifndef SCO_AUDIO_BUF_H
#define SCO_AUDIO_BUF_H

static const uint16_t sco_audio_buf[] =
{
    0x00EF, 0x016E, 0x013B, 0x00E9, 0x00BB, 0xFFE7, 0x0001, 0xFFD6,
    0xFFD6, 0xFFB6, 0xFFFA, 0x00EE, 0x00EC, 0x0165, 0x00FE, 0x00C9,
    0x0069, 0xFFE4, 0x0050, 0x007B, 0x019D, 0x0173, 0x0109, 0x0138,
    0xFFFD, 0x0004, 0xFF7E, 0xFF5C, 0xFFFF, 0x0028, 0x00A3, 0xFFAA,
    0xFFC5, 0xFF64, 0xFE90, 0xFE71, 0xFE1C, 0xFEAF, 0xFF01, 0x0017,
    0x00D6, 0x008B, 0x00C1, 0x003C, 0x0005, 0xFFBB, 0xFF6A, 0xFF95,
    0xFF50, 0xFFFF, 0xFFCD, 0xFFB0, 0xFFAD, 0xFF5F, 0x0036, 0xFFFB,
    0x0031, 0x0027, 0xFFBD, 0xFF1F, 0xFD98, 0xFD77, 0xFCE7, 0xFCF9,
    0xFE50, 0xFEB3, 0xFF7F, 0xFF98, 0xFFD0, 0xFF2F, 0xFE16, 0xFDFC,
    0xFD4C, 0xFE2A, 0xFF0A, 0xFFFC, 0x00AB, 0x00B5, 0x012C, 0x004C,
    0xFFE0, 0xFF38, 0xFE94, 0xFE8D, 0xFEC6, 0x0009, 0xFF7F, 0xFEFD,
    0xFF14, 0xFEC2, 0xFFBC, 0x0002, 0x012A, 0x0191, 0x0114, 0x00FB,
    0x0034, 0x002D, 0xFEFC, 0xFED7, 0xFFA4, 0xFFE0, 0x012A, 0x01AB,
    0x020F, 0x01B8, 0x00FB, 0x00BF, 0xFF6C, 0xFF12, 0xFEF1, 0xFF16,
    0xFFAC, 0xFF8F, 0x0011, 0x001C, 0x0097, 0x00FC, 0x0117, 0x018D,
    0x00E4, 0x012B, 0x00FD, 0x0096, 0x0010, 0xFF52, 0x0011, 0xFFDC,
    0x00D9, 0x01C0, 0x01FB, 0x028A, 0x01DD, 0x0194, 0x0086, 0x002A,
    0xFFEA, 0xFEF1, 0xFFDF, 0x001C, 0x006F, 0x0083, 0xFFDF, 0xFF96,
    0xFE63, 0xFE4B, 0xFE40, 0xFEBF, 0xFF1D, 0xFEC9, 0xFF44, 0xFF3A,
    0xFF4D, 0xFEFE, 0xFEFA, 0xFFAF, 0x004C, 0x016D, 0x016F, 0x019C,
    0x01A2, 0x0091, 0x0006, 0xFE36, 0xFDAB, 0xFD40, 0xFC16, 0xFC27,
    0xFC4D, 0xFD85, 0xFD6E, 0xFDBF, 0xFE83, 0xFECE, 0x0026, 0x0069,
    0x00FC, 0x014C, 0x0064, 0xFFF6, 0xFECA, 0xFE6F, 0xFDF5, 0xFEB1,
    0xFFE1, 0x0027, 0x0145, 0x00E0, 0x011B, 0x0111, 0x0060, 0xFFF2,
    0xFF21, 0xFF44, 0xFF0F, 0xFF80, 0x0008, 0xFFD0, 0x00B8, 0x0099,
    0x0137, 0x0151, 0x006F, 0x0070, 0xFFA8, 0xFF5C, 0xFEC0, 0xFEDE,
    0xFEF0, 0xFE7F, 0xFFE2, 0x00D8, 0x01DF, 0x02AF, 0x0272, 0x0290,
    0x019F, 0x00E7, 0xFFBF, 0xFF19, 0xFEDF, 0xFE50, 0xFF16, 0xFE99,
    0xFE9C, 0xFEA6, 0xFE3B, 0xFEA2, 0xFEEC, 0xFF7B, 0xFF54, 0xFF62,
    0x000A, 0xFFCC, 0x0055, 0x0045, 0x0062, 0x00D4, 0x00D5, 0x0150,
    0x00CD, 0x0106, 0x00DD, 0x00E2, 0x00C6, 0x0012, 0x00B2, 0x00D3,
    0x0139, 0x0162, 0x011B, 0x0165, 0x008E, 0x005F, 0x001D, 0x0031,
    0x00AF, 0x0074, 0x00E3, 0xFFF3, 0x001D, 0xFFE1, 0xFEC5, 0xFED7,
    0xFEAB, 0xFFAA, 0x0020, 0x00E8, 0x01C7, 0x0163, 0x0196, 0x00CA,
    0x00C4, 0x008A, 0xFF0D, 0xFEBA, 0xFDCA, 0xFD16, 0xFC6C, 0xFBF5,
    0xFBC9, 0xFB3E, 0xFC52, 0xFCAE, 0xFD74, 0xFE52, 0xFE7C, 0xFF5E,
    0xFF76, 0xFFBB, 0xFF9E, 0xFF98, 0x003E, 0x0095, 0x0187, 0x0131,
    0x00EA, 0x003E, 0xFEBC, 0xFE9C, 0xFDF8, 0xFE34, 0xFDE1, 0xFE42,
    0xFF41, 0xFFD5, 0x00BC, 0x0060, 0x00E4, 0x0102, 0x0056, 0x0105,
    0x00DB, 0x00CA, 0x0060, 0xFFE1, 0xFFC6, 0xFF38, 0x0041, 0x003D,
    0x00EF, 0x025C, 0x02DA, 0x0394, 0x035A, 0x02D1, 0x020F, 0x01E1,
    0x01D5, 0x0136, 0x0195, 0x00E3, 0x00C5, 0x00C6, 0xFFAD, 0xFECB,
    0xFD59, 0xFCE8, 0xFC57, 0xFCA5, 0xFD5E, 0xFD96, 0xFECE, 0xFF6B,
    0x0020, 0x006F, 0xFFF6, 0x0080, 0x0057, 0x00BE, 0x00D0, 0x0061,
    0x003A, 0xFF11, 0xFEF4, 0xFE6B, 0xFE6B, 0xFE92, 0xFE54, 0xFF3E,
    0xFF53, 0xFFB5, 0xFFCD, 0xFFBE, 0x0032, 0x0000, 0x00DE, 0x0090,
    0x008D, 0x0138, 0x00C4, 0x00B0, 0xFF95, 0xFF6E, 0xFF61, 0xFF9D,
    0x002E, 0x0036, 0x00F9, 0x00F9, 0x0119, 0x0140, 0x00B0, 0x008E,
    0xFFD6, 0xFF67, 0xFEF5, 0xFE45, 0xFE5D, 0xFD63, 0xFD0D, 0xFC82,
    0xFC52, 0xFBFF, 0xFB70, 0xFC6E, 0xFCBF, 0xFD9B, 0xFE28, 0xFE91,
    0xFF9E, 0xFFF6, 0x0133, 0x017A, 0x01B8, 0x0208, 0x00F1, 0x00C7,
    0xFF72, 0xFEFD, 0xFE8D, 0xFDD8, 0xFDE3, 0xFDD2, 0xFEE3, 0xFF23,
    0x0016, 0x0094, 0x0036, 0x00A8, 0x0072, 0x0071, 0x006F, 0x0028,
    0x0069, 0x0026, 0x006E, 0x0028, 0x0058, 0x00C8, 0x008B, 0x0130,
    0x00EC, 0x0124, 0x0104, 0x00BB, 0x0133, 0x017D, 0x0281, 0x024E,
    0x0234, 0x024D, 0x015C, 0x0161, 0x0018, 0xFF5A, 0xFF16, 0xFE69,
    0xFE88, 0xFE17, 0xFEBF, 0xFE50, 0xFE5A, 0xFEF6, 0xFEB7, 0xFF5E,
    0xFF95, 0xFFFD, 0x005C, 0x000E, 0x0041, 0x0012, 0x0045, 0xFFE4,
    0xFFD9, 0xFFF9, 0xFF7B, 0xFFA5, 0xFF1E, 0xFEE7, 0xFEAB, 0xFE43,
    0xFE54, 0xFE23, 0xFF20, 0xFF90, 0x0032, 0x00D8, 0x0026, 0x005E,
    0xFFAE, 0xFF95, 0xFFC0, 0xFF82, 0x0027, 0xFFD4, 0x0048, 0x0084,
    0x0093, 0x0067, 0xFF77, 0xFF9B, 0xFF26, 0xFF30, 0xFF80, 0xFF3F,
    0xFF97, 0xFF2C, 0xFF80, 0xFF5E, 0xFED6, 0xFE81, 0xFDAB, 0xFDF6,
    0xFD87, 0xFD84, 0xFDA2, 0xFD3A, 0xFDE4, 0xFE06, 0xFE92, 0xFF3D,
    0x0012, 0x0105, 0x0114, 0x01ED, 0x0193, 0x00CD, 0x0043, 0xFF98,
    0xFFC9, 0xFF74, 0x000E, 0x002C, 0x0049, 0x0062, 0x0005, 0x009F,
    0x0025, 0x0065, 0x00B8, 0x008C, 0x00CA, 0x005B, 0x00A1, 0x0086,
    0xFFFE, 0x0015, 0xFFCA, 0x007A, 0x008C, 0x00CA, 0x0126, 0x004E,
    0x0035, 0x0006, 0x006E, 0x005E, 0x004E, 0x00AA, 0x0067, 0x00DB,
    0x0084, 0x0086, 0xFFF8, 0xFE7D, 0xFE66, 0xFE43, 0xFEC0, 0xFF12,
    0xFF76, 0xFFB6, 0xFEFF, 0xFF55, 0xFF2F, 0xFF95, 0xFFCA, 0xFF72,
    0xFFD5, 0xFF9F, 0x0041, 0x007B, 0x003E, 0x000F, 0xFF57, 0x002A,
    0x0041, 0x00B9, 0x0113, 0x007A, 0x0084, 0xFFD6, 0xFFF4, 0xFFBB,
    0xFF5C, 0xFF7C, 0xFEEC, 0xFF0E, 0xFE8A, 0xFE8B, 0xFEA8, 0xFE60,
    0xFF38, 0xFF51, 0xFFA5, 0xFFC3, 0xFFC4, 0xFFEA, 0xFF98, 0x0013,
    0xFFF8, 0x003E, 0x0025, 0xFF6A, 0xFF91, 0xFF3A, 0xFF65, 0xFF7F,
    0xFF62, 0xFF24, 0xFE55, 0xFE7A, 0xFDDA, 0xFDDC, 0xFE8B, 0xFE3F,
    0xFECE, 0xFEAE, 0xFF68, 0xFFED, 0x0032, 0x00B8, 0x002C, 0x001D,
    0xFF5E, 0xFF32, 0xFEF6, 0xFE1A, 0xFE6A, 0xFE60, 0xFEE1, 0xFFA8,
    0x002C, 0x00C4, 0x0054, 0x00AE, 0x0081, 0x009B, 0x0082, 0xFF9B,
    0xFFE5, 0xFF88, 0xFFB0, 0xFFEF, 0x0016, 0x0084, 0x006B, 0x00FC,
    0x00CC, 0x00E4, 0x00ED, 0x005D, 0x00AC, 0x0043, 0x008E, 0x0108,
    0x015A, 0x01EE, 0x01CF, 0x026D, 0x01F7, 0x0191, 0x00F9, 0xFF86,
    0xFF15, 0xFDEB, 0xFDD9, 0xFE3E, 0xFE5F, 0xFF34, 0xFF06, 0xFF71,
    0xFF65, 0xFFA7, 0x000F, 0xFFB8, 0x001B, 0xFF70, 0xFF69, 0x0007,
    0x001A, 0xFFDB, 0xFF0C, 0xFF42, 0xFF48, 0xFFE2, 0x006B, 0x004A,
    0x0060, 0xFF49, 0xFF4A, 0xFFD4, 0xFFA7, 0xFFBA, 0xFF52, 0xFF85,
    0xFEC2, 0xFEB3, 0xFE7B, 0xFD91, 0xFDBB, 0xFD58, 0xFDE2, 0xFE71,
    0xFE81, 0xFEFA, 0xFF1A, 0x0001, 0xFFF7, 0x001A, 0x00AB, 0x006B,
    0x012A, 0x011F, 0x0146, 0x0120, 0x0077, 0x003A, 0xFF44, 0xFEE7,
    0xFE1F, 0xFE03, 0xFE6A, 0xFE6E, 0xFF42, 0xFF33, 0xFF68, 0xFFDC,
    0xFFF5, 0x00A7, 0x003F, 0x004C, 0xFF81, 0xFEE9, 0xFEA7, 0xFDA8,
    0xFDE2, 0xFD79, 0xFE0F, 0xFEAC, 0xFED0, 0x000D, 0x0056, 0x00E2,
    0x010C, 0x0161, 0x016D, 0x0093, 0x0102, 0x0071, 0x007D, 0x0056,
    0xFFF8, 0x0054, 0xFF7B, 0xFF85, 0xFF71, 0xFFA4, 0xFF75, 0xFED5,
    0xFF65, 0xFF5F, 0xFFF3, 0x007E, 0x0091, 0x0143, 0x0109, 0x0139,
    0x0124, 0x015D, 0x0144, 0x0050, 0x006B, 0xFF8F, 0xFF88, 0xFFDC,
    0xFFA9, 0x0045, 0xFFF1, 0x003D, 0x0065, 0x008A, 0x008B, 0x0041,
    0x00F7, 0x0056, 0x0047, 0x0034, 0xFFB4, 0xFFFF, 0xFF94, 0xFF48,
    0xFE7E, 0xFE80, 0xFEA3, 0xFE8E, 0xFF3A, 0xFE88, 0xFEC3, 0xFF47,
    0xFF20, 0xFFE8, 0xFFE8, 0x003D, 0xFFD3, 0xFFA3, 0xFFAE, 0xFEFD,
    0xFF48, 0xFE27, 0xFDB7, 0xFDD5, 0xFD90, 0xFE8B, 0xFEDD, 0xFFA0,
    0xFFBE, 0xFFBC, 0x0002, 0xFFCD, 0x0056, 0x0004, 0x0047, 0x00A2,
    0x0050, 0x0075, 0xFFA3, 0xFF85, 0xFF0B, 0xFEFC, 0xFF2C, 0xFF02,
    0xFFCD, 0xFFCD, 0x00A9, 0x014E, 0x014B, 0x01DF, 0x014B, 0x0132,
    0x00D3, 0x007B, 0x005D, 0xFF49, 0xFF36, 0xFE44, 0xFE26, 0xFE47,
    0xFDCF, 0xFE94, 0xFE99, 0xFF59, 0xFFD0, 0xFFE2, 0x0024, 0xFFDD,
    0x0080, 0x003B, 0x00A0, 0x010D, 0x00B6, 0x015B, 0x0117, 0x010E,
    0x0074, 0x001F, 0x0000, 0xFF7E, 0xFF9A, 0xFEE8, 0xFF45, 0xFF80,
    0xFF9C, 0x00B7, 0x00B4, 0x00C8, 0x007A, 0x0055, 0x0099, 0xFFF3,
    0xFFF5, 0xFEF1, 0xFE7E, 0xFE90, 0xFE2C, 0xFF40, 0xFFB3, 0x0087,
    0x0120, 0x0162, 0x01FF, 0x019E, 0x019A, 0x00F1, 0x0101, 0x00C1,
    0xFFDE, 0x0075, 0xFFF7, 0xFF9F, 0xFF3C, 0xFED8, 0xFEDE, 0xFE52,
    0xFEC4, 0xFE70, 0xFED0, 0xFF4C, 0xFF18, 0x000F, 0xFFCC, 0x001F,
    0x005B, 0xFFE8, 0xFFA2, 0xFF39, 0x0014, 0x0011, 0xFFF2, 0xFFF5,
    0xFF33, 0xFF8A, 0xFF42, 0xFF76, 0xFFD1, 0xFFAE, 0xFFA3, 0xFF1D,
    0xFFB4, 0xFF4B, 0xFF25, 0xFF0E, 0xFE59, 0xFEC4, 0xFE62, 0xFEB4,
    0xFEC0, 0xFE6B, 0xFE96, 0xFE3F, 0xFF01, 0xFED9, 0xFF76, 0x0073,
    0x00BF, 0x01FC, 0x01BB, 0x01E2, 0x0229, 0x01DA, 0x01D4, 0x010C,
    0x00F4, 0x0007, 0xFF6F, 0xFF56, 0xFEAF, 0xFF18, 0xFE76, 0xFEB2,
    0xFEEC, 0xFEEB, 0xFF0A, 0xFE8B, 0xFF07, 0xFF13, 0xFFCB, 0x003A,
    0x0016, 0x00A3, 0xFFFC, 0x0046, 0xFF90, 0xFDCD, 0xFEA8, 0xFE77,
    0xFF41, 0xFFA1, 0x00BE, 0x00EF, 0x0118, 0x01CF, 0x018C, 0x016E,
    0x016E, 0x014D, 0xFEEE, 0xFF99, 0x0042, 0xFF78, 0xFFA2, 0xFFAD,
    0xFF5C, 0xFFD4, 0x001E, 0x0080, 0x0172, 0x0108, 0x00DC, 0x00A3,
    0x0117, 0x00BE, 0x00D4, 0x00AE, 0x0073, 0x00B4, 0xFFF1, 0x0040,
    0x002B, 0xFF71, 0xFEE9, 0xFE4E, 0xFEAF, 0xFF13, 0xFF8D, 0xFF6D,
    0xFF8C, 0x0089, 0xFFB0, 0xFFE2, 0xFFF5, 0x0038, 0x0128, 0xFFDB,
    0x005A, 0x00A0, 0x00FE, 0x0216, 0x015F, 0x02EE, 0x03AC, 0x03F6,
    0x04D1, 0x041D, 0x0457, 0x038F, 0x0249, 0x0169, 0x00E3, 0x0062,
    0xFF1E, 0xFEC1, 0xFDD6, 0xFD29, 0xFC20, 0xFB98, 0xFBA4, 0xFAA7,
    0xFAB1, 0xFA70, 0xFB01, 0xFB39, 0xFAB4, 0xFBE8, 0xFBC4, 0xFC29,
    0xFCB0, 0xFC5D, 0xFCFC, 0xFC5C, 0xFCE5, 0xFD17, 0xFC97, 0xFD2B,
    0xFD35, 0xFE68, 0xFE63, 0xFE89, 0xFEC1, 0xFE27, 0xFE3D, 0xFDCC,
    0xFE37, 0xFDE9, 0xFD19, 0xFCA6, 0xFCCE, 0xFDB9, 0xFD6A, 0xFE16,
    0xFEB2, 0xFF64, 0x001A, 0xFF8B, 0x0099, 0x006C, 0x0038, 0x005E,
    0x0073, 0x0242, 0x0235, 0x030C, 0x0358, 0x026D, 0x02D9, 0x019F,
    0x0184, 0x01DE, 0x01B1, 0x01BB, 0x0113, 0x0150, 0x00EB, 0x00C8,
    0x009F, 0xFFCE, 0xFFE4, 0x0034, 0x009C, 0x008A, 0x011B, 0x0149,
    0x00D3, 0x00E5, 0x00CE, 0x0236, 0x024E, 0x01B0, 0x01CB, 0x00C1,
    0x0075, 0xFF94, 0xFE88, 0xFE53, 0xFE17, 0xFD9C, 0xFB61, 0xFC02,
    0xFF63, 0x027A, 0x05B3, 0x0617, 0x06ED, 0x0763, 0x072E, 0x07E3,
    0x07F3, 0x0771, 0x065C, 0x0593, 0x04EA, 0x0463, 0x03A3, 0x0303,
    0x0253, 0x0139, 0x0155, 0x00F4, 0x0016, 0x0038, 0xFF79, 0xFFAC,
    0xFEA7, 0xFD24, 0xFC8F, 0xFA22, 0xF984, 0xF8F2, 0xF8D9, 0xF9E9,
    0xF9E5, 0xFB9F, 0xFC77, 0xFCE6, 0xFD7C, 0xFDE2, 0xFFC5, 0x003E,
    0x00BE, 0x0182, 0x01E4, 0x0244, 0x01B5, 0x016E, 0x0116, 0x00F0,
    0xFFD2, 0xFEDD, 0xFF09, 0xFE21, 0xFE34, 0xFD7C, 0xFD5F, 0xFDCE,
    0xFD9D, 0xFE8D, 0xFEAD, 0x0056, 0x006C, 0xFF89, 0xFFDF, 0xFF0B,
    0xFEC7, 0xFE5A, 0xFD9C, 0xFDB3, 0xFD9D, 0xFE44, 0xFE00, 0xFDFD,
    0xFE60, 0xFDA7, 0xFDFD, 0xFDC4, 0xFE0A, 0xFDA7, 0xFCDE, 0xFC7A,
    0xFBDC, 0xFBAF, 0xFB07, 0xFB71, 0xFCB8, 0xFE2A, 0xFFC6, 0x0042,
    0x01C1, 0x0269, 0x0253, 0x026E, 0x01B6, 0x0207, 0x0079, 0xFFED,
    0xFF1C, 0xFEB0, 0xFE7B, 0xFC1E, 0xFC60, 0xFC9E, 0xFB1B, 0xFB95,
    0xFE16, 0x01F9, 0x054A, 0x0791, 0x08DD, 0x092B, 0x09F1, 0x08AE,
    0x07B2, 0x068F, 0x05DD, 0x0590, 0x04AC, 0x04B2, 0x02E1, 0x0301,
    0x029A, 0x0170, 0x027E, 0x0223, 0x01D6, 0x00AC, 0x002B, 0x0110,
    0xFFED, 0xFEA7, 0xFC79, 0xFA38, 0xF873, 0xF74B, 0xF741, 0xF6FF,
    0xF85D, 0xF95F, 0xF9A2, 0xFBB3, 0xFCAF, 0xFDE3, 0xFEE7, 0x003F,
    0x013F, 0x012B, 0x012A, 0xFFFB, 0x004D, 0xFF54, 0xFDCC, 0xFD54,
    0xFC79, 0xFC9A, 0xFCB0, 0xFD5A, 0xFE70, 0xFEF7, 0x008A, 0x0089,
    0x0178, 0x02B1, 0x0392, 0x044D, 0x0349, 0x03BC, 0x02D9, 0x0237,
    0x01F7, 0x0081, 0x007D, 0xFF40, 0xFF07, 0xFF63, 0xFFA6, 0x00C4,
    0xFF73, 0xFF91, 0xFF03, 0xFF1B, 0xFF2A, 0xFE29, 0xFDA8, 0xFCAB,
    0xFC4E, 0xFB58, 0xFB9E, 0xFC96, 0xFC12, 0xFCDD, 0xFE3B, 0xFFCE,
    0x01A2, 0x0192, 0x032A, 0x031F, 0x03D3, 0x0448, 0x034C, 0x024E,
    0xFFFB, 0xFF75, 0xFE36, 0xFE7C, 0xFDF2, 0xFB6F, 0xFA51, 0xFA37,
    0xFD71, 0x01F2, 0x0326, 0x0411, 0x04C5, 0x0550, 0x05FE, 0x063D,
    0x06C8, 0x0624, 0x068F, 0x0630, 0x0622, 0x04F0, 0x032D, 0x036A,
    0x0226, 0x034F, 0x02DB, 0x011C, 0x0018, 0xFE60, 0xFEC2, 0xFF21,
    0x0014, 0xFFAF, 0xFDF7, 0xFD07, 0xFBF0, 0xFBE1, 0xFBBB, 0xFB90,
    0xFC7C, 0xFCB9, 0xFE5C, 0xFE95, 0xFFF6, 0x0140, 0x0000, 0x0068,
    0xFF04, 0xFF17, 0xFF34, 0xFED3, 0xFE34, 0xFCF2, 0xFCED, 0xFBD8,
    0xFBAB, 0xFB86, 0xFAFD, 0xFB5A, 0xFB55, 0xFC90, 0xFD6C, 0xFDDD,
    0xFEA7, 0xFDB2, 0xFE55, 0xFE90, 0xFF69, 0x008D, 0x00C9, 0x0257,
    0x01EE, 0x022D, 0x0123, 0x00CE, 0x011A, 0x001A, 0x006C, 0xFFEA,
    0x0065, 0xFE93, 0xFC65, 0xFC63, 0xFB10, 0xFA85, 0xFAEA, 0xFB7E,
    0xFC95, 0xFD02, 0xFEC8, 0xFECA, 0xFF0F, 0x0045, 0x0029, 0x024B,
    0x0337, 0x0525, 0x05EE, 0x0483, 0x03A4, 0x0251, 0x01FC, 0x015B,
    0xFFFE, 0xFFB1, 0xFFFE, 0xFFB4, 0xFE45, 0xFDB4, 0xFE35, 0x0030,
    0x0398, 0x0580, 0x089A, 0x09AF, 0x0838, 0x0758, 0x06A0, 0x0566,
    0x03EA, 0x0422, 0x03D9, 0x0358, 0x02D1, 0x0260, 0x01D5, 0xFFF0,
    0xFF18, 0xFDFA, 0xFD01, 0xFD8D, 0xFD73, 0xFE22, 0xFD3B, 0xFC15,
    0xFB38, 0xF91B, 0xF946, 0xF9D7, 0xFB5A, 0xFBED, 0xFB39, 0xFC5A,
    0xFBFC, 0xFD3C, 0xFE3F, 0xFF0E, 0x016F, 0x02C3, 0x039B, 0x01AA,
    0x0029, 0xFEA1, 0xFC74, 0xFC69, 0xFC8D, 0xFD67, 0xFD8A, 0xFCD3,
    0xFCDB, 0xFBF9, 0xFC18, 0xFC08, 0xFC6B, 0xFE38, 0xFFAF, 0x0239,
    0x024C, 0x02D7, 0x01EB, 0x00BE, 0x0162, 0x01FB, 0x034E, 0x02FA,
    0x031A, 0x0339, 0x0362, 0x0329, 0x0167, 0xFFBF, 0xFE6B, 0xFE0A,
    0xFF17, 0xFE59, 0xFDB5, 0xFBD5, 0xFAAE, 0xF9DE, 0xF99A, 0xFC7A,
    0xFCF9, 0xFD86, 0xFE6E, 0xFFB2, 0x005D, 0xFFA8, 0xFFBB, 0xFF9E,
    0x0122, 0x0273, 0x026D, 0x0316, 0x020A, 0x021E, 0x009E, 0xFE94,
    0xFFF1, 0xFF74, 0xFE96, 0xFDCC, 0xFF6A, 0x01D3, 0x030B, 0x051D,
    0x058A, 0x07CA, 0x09BC, 0x0A06, 0x09C1, 0x06D5, 0x0555, 0x040F,
    0x0239, 0x0237, 0x024B, 0x0378, 0x0386, 0x0379, 0x02B9, 0x008F,
    0xFEED, 0xFC37, 0xFC48, 0xFC99, 0xFCBE, 0xFC3A, 0xF9ED, 0xF8B3,
    0xF7C5, 0xF90A, 0xFA9C, 0xFBE6, 0xFC91, 0xFBFE, 0xFCAD, 0xFD8F,
    0xFE71, 0xFED9, 0xFEC6, 0x0070, 0x0132, 0x0279, 0x02CD, 0x0181,
    0xFF9E, 0xFC37, 0xFAEE, 0xF877, 0xF852, 0xF95B, 0xF98F, 0xFC06,
    0xFCA2, 0xFDEC, 0xFE9A, 0xFEE1, 0x0009, 0xFF9A, 0x0094, 0x00F9,
    0x0173, 0x01BA, 0xFFE6, 0x0080, 0xFF7D, 0x00B9, 0x028E, 0x0383,
    0x0674, 0x069E, 0x0559, 0x028A, 0xFF4B, 0xFC9B, 0xFAA5, 0xFB59,
    0xFBE2, 0xFCEC, 0xFEB0, 0xFE7E, 0xFED8, 0xFE9E, 0xFFB0, 0xFF7E,
    0xFE45, 0xFED5, 0xFEC3, 0xFF06, 0xFE83, 0xFF0A, 0xFF8D, 0x0062,
    0x0351, 0x04AC, 0x04D3, 0x03C0, 0x00F0, 0xFE66, 0xFB38, 0xF95C,
    0xF914, 0xFB45, 0xFDB6, 0x0082, 0x04CE, 0x0762, 0x09C8, 0x0A66,
    0x096A, 0x08A5, 0x0813, 0x06B8, 0x03EF, 0x032D, 0x0350, 0x040E,
    0x06B4, 0x081E, 0x08BC, 0x0737, 0x0616, 0x0419, 0xFFD3, 0xFD6C,
    0xF9EC, 0xF6F4, 0xF6C4, 0xF8B0, 0xFAEC, 0xFBAB, 0xFE29, 0xFFE8,
    0x012A, 0x0099, 0xFDD5, 0xFD16, 0xF9FA, 0xF89F, 0xF9DE, 0xFB19,
    0xFD7C, 0xFF34, 0x0181, 0x01A4, 0x0227, 0x03AD, 0x00A7, 0xFCE2,
    0xF8D3, 0xF559, 0xF2FC, 0xF204, 0xF59B, 0xF9D7, 0xFEC5, 0x02CF,
    0x0424, 0x03FB, 0x023D, 0xFFCC, 0xFBC8, 0xF96C, 0xF927, 0xF882,
    0xF9D3, 0xFD15, 0x01F3, 0x0649, 0x0837, 0x08DA, 0x0958, 0x0918,
    0x0514, 0x0071, 0xFAB7, 0xF5DF, 0xF47C, 0xF4C5, 0xF85F, 0xFDDA,
    0x02C1, 0x0482, 0x03AA, 0x0365, 0x026A, 0x00EB, 0xFDC6, 0xFBD0,
    0xFBFE, 0xFAE3, 0xFEE4, 0x03D4, 0x0708, 0x0A9D, 0x0A69, 0x092F,
    0x07AC, 0x04F3, 0xFF16, 0xF773, 0xF418, 0xF22B, 0xF31F, 0xF894,
    0xFFF4, 0x07D3, 0x0BB2, 0x0DCD, 0x0E5B, 0x0DC7, 0x0AF7, 0x0514,
    0xFF7D, 0xFB66, 0xFAAD, 0xFD31, 0x03AC, 0x0A9B, 0x0EEF, 0x116A,
    0x0E7E, 0x0C3E, 0x0A0E, 0x03C6, 0xFD81, 0xF8BE, 0xF5E3, 0xF297,
    0xF3C6, 0xF8C2, 0xFD57, 0x01DA, 0x026B, 0x010E, 0x0102, 0xFFBE,
    0xFC8C, 0xF5B1, 0xF344, 0xF3E3, 0xF50D, 0xFB64, 0x0155, 0x074A,
    0x09B8, 0x08C1, 0x06C8, 0x04CB, 0x00CF, 0xF940, 0xF209, 0xEDCA,
    0xEBA6, 0xEEC0, 0xF665, 0xFCFF, 0x03C6, 0x08BC, 0x0819, 0x057A,
    0x04D9, 0x0063, 0xF808, 0xF19A, 0xF117, 0xF13C, 0xF57A, 0xFE54,
    0x04E2, 0x0B68, 0x0D3D, 0x0BFA, 0x0B84, 0x0977, 0x0498, 0xFBAB,
    0xF4A9, 0xF15D, 0xEF54, 0xF490, 0xFB93, 0x020C, 0x06DE, 0x05FB,
    0x059D, 0x05C2, 0x03FE, 0xFDB4, 0xF6F3, 0xF5F3, 0xF4BB, 0xF83E,
    0x015A, 0x086A, 0x0DA4, 0x0F24, 0x0D37, 0x0ADD, 0x0AAE, 0x0630,
    0xFBB4, 0xF3B7, 0xF05B, 0xEF4C, 0xF3BC, 0xFCA8, 0x04EE, 0x0BBF,
    0x0F92, 0x0F29, 0x0F91, 0x0EA8, 0x0883, 0xFEC9, 0xF7B2, 0xF61B,
    0xF4A2, 0xFAB6, 0x04B5, 0x0D35, 0x131D, 0x10F1, 0x0F0E, 0x0ECB,
    0x0A8B, 0x0294, 0xF994, 0xF6AB, 0xF300, 0xF1AE, 0xF7E7, 0xFD33,
    0x03A8, 0x06CB, 0x04E1, 0x02C4, 0x0346, 0x01C5, 0xF860, 0xF154,
    0xF102, 0xEF3B, 0xF215, 0xFC7C, 0x05B0, 0x0AC6, 0x0BAF, 0x0838,
    0x06E3, 0x05EA, 0xFFC7, 0xF6A0, 0xEF08, 0xECCE, 0xEBC8, 0xF0D8,
    0xFA63, 0x023E, 0x08DA, 0x088C, 0x0687, 0x08D4, 0x06F1, 0xFEAE,
    0xF422, 0xF010, 0xEE2D, 0xEDF6, 0xF738, 0x0005, 0x07AF, 0x0C27,
    0x0AD9, 0x0A16, 0x0A04, 0x0796, 0xFD7B, 0xF440, 0xF30C, 0xEE58,
    0xEF39, 0xF705, 0xFFC5, 0x0683, 0x074F, 0x05AD, 0x0650, 0x0928,
    0x04FB, 0xFB16, 0xF558, 0xF4A6, 0xF368, 0xF6F9, 0xFFA3, 0x0968,
    0x0F04, 0x0F3A, 0x0BDD, 0x0CD3, 0x0CCB, 0x0423, 0xF8FB, 0xF321,
    0xF160, 0xEF16, 0xF6BC, 0x005C, 0x083C, 0x0E6B, 0x0ECF, 0x0E31,
    0x11C0, 0x10C7, 0x06D9, 0xFC2B, 0xF921, 0xF626, 0xF5C5, 0xFEA3,
    0x0818, 0x106B, 0x120B, 0x0F1A, 0x0C15, 0x0C86, 0x085D, 0xFD37,
    0xF4D5, 0xF352, 0xF0CC, 0xF1CE, 0xF94A, 0x014F, 0x061C, 0x061B,
    0x03DC, 0x04C3, 0x06E1, 0x0097, 0xF830, 0xF42B, 0xF253, 0xEF3F,
    0xF4D0, 0xFE64, 0x0660, 0x0C52, 0x0ABB, 0x071D, 0x0826, 0x0790,
    0xFD85, 0xF0F2, 0xEDF3, 0xEC82, 0xEAA0, 0xF319, 0xFD44, 0x051D,
    0x08A2, 0x07E6, 0x075C, 0x08EA, 0x08F9, 0xFE35, 0xF3A9, 0xF15E,
    0xEE9A, 0xF066, 0xF794, 0x01A6, 0x0958, 0x0B69, 0x091F, 0x09E9,
    0x0CFE, 0x06A8, 0xFAE5, 0xF2FF, 0xEF65, 0xECAE, 0xEF40, 0xF73F,
    0xFFC7, 0x0547, 0x067D, 0x0271, 0x0420, 0x060D, 0x0153, 0xF7CE,
    0xF455, 0xF3F4, 0xF194, 0xF8D5, 0x0223, 0x09A7, 0x0F04, 0x0F03,
    0x0C66, 0x0D86, 0x0C2A, 0x02B4, 0xF5DC, 0xF133, 0xECCE, 0xED5F,
    0xF656, 0x00AC, 0x09B1, 0x0D55, 0x0E4C, 0x0F11, 0x139C, 0x11BE,
    0x07F9, 0xFF07, 0xFA8E, 0xF5C8, 0xF84A, 0x0181, 0x0AA8, 0x1005,
    0x1204, 0x0F4F, 0x0E97, 0x1088, 0x08F4, 0xFD52, 0xF624, 0xF35E,
    0xEFB2, 0xF533, 0xFEAA, 0x0478, 0x071F, 0x05D2, 0x0339, 0x0500,
    0x04C5, 0xFD58, 0xF33A, 0xF041, 0xEEBF, 0xED88, 0xF518, 0xFDFF,
    0x05BF, 0x08A4, 0x09A0, 0x08AD, 0x0A20, 0x07F3, 0xFD02, 0xF2A4,
    0xEE24, 0xEA1D, 0xEA4B, 0xF2C6, 0xFD44, 0x0469, 0x07BE, 0x06C8,
    0x067C, 0x0A31, 0x04EE, 0xFBEB, 0xF586, 0xF284, 0xEF04, 0xF0D1,
    0xF9C8, 0x027B, 0x0898, 0x0979, 0x0788, 0x09E2, 0x0A7C, 0x042A,
    0xF8B9, 0xF20A, 0xF003, 0xEBA7, 0xF1E6, 0xFCF4, 0x04B0, 0x07C2,
    0x06EA, 0x050E, 0x066F, 0x06FE, 0xFF2A, 0xF5DD, 0xF423, 0xF173,
    0xF0C4, 0xF7CE, 0x01B2, 0x0A07, 0x0C69, 0x0BE7, 0x0BB1, 0x0E98,
    0x0AD8, 0xFFDB, 0xF6AB, 0xF2EF, 0xEEAE, 0xEE04, 0xF6C2, 0x023A,
    0x095A, 0x0DAC, 0x0D9E, 0x0F49, 0x12BF, 0x0D80, 0x02CC, 0xFC57,
    0xFB39, 0xF78D, 0xFAF6, 0x0444, 0x0CC0, 0x1126, 0x0FA3, 0x0BEC,
    0x0DBB, 0x0E4F, 0x06D2, 0xFB00, 0xF5F5, 0xF423, 0xF12F, 0xF5D5,
    0xFFC5, 0x08E9, 0x0BCE, 0x0A65, 0x06A6, 0x08A1, 0x076F, 0xFD1F,
    0xF32B, 0xF0F5, 0xF058, 0xF0EB, 0xF87A, 0x0262, 0x0979, 0x0B9D,
    0x0887, 0x06A4, 0x08CC, 0x0445, 0xF988, 0xEF9F, 0xEC73, 0xEA13,
    0xEB6E, 0xF339, 0xFCCF, 0x0615, 0x08B5, 0x05F0, 0x0622, 0x0827,
    0x0415, 0xF860, 0xF2AD, 0xF1FC, 0xEFC5, 0xF417, 0xFC58, 0x055F,
    0x0AF2, 0x0A39, 0x0652, 0x062F, 0x0781, 0xFFEC, 0xF51F, 0xF0AF,
    0xED80, 0xEDE4, 0xF399, 0xFD6F, 0x055A, 0x0A00, 0x08A1, 0x0419,
    0x05E1, 0x0434, 0xFBE1, 0xF329, 0xF0BF, 0xF04D, 0xF280, 0xFB48,
    0x04E7, 0x0B70, 0x0E15, 0x0A27, 0x0982, 0x0B37, 0x07CF, 0xFD63,
    0xF432, 0xF11C, 0xEE53, 0xF314, 0xFA1C, 0x0276, 0x0B3F, 0x0DC9,
    0x0C8B, 0x0D2D, 0x0DF1, 0x09EC, 0xFF69, 0xFB02, 0xFA4B, 0xFB19,
    0x020B, 0x0AA9, 0x121F, 0x150A, 0x1404, 0x0E79, 0x0C4E, 0x0AD6,
    0x0306, 0xF9F3, 0xF5AF, 0xF354, 0xF424, 0xF969, 0x02C4, 0x0A84,
    0x0CCF, 0x0952, 0x05F9, 0x05D9, 0x0292, 0xFA93, 0xF284, 0xEFA1,
    0xED65, 0xF26A, 0xFD63, 0x0624, 0x0BC9, 0x0C5D, 0x0794, 0x064F,
    0x06AF, 0x020B, 0xF763, 0xF0B4, 0xED7D, 0xEA88, 0xF071, 0xF928,
    0x01F2, 0x06C1, 0x0788, 0x0578, 0x04E1, 0x058E, 0xFE02, 0xF395,
    0xEFCF, 0xEF12, 0xF124, 0xF800, 0x023E, 0x08F1, 0x0AC7, 0x08E7,
    0x04DC, 0x058B, 0x02C0, 0xFAAE, 0xF3E4, 0xF1A3, 0xEF4F, 0xF0BB,
    0xF905, 0x016C, 0x0787, 0x0A0A, 0x05CE, 0x041E, 0x04F4, 0x001C,
    0xF65C, 0xF02B, 0xEFEC, 0xEEB4, 0xF43D, 0xFEF8, 0x08F8, 0x0E7D,
    0x0F10, 0x0B22, 0x0991, 0x098C, 0x024D, 0xF787, 0xF327, 0xF109,
    0xF0C9, 0xF7B7, 0x0034, 0x0848, 0x0BDB, 0x0B0D, 0x093A, 0x0BE7,
    0x0B87, 0x049D, 0xFD9A, 0xFA1F, 0xF9F3, 0xFDB6, 0x0717, 0x0FBD,
    0x14CE, 0x15B0, 0x1075, 0x0BD7, 0x0AA4, 0x05C1, 0xFC15, 0xF59B,
    0xF50C, 0xF3A4, 0xF8C8, 0x02BF, 0x08FD, 0x0D5F, 0x0C96, 0x0844,
    0x05EE, 0x04AF, 0xFEC1, 0xF443, 0xEFD9, 0xECF2, 0xECC0, 0xF4FD,
    0xFFEB, 0x08F4, 0x0CD9, 0x0BD6, 0x08B0, 0x0726, 0x0540, 0xFCB6,
    0xF3DC, 0xF04F, 0xEC8C, 0xEF36, 0xF745, 0x0089, 0x05CC, 0x07FB,
    0x0533, 0x0249, 0x03CD, 0x0129, 0xF8CA, 0xF1BC, 0xF08F, 0xEF2D,
    0xF483, 0x0002, 0x07C1, 0x0B3F, 0x0C84, 0x0872, 0x06A0, 0x0424,
    0xFDDA, 0xF351, 0xEDE4, 0xED03, 0xED3C, 0xF5A2, 0xFED4, 0x0696,
    0x094E, 0x0759, 0x0403, 0x02CF, 0x00E5, 0xFA6B, 0xF29C, 0xF183,
    0xEE88, 0xF028, 0xFA74, 0x04AC, 0x0BCD, 0x0F53, 0x0EA7, 0x0A9B,
    0x0A4D, 0x06AC, 0xFD47, 0xF4CB, 0xF0E7, 0xEDCC, 0xF379, 0xFE9E,
    0x0823, 0x0BEC, 0x0D4F, 0x0B80, 0x0C10, 0x0E18, 0x0A24, 0x0170,
    0xFBAA, 0xFA0E, 0xF854, 0x0010, 0x098C, 0x1111, 0x13AD, 0x1221,
    0x0CFF, 0x0B89, 0x077C, 0x01B1, 0xF652, 0xEFFB, 0xF29E, 0xF338,
    0xFF2D, 0x0A73, 0x0FB9, 0x103A, 0x0D23, 0x06E5, 0x032C, 0xFFB8,
    0xF5AA, 0xED10, 0xEC2B, 0xEB07, 0xEFAC, 0xFB45, 0x062E, 0x0BF8,
    0x0E04, 0x0B89, 0x0876, 0x087A, 0x0344, 0xF9DC, 0xF0E8, 0xEDD4,
    0xED0B, 0xF433, 0xFEB6, 0x0624, 0x0B6E, 0x0AD6, 0x06F5, 0x0678,
    0x04EB, 0xFF0B, 0xF3EA, 0xF00F, 0xEFB1, 0xEEA6, 0xF881, 0x0115,
    0x0621, 0x079C, 0x0642, 0x0523, 0x043E, 0x0313, 0xFB31, 0xF35A,
    0xF31E, 0xF169, 0xF569, 0xFDFB, 0x0670, 0x0B37, 0x0945, 0x06DB,
    0x035A, 0x00EA, 0xFACB, 0xF028, 0xEB7E, 0xEB79, 0xECDD, 0xF3F0,
    0xFFE4, 0x08F3, 0x0CDB, 0x0C6A, 0x0990, 0x0928, 0x0731, 0x008F,
    0xF69C, 0xF56D, 0xF34E, 0xF1F7, 0xFCC1, 0x067F, 0x106C, 0x15B5,
    0x137A, 0x11FF, 0x0F26, 0x0A72, 0x00FE, 0xF535, 0xF3C4, 0xF154,
    0xF3A8, 0xFE66, 0x0797, 0x1055, 0x11DC, 0x0F2F, 0x0E5E, 0x0DFA,
    0x0A5D, 0xFF6F, 0xF903, 0xF765, 0xF402, 0xF727, 0xFE61, 0x057C,
    0x078D, 0x0788, 0x0475, 0x018B, 0x00AE, 0xF93B, 0xF018, 0xEC39,
    0xECF0, 0xF0A4, 0xF87E, 0x02DD, 0x09CE, 0x0D9D, 0x0D02, 0x09AC,
    0x08E2, 0x05FA, 0xFFAD, 0xF79A, 0xF5BC, 0xF4DB, 0xF638, 0xFFE0,
    0x0788, 0x0D8A, 0x0FA7, 0x0A1E, 0x057B, 0x001C, 0xFAE5, 0xF195,
    0xE85E, 0xE784, 0xE6CB, 0xEF24, 0xFC48, 0x081E, 0x10AC, 0x12BD,
    0x1101, 0x0D86, 0x0B9B, 0x0514, 0xF8EA, 0xF0F1, 0xEC15, 0xEC53,
    0xF27F, 0xFB82, 0x0362, 0x0689, 0x0726, 0x04CB, 0x03FE, 0x00DC,
    0xFAB7, 0xF18E, 0xEBDA, 0xEBB3, 0xEE6F, 0xF8A5, 0x018D, 0x0816,
    0x0DB7, 0x0BDA, 0x0B5B, 0x0A8B, 0x07D8, 0x015C, 0xF96F, 0xFBAE,
    0xFB75, 0x001E, 0x08BC, 0x0D0E, 0x1021, 0x0CFA, 0x0900, 0x047D,
    0xFFAA, 0xFA9B, 0xF0DC, 0xEE43, 0xF06C, 0xF571, 0x0045, 0x0B54,
    0x1664, 0x1B07, 0x1C37, 0x1948, 0x131E, 0x0B6A, 0xFF10, 0xF463,
    0xEE2B, 0xEA0E, 0xEC4A, 0xF453, 0xFE2E, 0x0451, 0x077D, 0x0742,
    0x052D, 0x0360, 0xFEC0, 0xF6F3, 0xEE10, 0xEBDF, 0xEA73, 0xEE74,
    0xFAAD, 0x0467, 0x0B8C, 0x0FBD, 0x10ED, 0x10D1, 0x0CA1, 0x078F,
    0xFEBE, 0xF895, 0xF647, 0xF457, 0xF94E, 0xFEA4, 0x04B5, 0x069C,
    0x0485, 0x01CB, 0xFCBE, 0xF956, 0xF41C, 0xEE9C, 0xEF30, 0xF015,
    0xF542, 0xFF36, 0x0A0B, 0x121A, 0x159E, 0x150E, 0x0EFA, 0x09DE,
    0x0294, 0xF882, 0xEF29, 0xEB19, 0xEB05, 0xEE38, 0xF8B6, 0x03D2,
    0x0ACB, 0x0C9E, 0x0914, 0x0606, 0x0170, 0xFBD2, 0xF26A, 0xEAE6,
    0xEB00, 0xEB6D, 0xF265, 0xFCA2, 0x077A, 0x1083, 0x12F5, 0x13BC,
    0x121F, 0x0FDB, 0x0921, 0xFC60, 0xF717, 0xF3B4, 0xF369, 0xF7F3,
    0xFEE0, 0x0663, 0x086E, 0x08EB, 0x0747, 0x0617, 0x03BC, 0xFC9C,
    0xF77F, 0xF6EA, 0xF997, 0xFF0E, 0x06ED, 0x10AC, 0x149F, 0x1413,
    0x0FDF, 0x0B60, 0x04D4, 0xFC22, 0xF305, 0xEB96, 0xEC1A, 0xEC36,
    0xF1CD, 0xFD65, 0x06B4, 0x0D1E, 0x0CB5, 0x0A2D, 0x064B, 0xFFE5,
    0xF972, 0xEFC5, 0xED35, 0xED3C, 0xEEE8, 0xF923, 0x0504, 0x0ED4,
    0x11CF, 0x1267, 0x1174, 0x0C50, 0x0682, 0xFC37, 0xF27D, 0xEE7A,
    0xECC0, 0xEEFC, 0xF3EA, 0xFE4B, 0x0586, 0x08D4, 0x0B2B, 0x0903,
    0x0602, 0x0002, 0xF87E, 0xF469, 0xF39B, 0xF42E, 0xF7B6, 0x00EB,
    0x091C, 0x0D66, 0x0DA7, 0x0A17, 0x06F3, 0x0025, 0xFAA7, 0xF2E2,
    0xEEF5, 0xF098, 0xF106, 0xF754, 0x013C, 0x0AA9, 0x0EE6, 0x0C80,
    0x0905, 0x02A9, 0xFD2F, 0xF729, 0xEFFD, 0xF0A4, 0xF266, 0xF8EE,
    0x015D, 0x0C58, 0x15DB, 0x1763, 0x151E, 0x0D8F, 0x060C, 0xFE88,
    0xF3A9, 0xEE51, 0xECAE, 0xEE73, 0xF455, 0xFBF9, 0x0866, 0x10D7,
    0x14C9, 0x1291, 0x0EB1, 0x0ABB, 0x054B, 0xFC92, 0xF50B, 0xF3D9,
    0xF34C, 0xF6F0, 0xFFDF, 0x07F0, 0x0BA5, 0x09B6, 0x0680, 0x02A9,
    0xFDA0, 0xF908, 0xF196, 0xF041, 0xF06D, 0xF437, 0xFA1F, 0x0094,
    0x09B1, 0x0BE2, 0x0A49, 0x06B0, 0x0239, 0xFF08, 0xF884, 0xF45E,
    0xF49E, 0xF5E4, 0xFADF, 0x020B, 0x0C5D, 0x103A, 0x0F24, 0x0A4B,
    0x0252, 0xFC01, 0xF4DE, 0xECF6, 0xE96A, 0xEAD6, 0xEF96, 0xF7C4,
    0x0249, 0x0C68, 0x126A, 0x137C, 0x11AD, 0x0DFC, 0x05B2, 0xFECD,
    0xF628, 0xF006, 0xEDB4, 0xEEB1, 0xF6C9, 0xFF24, 0x06EC, 0x0A99,
    0x0A3E, 0x089F, 0x02CD, 0xFE75, 0xF885, 0xF471, 0xF4C1, 0xF453,
    0xF98E, 0xFE6B, 0x0632, 0x0BA2, 0x0CAF, 0x0DF3, 0x0881, 0x0388,
    0x006D, 0xFC40, 0xFA90, 0xF948, 0xFC97, 0x0011, 0x05DB, 0x0BF5,
    0x0C7B, 0x0BBF, 0x05EA, 0x0008, 0xF919, 0xF37C, 0xEF8A, 0xEE78,
    0xF2B9, 0xF8A8, 0x0127, 0x0A7A, 0x12D4, 0x1897, 0x1561, 0x0EB4,
    0x077B, 0xFFFD, 0xF8E4, 0xF1A2, 0xF151, 0xF280, 0xF72D, 0xFC76,
    0x02B0, 0x08D9, 0x074F, 0x0498, 0xFFD8, 0xFBB6, 0xF967, 0xF3C0,
    0xF1F5, 0xF378, 0xF7A2, 0xFC85, 0x00F1, 0x09BD, 0x0C93, 0x0AC0,
    0x07D3, 0x033B, 0x002D, 0xFB61, 0xF90E, 0xF9CA, 0xFDF1, 0x025E,
    0x024F, 0x04A0, 0x0580, 0x0266, 0xFB65, 0xF61F, 0xF51B, 0xF370,
    0xF356, 0xF3D3, 0xF941, 0x015B, 0x06E7, 0x0B67, 0x0E7C, 0x102F,
    0x0B8F, 0x03A4, 0xFEBD, 0xFA44, 0xF6AE, 0xF2CC, 0xF4DE, 0xFB39,
    0x00B2, 0x0398, 0x027F, 0x0506, 0x03DE, 0xFF3D, 0xFC36, 0xF9AF,
    0xF8CE, 0xF700, 0xF806, 0xFE05, 0x0328, 0x068F, 0x0659, 0x076F,
    0x0A3D, 0x0870, 0x05C8, 0x0349, 0x033A, 0x0228, 0x0302, 0x05C9,
    0x0778, 0x091C, 0x062E, 0x01CE, 0xFDBC, 0xF89E, 0xF3FF, 0xF0A5,
    0xF2FE, 0xF750, 0xFD6B, 0x04E9, 0x0990, 0x0E67, 0x0FA0, 0x0D4C,
    0x074B, 0x01BC, 0xFD75, 0xF958, 0xF8E4, 0xF846, 0xFAE7, 0x003C,
    0x028D, 0x0478, 0x0489, 0x0333, 0xFDBD, 0xF770, 0xF620, 0xF413,
    0xF449, 0xF59E, 0xFA68, 0x00B2, 0x050D, 0x06FB, 0x054E, 0x05FF,
    0x02FA, 0xFBD6, 0xFA34, 0xFC34, 0xFEF8, 0x0004, 0x044F, 0x0BCD,
    0x0D49, 0x0A93, 0x046B, 0x002B, 0xFA84, 0xF152, 0xEB0E, 0xE905,
    0xED60, 0xF0B2, 0xF78C, 0x039B, 0x0B53, 0x0F8D, 0x0DF7, 0x0BC8,
    0x07E5, 0xFF97, 0xF89F, 0xF4B1, 0xF6E7, 0xF7FB, 0xFA9A, 0x0325,
    0x08C6, 0x09EB, 0x077A, 0x0639, 0x0116, 0xFA61, 0xF6AE, 0xF1F8,
    0xF2B2, 0xF527, 0xF8DA, 0x001F, 0x0670, 0x097D, 0x0793, 0x05D5,
    0x03CF, 0xFEEE, 0xFCCE, 0xFD25, 0xFF1C, 0x0153, 0x078B, 0x1088,
    0x157D, 0x15DA, 0x11AE, 0x0C49, 0x02F5, 0xF742, 0xF042, 0xEC74,
    0xECFD, 0xEFC8, 0xF718, 0x0322, 0x0B66, 0x11CE, 0x12FE, 0x1059,
    0x0B1A, 0x01E2, 0xFA23, 0xF5D0, 0xF5AA, 0xF438, 0xF672, 0xFF5C,
    0x05A2, 0x0876, 0x084E, 0x07A4, 0x0284, 0xF953, 0xF41B, 0xF132,
    0xF1C1, 0xF26B, 0xF4E8, 0xFCB8, 0x0448, 0x0814, 0x068A, 0x04A7,
    0x00F3, 0xFB04, 0xF626, 0xF48D, 0xF85D, 0xFBFD, 0x0184, 0x09FA,
    0x10D4, 0x13AC, 0x1024, 0x0B8D, 0x04F3, 0xF9E3, 0xF0FC, 0xEA08,
    0xE8F6, 0xECBF, 0xF286, 0xFB82, 0x0426, 0x0B40, 0x0C91, 0x0AA3,
    0x0694, 0x00EE, 0xFB0A, 0xF5CC, 0xF592, 0xF5D7, 0xF813, 0xFEAA,
    0x03A1, 0x0733, 0x080F, 0x06CC, 0x037F, 0xFE6E, 0xFADC, 0xF60F,
    0xF4CA, 0xF5F6, 0xF9C0, 0x0025, 0x05B7, 0x0947, 0x07D1, 0x0572,
    0x00F5, 0xFCCF, 0xFAD5, 0xF886, 0xF9D5, 0xFBE0, 0x01FF, 0x0C1F,
    0x1331, 0x16D7, 0x14AA, 0x116F, 0x0B75, 0x0271, 0xFAB8, 0xF480,
    0xF1E7, 0xF0BA, 0xF4EC, 0xFD4D, 0x0561, 0x0BCC, 0x0D64, 0x0D2C,
    0x0A28, 0x046E, 0xFFB6, 0xFAF1, 0xF9EB, 0xF910, 0xF9CC, 0xFF5C,
    0x047B, 0x07E5, 0x06DD, 0x051C, 0x0151, 0xFAEB, 0xF5B5, 0xF31D,
    0xF3D5, 0xF50C, 0xF733, 0xFC43, 0x0108, 0x056B, 0x062B, 0x030F,
    0xFE26, 0xF92B, 0xF6D5, 0xF4C9, 0xF76C, 0xFA27, 0xFD82, 0x0495,
    0x0A63, 0x0E04, 0x0E30, 0x0BED, 0x0556, 0xFE43, 0xF86C, 0xF2A9,
    0xF0B9, 0xF15F, 0xF631, 0xFC60, 0x00E4, 0x0588, 0x05D9, 0x052F,
    0x012E, 0xFC1F, 0xF9D1, 0xF6B7, 0xF6D8, 0xF6C5, 0xF9AB, 0xFF72,
    0x0344, 0x04C8, 0x0481, 0x0533, 0x01C7, 0xFD5D, 0xFA5F, 0xF792,
    0xF80E, 0xF8F5, 0xFC99, 0x02FA, 0x06DD, 0x0854, 0x0632, 0x03CE,
    0xFFC9, 0xFA35, 0xF822, 0xF7AC, 0xF9E0, 0xFC38, 0x0072, 0x085D,
    0x0FA1, 0x130A, 0x115A, 0x0EB2, 0x0A01, 0x0437, 0xFE76, 0xF921,
    0xF8A8, 0xF75D, 0xF970, 0x01D2, 0x0878, 0x0E1C, 0x0E56, 0x0C0D,
    0x07F6, 0x0289, 0xFE5A, 0xF910, 0xF97B, 0xF9CF, 0xFA53, 0xFFC9,
    0x056E, 0x08C9, 0x0736, 0x056C, 0x01E4, 0xFC2B, 0xF8C8, 0xF3E1,
    0xF2F3, 0xF3E7, 0xF69B, 0xFC71, 0x01F9, 0x07D7, 0x07AE, 0x057C,
    0x012C, 0xFA95, 0xF59D, 0xF248, 0xF360, 0xF591, 0xF9E1, 0x011D,
    0x0782, 0x0D72, 0x0DC3, 0x0C04, 0x0702, 0xFF8D, 0xF92F, 0xF25C,
    0xF181, 0xF236, 0xF4D5, 0xFC07, 0x01F5, 0x07DD, 0x0A14, 0x0A15,
    0x071C, 0xFFA2, 0xFA74, 0xF375, 0xF2FC, 0xF35E, 0xF351, 0xF966,
    0xFF3B, 0x051B, 0x0631, 0x06B2, 0x05DE, 0xFFFF, 0xFBBA, 0xF798,
    0xF694, 0xF828, 0xF9D5, 0xFEF3, 0x03D4, 0x083E, 0x08CE, 0x0880,
    0x0664, 0x0198, 0xFC49, 0xF77C, 0xF7F3, 0xF809, 0xFBA3, 0x01D8,
    0x087B, 0x0FA8, 0x1063, 0x0F36, 0x0CC5, 0x0696, 0xFFED, 0xF84E,
    0xF536, 0xF376, 0xF534, 0xFCE6, 0x0312, 0x0A5C, 0x0F21, 0x1198,
    0x0FFA, 0x0BA7, 0x0709, 0xFFC7, 0xFC20, 0xF970, 0xF735, 0xFA87,
    0xFE0E, 0x02C2, 0x0521, 0x060D, 0x06A8, 0x0263, 0xFEC7, 0xF9EA,
    0xF6DF, 0xF5D7, 0xF63C, 0xF995, 0xFEC8, 0x0377, 0x04F6, 0x0632,
    0x0520, 0xFFC2, 0xFB4F, 0xF6DA, 0xF5FA, 0xF623, 0xF6FF, 0xFB69,
    0x0085, 0x07C4, 0x0981, 0x0AB9, 0x0A56, 0x0509, 0xFECA, 0xF7A2,
    0xF506, 0xF296, 0xF183, 0xF624, 0xFAED, 0x01B2, 0x058E, 0x0889,
    0x0A67, 0x06F5, 0x01FC, 0xFBAA, 0xF914, 0xF80A, 0xF4FD, 0xF6CC,
    0xFAA1, 0xFDA7, 0xFEF1, 0xFEDF, 0x00CB, 0xFE90, 0xFAE0, 0xF750,
    0xF80E, 0xFA55, 0xFB64, 0xFE59, 0x020D, 0x0589, 0x06B0, 0x076A,
    0x073A, 0x03EF, 0xFECB, 0xF97D, 0xF89F, 0xFA7C, 0xFCB5, 0x011E,
    0x0534, 0x0D77, 0x0FA7, 0x0D7E, 0x0C6C, 0x0837, 0x0285, 0xFA82,
    0xF6D0, 0xF61E, 0xF671, 0xF9EA, 0xFDF2, 0x054D, 0x09D8, 0x0B3B,
    0x0D3D, 0x0B05, 0x0920, 0x041F, 0x00CB, 0xFFD8, 0xFF3E, 0xFFE5,
    0x00D6, 0x0474, 0x0562, 0x03E5, 0x0298, 0xFF8E, 0xFB86, 0xF6D7,
    0xF4CD, 0xF4D8, 0xF6B1, 0xFB48, 0xFF59, 0x0448, 0x06CA, 0x081F,
    0x0690, 0x022F, 0xFD94, 0xF7CF, 0xF548, 0xF622, 0xF752, 0xFB73,
    0x0092, 0x0788, 0x0C2B, 0x0DA3, 0x0D31, 0x06C6, 0x0079, 0xF88A,
    0xF34C, 0xF10A, 0xEEBF, 0xF034, 0xF44A, 0xFBAF, 0x01FE, 0x0528,
    0x092F, 0x088E, 0x047E, 0xFFDD, 0xFDBE, 0xFCA0, 0xFA34, 0xF96B,
    0xFA86, 0x0001, 0x0329, 0x038C, 0x0323, 0x00BB, 0xFC77, 0xF738,
    0xF560, 0xF538, 0xF5BD, 0xF7C6, 0xF9F2, 0x002B, 0x05AC, 0x0846,
    0x08C2, 0x0758, 0x03B5, 0xFBFD, 0xF855, 0xF7E6, 0xF769, 0xF942,
    0xFDFA, 0x0575, 0x0C80, 0x11E8, 0x154C, 0x126B, 0x0D18, 0x0516,
    0xFC33, 0xF7EC, 0xF534, 0xF498, 0xF5AC, 0xFAD2, 0x008D, 0x05B7,
    0x0C50, 0x0DBA, 0x0B4F, 0x0713, 0x03AF, 0x0158, 0xFE7A, 0xFDB7,
    0xFD26, 0x008D, 0x03D4, 0x065D, 0x096E, 0x080A, 0x053B, 0xFEDB,
    0xFA8F, 0xF7A4, 0xF532, 0xF5F1, 0xF72E, 0xFB4F, 0xFF4B, 0x02A4,
    0x05EA, 0x080A, 0x0774, 0x010C, 0xFD34, 0xFA15, 0xF53C, 0xF56D,
    0xF6E9, 0xFC11, 0x01B6, 0x0641, 0x0AA2, 0x0B31, 0x09FE, 0x0480,
    0xFE67, 0xFA1C, 0xF543, 0xF0EB, 0xF05A, 0xF4A5, 0xF804, 0xFBF2,
    0x01D4, 0x061A, 0x08A3, 0x0640, 0x0317, 0xFFE2, 0xFA91, 0xF76D,
    0xF5A6, 0xF84B, 0xFC04, 0xFF00, 0x031A, 0x0469, 0x0473, 0x0258,
    0x00D9, 0xFE48, 0xFA4A, 0xF850, 0xF673, 0xF94E, 0xFC06, 0xFE46,
    0x0287, 0x045C, 0x0548, 0x02D4, 0x00E2, 0x00F5, 0xFCDA, 0xFA7C,
    0xFA5E, 0xFD2D, 0x026F, 0x0775, 0x0D55, 0x0F28, 0x0D3D, 0x0780,
    0x0372, 0x00DF, 0xFD08, 0xF981, 0xF73F, 0xF9A3, 0xFC61, 0x001B,
    0x065D, 0x0A55, 0x0C09, 0x09FD, 0x084C, 0x089B, 0x04E1, 0xFFBB,
    0xFB81, 0xFA99, 0xFB05, 0xFD27, 0x0119, 0x03B0, 0x0474, 0x00E6,
    0xFEB6, 0xFEF1, 0xFD6E, 0xFBD9, 0xF980, 0xFBAF, 0xFDCC, 0xFD43,
    0x0044, 0x033F, 0x0584, 0x025B, 0xFDFD, 0xFDD1, 0xFDD5, 0xFC4B,
    0xFBC6, 0xFE9C, 0x011B, 0x02BC, 0x0620, 0x08DD, 0x09DE, 0x0477,
    0xFDF0, 0xF8EF, 0xF5BC, 0xF4FF, 0xF205, 0xF3CB, 0xF787, 0xF9C7,
    0xFDB9, 0x039E, 0x0867, 0x0775, 0x034F, 0x0101, 0xFE35, 0xFB70,
    0xF8A9, 0xF8F8, 0xF9FD, 0xFB98, 0xFE37, 0xFF6B, 0x02E8, 0x0180,
    0xFE97, 0xFDD1, 0xFC09, 0xFB30, 0xFA45, 0xFC90, 0xFFE1, 0x009C,
    0x02B0, 0x0391, 0x043F, 0x0320, 0x000D, 0xFD40, 0xFAC6, 0xF960,
    0xF94C, 0xFDBA, 0x027A, 0x076E, 0x0CDD, 0x0E4C, 0x0F1E, 0x0AAA,
    0x03D8, 0xFEC7, 0xF933, 0xF5DC, 0xF331, 0xF585, 0xFB01, 0xFFAD,
    0x04F8, 0x0AED, 0x0FE0, 0x0F69, 0x0D6D, 0x0B12, 0x066A, 0x0212,
    0xFC1E, 0xFA1D, 0xFB84, 0xFCCA, 0xFFAC, 0x015A, 0x0382, 0x012D,
    0xFCE5, 0xFC75, 0xFAF9, 0xF9B1, 0xF7B9, 0xF77B, 0xFB5B, 0xFE69,
    0x010F, 0x03DE, 0x07CB, 0x072D, 0x0302, 0x0024, 0xFD60, 0xFC0C,
    0xF9C8, 0xFAEE, 0xFDB2, 0x015B, 0x0755, 0x0A06, 0x0D6D, 0x0C74,
    0x0574, 0xFD6B, 0xF6E3, 0xF38E, 0xEF06, 0xED6C, 0xEF0B, 0xF33E,
    0xF9C7, 0x009C, 0x089D, 0x0B71, 0x0BC8, 0x08AB, 0x0388, 0x01A1,
    0xFCD0, 0xF978, 0xF731, 0xF5C9, 0xF83B, 0xFB3E, 0xFF38, 0xFFA6,
    0xFDBE, 0xFCC5, 0xFA49, 0xF886, 0xF81E, 0xF880, 0xF9EC, 0xFD2B,
    0x0056, 0x0326, 0x0786, 0x076F, 0x055C, 0x03E5, 0xFF70, 0xFBBF,
    0xF908, 0xFB6B, 0xFFF2, 0x029F, 0x06A5, 0x0A6A, 0x0EB3, 0x0F96,
    0x0B7A, 0x064B, 0x0184, 0xFB82, 0xF4C0, 0xF311, 0xF491, 0xF6EF,
    0xFA4F, 0xFE57, 0x07ED, 0x0E3A, 0x1010, 0x109B, 0x0E08, 0x0BE6,
    0x0614, 0x016A, 0x0164, 0x0046, 0xFE3E, 0xFC0F, 0xFDE2, 0xFF44,
    0xFD2F, 0xFB88, 0xFB33, 0xFC14, 0xF877, 0xF5B7, 0xF783, 0xFA2B,
    0xFD72, 0xFE46, 0x01B2, 0x0430, 0x047E, 0x04D9, 0x0282, 0x0258,
    0xFF76, 0xFCC3, 0xFD74, 0x0141, 0x04B1, 0x0524, 0x0706, 0x0664,
    0x046B, 0x0218, 0xFDA7, 0xFA02, 0xF4D2, 0xF165, 0xF096, 0xF170,
    0xF54E, 0xF8AF, 0xFF6A, 0x048D, 0x0618, 0x0833, 0x0863, 0x0846,
    0x04F0, 0x0198, 0x004E, 0xFD94, 0xFC8C, 0xFB92, 0xFD2A, 0xFDC3,
    0xFA50, 0xF89E, 0xF8A4, 0xFA77, 0xF96E, 0xF8EA, 0xFB3C, 0xFBD5,
    0xFC86, 0xFCD9, 0x0012, 0x0190, 0xFEB6, 0xFD13, 0xFCA8, 0xFEB4,
    0xFE24, 0xFDCC, 0x027F, 0x07B3, 0x09C4, 0x09A7, 0x0BDA, 0x0C3E,
    0x0924, 0x039E, 0xFE96, 0xFD3D, 0xF8E9, 0xF60A, 0xF737, 0xFA4E,
    0xFD04, 0xFD00, 0x01E5, 0x0700, 0x096D, 0x0AD7, 0x09A6, 0x0A55,
    0x0A6B, 0x090E, 0x08BC, 0x08CB, 0x0658, 0x00A5, 0xFECF, 0xFEBA,
    0xFCCE, 0xFAB6, 0xF965, 0xFA45, 0xFA2D, 0xFA3E, 0xFC0A, 0xFC45,
    0xFE3C, 0xFDEA, 0xFCE8, 0xFDC5, 0xFCA3, 0xFB79, 0xFB96, 0xFDE0,
    0xFDD6, 0xFF32, 0x044E, 0x0815, 0x09A3, 0x0A77, 0x0AF6, 0x07C2,
    0x0478, 0x018F, 0xFCC6, 0xFB23, 0xF6C3, 0xF1CC, 0xF238, 0xF4C5,
    0xF675, 0xF613, 0xFAD0, 0xFEA8, 0xFFD8, 0x01E3, 0x02D9, 0x0427,
    0x028E, 0x009F, 0x00F7, 0x02C0, 0x0275, 0xFE81, 0xFE06, 0xFF69,
    0xFBFD, 0xF899, 0xF823, 0xFA13, 0xFB3B, 0xFB66, 0xFDC1, 0x0023,
    0x022A, 0x00CE, 0x002A, 0x011E, 0xFEAF, 0xF9A1, 0xF5FD, 0xF7E2,
    0xF92D, 0xFA0B, 0xFED8, 0x0535, 0x0B7D, 0x0E10, 0x0F51, 0x0EB0,
    0x0AE6, 0x0603, 0xFF2D, 0xFCB2, 0xF975, 0xF5F4, 0xF637, 0xF86A,
    0xFD25, 0xFF29, 0x029C, 0x05A9, 0x0754, 0x08F9, 0x0758, 0x0849,
    0x0775, 0x05C3, 0x06F3, 0x07E7, 0x07DE, 0x047C, 0x0268, 0x00C4,
    0xFD44, 0xFB12, 0xF949, 0xF9B3, 0xFA04, 0xFADB, 0xFDB8, 0x00E8,
    0x032A, 0x0162, 0x00A9, 0x0175, 0xFF9F, 0xFAF3, 0xF7AC, 0xF8B6,
    0xF87A, 0xF8C8, 0xFCD6, 0x022C, 0x0761, 0x094D, 0x0A27, 0x0B68,
    0x09D2, 0x04F2, 0xFF7D, 0xFDD9, 0xF9D9, 0xF45F, 0xF30F, 0xF33A,
    0xF5FB, 0xF76F, 0xF9F9, 0xFE74, 0x0267, 0x0485, 0x0308, 0x0425,
    0x04B3, 0x010F, 0xFF5B, 0xFFB9, 0x00B3, 0xFE78, 0xFBC3, 0xFAFB,
    0xFA1A, 0xFA81, 0xF9BB, 0xFAA9, 0xFC52, 0xFD96, 0xFE2D, 0xFEA0,
    0x01C7, 0x0147, 0x00DD, 0x0273, 0x0236, 0x000E, 0xFC46, 0xFA55,
    0xF7F3, 0xF83A, 0xFAEF, 0xFD67, 0x02E5, 0x0636, 0x08FA, 0x0B30,
    0x0B27, 0x0985, 0x04B7, 0x0342, 0xFF08, 0xFA60, 0xF9A2, 0xF777,
    0xF7F3, 0xF995, 0xFD14, 0x0159, 0x05B6, 0x0930, 0x0A79, 0x0CE8,
    0x0CA0, 0x092B, 0x0737, 0x05E4, 0x046F, 0x0102, 0xFE4A, 0xFD82,
    0xFBD6, 0xFB12, 0xFA3C, 0xFC36, 0xFDAA, 0xFE87, 0xFF93, 0x00C1,
    0x02F5, 0x0148, 0xFF08, 0xFEC4, 0xFF68, 0xFE90, 0xFD03, 0xFE95,
    0xFEBB, 0xFE7E, 0xFFD7, 0xFFD3, 0x02D6, 0x0359, 0x025B, 0x02D6,
    0x02C6, 0x0297, 0xFF81, 0xFF0C, 0xFE7F, 0xFB8C, 0xF9BB, 0xF860,
    0xF8EB, 0xF863, 0xF876, 0xFA72, 0xFD4C, 0x01DC, 0x041E, 0x06FA,
    0x08D0, 0x07CF, 0x0596, 0x029A, 0x00B9, 0xFC63, 0xF74A, 0xF466,
    0xF2E9, 0xF2C6, 0xF430, 0xF85F, 0xFB14, 0xFE14, 0x011A, 0x028C,
    0x0482, 0x02F5, 0x01EC, 0xFFCA, 0xFE02, 0xFD20, 0xFA21, 0xFB61,
    0xFCF7, 0xFD9E, 0x00CA, 0x0311, 0x0680, 0x0734, 0x0708, 0x073C,
    0x0442, 0x0237, 0xFE67, 0xFCC9, 0xFB85, 0xF97A, 0xF93D, 0xF9D7,
    0xFCDC, 0xFDE4, 0xFF1C, 0x02F3, 0x0531, 0x075C, 0x099B, 0x0C65,
    0x0E76, 0x0E91, 0x0E36, 0x0BD5, 0x0B19, 0x0824, 0x0216, 0xFD08,
    0xF908, 0xF55F, 0xF27A, 0xF49D, 0xF68A, 0xF8F1, 0xFD51, 0x0090,
    0x052C, 0x054B, 0x03E6, 0x0204, 0xFF2A, 0xFEE0, 0xFBB7, 0xFBBA,
    0xFD05, 0xFDF2, 0x010D, 0x03BC, 0x085E, 0x0A24, 0x0A3A, 0x09A8,
    0x0671, 0x0311, 0xFE09, 0xF9A4, 0xF5ED, 0xF45C, 0xF3A4, 0xF352,
    0xF66D, 0xF83B, 0xF9B6, 0xFD19, 0xFFFB, 0x022C, 0x04F9, 0x0722,
    0x086E, 0x0906, 0x08B2, 0x06C7, 0x053E, 0x02FD, 0x0053, 0xFCF6,
    0xF8DD, 0xF62C, 0xF28B, 0xF2EE, 0xF3D6, 0xF524, 0xF8A2, 0xFAE8,
    0x0044, 0x0308, 0x041A, 0x04CB, 0x01A0, 0x0061, 0xFD4F, 0xFAE9,
    0xFA53, 0xF9FF, 0xFC9E, 0xFE18, 0x031E, 0x076B, 0x0962, 0x0BF6,
    0x0B70, 0x09D5, 0x04DE, 0xFEEF, 0xF9E0, 0xF4AA, 0xF224, 0xF118,
    0xF34D, 0xF731, 0xFAE5, 0xFF6B, 0x035E, 0x086C, 0x0B0C, 0x0C55,
    0x0DA2, 0x0EF1, 0x0EE1, 0x0D1F, 0x0C4B, 0x08A9, 0x068E, 0x0467,
    0x0054, 0xFDF6, 0xF9E7, 0xF766, 0xF5AC, 0xF61C, 0xF7EA, 0xF861,
    0xFCCC, 0xFFF6, 0x015C, 0x033E, 0x01C6, 0x0070, 0xFF47, 0xFE59,
    0xFCEE, 0xFCF5, 0xFF82, 0x004D, 0x03B8, 0x06E5, 0x086E, 0x0A78,
    0x0AD4, 0x0A18, 0x066B, 0x0280, 0xFE21, 0xF79A, 0xF43C, 0xF1DD,
    0xF028, 0xF0D7, 0xF315, 0xF5BC, 0xF8BF, 0xFE68, 0x0229, 0x04EE,
    0x0785, 0x0959, 0x0957, 0x079F, 0x06EC, 0x025B, 0xFF8C, 0xFEC8,
    0xFB75, 0xFAEE, 0xF92A, 0xF7E7, 0xF77B, 0xF789, 0xF879, 0xF886,
    0xFBC3, 0xFDF7, 0xFEF6, 0x0028, 0x0010, 0xFF51, 0xFE31, 0xFEC3,
    0xFE6F, 0xFE82, 0x0030, 0x001C, 0x0211, 0x04BC, 0x06D7, 0x08AC,
    0x0A55, 0x0BF1, 0x096A, 0x059E, 0x0172, 0xFB95, 0xF741, 0xF476,
    0xF3A7, 0xF423, 0xF62C, 0xF84A, 0xF9FB, 0xFE4E, 0x0175, 0x051A,
    0x08C3, 0x0C32, 0x0DF5, 0x0CB4, 0x0D12, 0x09B5, 0x063B, 0x04A2,
    0x0191, 0x0091, 0xFE15, 0xFBB0, 0xFAA2, 0xFA43, 0xFBFB, 0xFC2A,
    0xFE20, 0x00CB, 0x013D, 0x00F5, 0xFEBC, 0xFD26, 0xFA8F, 0xF953,
    0xF9DC, 0xFB6E, 0xFEF2, 0x00BA, 0x03B6, 0x061C, 0x076A, 0x093E,
    0x08D2, 0x0968, 0x07E8, 0x0471, 0x0102, 0xFCFF, 0xFAE1, 0xF88F,
    0xF7D9, 0xF6DA, 0xF796, 0xF94E, 0xF96C, 0xFBDA, 0xFCF9, 0xFFB7,
    0x0194, 0x034C, 0x0689, 0x05C8, 0x057B, 0x0348, 0xFFAB, 0xFD19,
    0xFA97, 0xFA5E, 0xF810, 0xF6F4, 0xF807, 0xF7BC, 0xF891, 0xFB34,
    0xFEB6, 0x008D, 0x0267, 0x02D1, 0x00CE, 0x0010, 0xFD4F, 0xF9AB,
    0xF94E, 0xFA03, 0xFAEF, 0xFC3E, 0xFFCC, 0x0303, 0x04F1, 0x0899,
    0x0A4E, 0x0B30, 0x0A79, 0x0772, 0x0308, 0xFEC1, 0xFBD9, 0xF717,
    0xF654, 0xF7F4, 0xF93A, 0xFB62, 0xFDEA, 0x0185, 0x02A8, 0x0558,
    0x07C9, 0x0890, 0x0A8F, 0x09E0, 0x0833, 0x0697, 0x0582, 0x02EE,
    0xFF9F, 0xFEFD, 0xFC35, 0xF95C, 0xF981, 0xF892, 0xF907, 0xFAD8,
    0xFDC4, 0x0013, 0x0269, 0x051C, 0x0411, 0x0319, 0x008E, 0xFCB6,
    0xFB0E, 0xFA35, 0xFA75, 0xFB2A, 0xFEC6, 0x0160, 0x0279, 0x0627,
    0x0865, 0x09A3, 0x08D9, 0x0753, 0x044B, 0xFFB6, 0xFD28, 0xF912,
    0xF758, 0xF748, 0xF6BE, 0xF81B, 0xFB30, 0xFEE7, 0xFF47, 0x0143,
    0x049E, 0x05C4, 0x072E, 0x076F, 0x06C0, 0x0431, 0x00C2, 0xFD54,
    0xFAAB, 0xF9D1, 0xF715, 0xF4F3, 0xF52E, 0xF460, 0xF4C3, 0xF67F,
    0xFA23, 0xFDC6, 0x003D, 0x0311, 0x0415, 0x0621, 0x053D, 0x0274,
    0x00AB, 0xFE48, 0xFC98, 0xFB9A, 0xFD4E, 0xFE7D, 0xFED2, 0x0133,
    0x03DE, 0x0818, 0x0899, 0x07AE, 0x05C0, 0x01FB, 0xFEFD, 0xFA42,
    0xF897, 0xF76B, 0xF6E0, 0xF863, 0xFB8D, 0x003F, 0x02E6, 0x04D3,
    0x07C3, 0x09E3, 0x0AC7, 0x0A6D, 0x0ABC, 0x0A92, 0x07FA, 0x05AA,
    0x0308, 0x00FA, 0xFDAD, 0xFA4D, 0xF90D, 0xF723, 0xF54F, 0xF3D6,
    0xF509, 0xF963, 0xFCE9, 0x0022, 0x0226, 0x0501, 0x0515, 0x0391,
    0x0334, 0x0106, 0xFF4E, 0xFD4C, 0xFE75, 0x0017, 0x00D0, 0x0221,
    0x02AA, 0x0614, 0x06FA, 0x057D, 0x04DD, 0x0271, 0xFF90, 0xFA83,
    0xF857, 0xF672, 0xF548, 0xF715, 0xF854, 0xFCBA, 0xFF5B, 0x008F,
    0x025D, 0x0525, 0x0873, 0x082C, 0x082F, 0x080F, 0x0502, 0x02E2,
    0x01A4, 0xFF59, 0xFBB3, 0xF931, 0xF695, 0xF3F8, 0xF3FF, 0xF2AE,
    0xF279, 0xF47E, 0xF74A, 0xFADC, 0xFEB5, 0x03BD, 0x04F9, 0x048B,
    0x04B2, 0x0216, 0x009A, 0xFFDF, 0x0062, 0x009E, 0x0114, 0x022E,
    0x02D7, 0x06D7, 0x0873, 0x086E, 0x06C8, 0x0396, 0x0086, 0xFBA2,
    0xFA43, 0xF79B, 0xF359, 0xF43C, 0xF658, 0xFB74, 0x006A, 0x0366,
    0x05E0, 0x06AF, 0x08BA, 0x0950, 0x0B2F, 0x0D46, 0x0B0A, 0x0851,
    0x06F1, 0x0607, 0x0334, 0x019D, 0xFFF3, 0xFB7B, 0xF902, 0xF5F7,
    0xF4C2, 0xF59C, 0xF688, 0xF8A5, 0xFACC, 0xFEF9, 0x0103, 0x01B3,
    0x037D, 0x02AD, 0xFFA5, 0xFD26, 0xFE38, 0xFF68, 0x00DC, 0x02BC,
    0x02D8, 0x05A0, 0x071F, 0x07CC, 0x08EB, 0x07A1, 0x056F, 0xFF8B,
    0xFBDD, 0xF9E0, 0xF5B5, 0xF4B9, 0xF538, 0xF6ED, 0xF95F, 0xFC6B,
    0x0048, 0x02B8, 0x05CB, 0x06B8, 0x0735, 0x08AB, 0x077E, 0x0640,
    0x043A, 0x0318, 0xFFC0, 0xFB9C, 0xFA9C, 0xF86C, 0xF849, 0xF6C2,
    0xF5B6, 0xF611, 0xF5AB, 0xF79F, 0xF9A2, 0xFDA8, 0xFF20, 0xFF66,
    0x007C, 0x003B, 0x0010, 0xFE1B, 0xFE9F, 0xFF06, 0xFF02, 0x0119,
    0x02AD, 0x05BB, 0x0770, 0x08F0, 0x09C9, 0x084B, 0x07BC, 0x04AA,
    0x0216, 0xFF95, 0xFA79, 0xF678, 0xF453, 0xF64E, 0xF913, 0xFB38,
    0xFDFD, 0x0068, 0x034C, 0x05C2, 0x09BD, 0x0D81, 0x0D33, 0x0CA4,
    0x0A3F, 0x0841, 0x065B, 0x02DF, 0x0055, 0xFC5F, 0xF9D7, 0xF7C5,
    0xF872, 0xF9C5, 0xF92E, 0xFA77, 0xFB97, 0xFE2D, 0xFF3B, 0x0095,
    0x0141, 0xFF49, 0xFEB6, 0xFAD2, 0xFA6D, 0xFCD2, 0xFE0F, 0x0075,
    0x00F6, 0x0286, 0x034C, 0x049A, 0x07C6, 0x07A5, 0x06BA, 0x04E5,
    0x031E, 0x0137, 0xFF20, 0xFD55, 0xF8F1, 0xF78C, 0xF6CD, 0xF783,
    0xFB54, 0xFD9D, 0xFED6, 0xFF40, 0x02D8, 0x06D0, 0x0868, 0x0AB2,
    0x09CF, 0x07C1, 0x056E, 0x0153, 0xFD4C, 0xFA85, 0xF86B, 0xF467,
    0xF451, 0xF5ED, 0xF5F0, 0xF8A3, 0xFBC9, 0xFF30, 0x007A, 0x009B,
    0x0166, 0x0050, 0xFFB2, 0xFD24, 0xF9E8, 0xF9F0, 0xFA40, 0xFBCF,
    0xFE91, 0x0290, 0x046E, 0x03CA, 0x0533, 0x06B2, 0x07DC, 0x060F,
    0x03F9, 0x0263, 0xFFF0, 0xFFA8, 0xFCBC, 0xFC7A, 0xFD75, 0xFC10,
    0xFD0C, 0xFD9D, 0xFF89, 0xFFE6, 0x0221, 0x0607, 0x07AC, 0x0ABE,
    0x0AFC, 0x0B77, 0x0B82, 0x0A1D, 0x06AA, 0x0092, 0xFDD9, 0xF96C,
    0xF6F7, 0xF7DF, 0xF725, 0xF7A9, 0xF8B8, 0xFD37, 0x0135, 0x0343,
    0x0497, 0x0259, 0x0052, 0xFDD7, 0xFC1F, 0xFB98, 0xFA33, 0xFACF,
    0xFB9B, 0xFE52, 0x0246, 0x046E, 0x060C, 0x06EA, 0x0764, 0x050E,
    0x02EE, 0x01BC, 0xFEDF, 0xFCF9, 0xFAB4, 0xF96E, 0xF97D, 0xFA6F,
    0xFD00, 0xFE68, 0x004A, 0xFF69, 0xFEB1, 0x0191, 0x03D4, 0x0603,
    0x05BC, 0x0595, 0x0527, 0x03DF, 0x03CF, 0x0148, 0xFE75, 0xF9CD,
    0xF597, 0xF3FC, 0xF41F, 0xF6B1, 0xF702, 0xF965, 0xFDB1, 0x0071,
    0x039B, 0x0536, 0x04E0, 0x01B0, 0xFE3B, 0xFC07, 0xF9D8, 0xFA21,
    0xFAAC, 0xFB32, 0xFE1B, 0x0162, 0x03F0, 0x05DB, 0x08EE, 0x09BE,
    0x078B, 0x0456, 0x0034, 0xFDD7, 0xFB25, 0xFA26, 0xF978, 0xF8EF,
    0xFB44, 0xFCB1, 0x0029, 0x03E1, 0x0541, 0x069C, 0x0770, 0x09C8,
    0x0A1C, 0x0B16, 0x0B8B, 0x08F9, 0x07E2, 0x0538, 0x039D, 0x00A3,
    0xFD97, 0xFA6E, 0xF6B2, 0xF707, 0xF68B, 0xF77D, 0xFA9E, 0xFD6C,
    0x0004, 0x0146, 0x024D, 0x0197, 0x0049, 0xFEE3, 0xFCF2, 0xFAFE,
    0xF8C0, 0xF910, 0xFAEE, 0xFE96, 0x025E, 0x0409, 0x06BE, 0x089B,
    0x0987, 0x087D, 0x053D, 0x0206, 0xFC10, 0xF792, 0xF62A, 0xF5DD,
    0xF727, 0xF7B6, 0xF97A, 0xFBFC, 0xFFB1, 0x02FD, 0x0472, 0x07E0,
    0x07FF, 0x06B1, 0x0619, 0x04D5, 0x044A, 0x019B, 0x006B, 0xFEEC,
    0xFBF9, 0xFA05, 0xF731, 0xF71F, 0xF7CC, 0xF7F4, 0xF839, 0xFA45,
    0xFED0, 0x0083, 0x0180, 0x0175, 0xFFF4, 0xFE67, 0xFD06, 0xFD46,
    0xFC48, 0xFBD7, 0xFB43, 0xFAC4, 0xFE68, 0x0255, 0x056F, 0x0798,
    0x0A20, 0x0A4D, 0x0860, 0x07E6, 0x0386, 0xFF0B, 0xFB8A, 0xF7A5,
    0xF71A, 0xF6C6, 0xF7EC, 0xF9DC, 0xFD09, 0x01AC, 0x03FC, 0x0881,
    0x0C23, 0x0D98, 0x0DEF, 0x0BCD, 0x0945, 0x05DC, 0x03DF, 0x01AC,
    0x0039, 0xFEE8, 0xFBE3, 0xFAEA, 0xFAD3, 0xFC33, 0xFD01, 0xFCA0,
    0xFEAE, 0xFF1A, 0xFF2D, 0xFFE1, 0xFF56, 0xFE15, 0xFC2B, 0xFC1B,
    0xFB9F, 0xFC2F, 0xFBC8, 0xFB11, 0xFCD0, 0xFDB4, 0x004A, 0x023F,
    0x0544, 0x089D, 0x082F, 0x07CF, 0x0512, 0x01E8, 0xFF0F, 0xFACD,
    0xF9BA, 0xF794, 0xF54F, 0xF419, 0xF4F0, 0xF922, 0xFBED, 0x004F,
    0x039C, 0x06F2, 0x09A8, 0x08F9, 0x08C4, 0x059C, 0x0237, 0xFE7C,
    0xFB2A, 0xFA8B, 0xF863, 0xF73D, 0xF6CC, 0xF8B3, 0xFBCA, 0xFD9F,
    0xFFA7, 0x00D4, 0x0264, 0x00CD, 0xFDD0, 0xFC2B, 0xFA57, 0xFA73,
    0xF97E, 0xFAAE, 0xFCC0, 0xFD09, 0xFF04, 0xFFD9, 0x032E, 0x0552,
    0x0536, 0x06C8, 0x07B7, 0x0846, 0x05A6, 0x039A, 0x021C, 0xFF77,
    0xFEB9, 0xFCCF, 0xFC77, 0xFBB1, 0xF9FF, 0xF995, 0xFA38, 0xFF1C,
    0x0226, 0x055D, 0x09BE, 0x0C29, 0x0D37, 0x0BAE, 0x0A41, 0x0883,
    0x0531, 0x0122, 0xFE0B, 0xFC46, 0xFA3A, 0xF96D, 0xFAB4, 0xFCCF,
    0xFF53, 0x009A, 0x035A, 0x0478, 0x02E1, 0x004E, 0xFB83, 0xF9DB,
    0xF81C, 0xF6A7, 0xF7CD, 0xF8A1, 0xFC1D, 0xFD3C, 0x0019, 0x0507,
    0x063C, 0x0704, 0x063C, 0x06E6, 0x0450, 0x00CA, 0xFEFB, 0xFC89,
    0xFCCB, 0xFAD1, 0xFAD9, 0xFC31, 0xFC1F, 0xFBFA, 0xFA40, 0xFC42,
    0xFC93, 0xFC85, 0xFE98, 0x00A2, 0x0402, 0x03BF, 0x03C7, 0x0431,
    0x03BE, 0x0194, 0xFDE8, 0xFC92, 0xFA7C, 0xF840, 0xF6E0, 0xF8F7,
    0xFD20, 0xFD4F, 0xFFA2, 0x0351, 0x042E, 0x0381, 0xFF4C, 0xFCFC,
    0xF9F7, 0xF69A, 0xF557, 0xF519, 0xF959, 0xFB2B, 0xFD5F, 0x02AE,
    0x069D, 0x0946, 0x098C, 0x0A95, 0x0962, 0x0618, 0x0136, 0xFCD6,
    0xFD69, 0xFBAD, 0xFA69, 0xFBCA, 0xFE91, 0x00D8, 0x0031, 0x01C1,
    0x03F6, 0x042E, 0x03D7, 0x033E, 0x04B8, 0x053D, 0x04FB, 0x04E7,
    0x0541, 0x0687, 0x0552, 0x0451, 0x02F8, 0x01D2, 0xFE4D, 0xFAE9,
    0xFC6E, 0xFCD8, 0xFE17, 0x005C, 0x0230, 0x048C, 0x02D1, 0x00C7,
    0xFEA5, 0xFBFC, 0xF9FA, 0xF639, 0xF6FC, 0xF83C, 0xFA92, 0xFD6C,
    0x0036, 0x0540, 0x0737, 0x0961, 0x09B6, 0x07F8, 0x050A, 0xFF83,
    0xFC70, 0xF966, 0xF783, 0xF768, 0xF8B7, 0xFBC8, 0xFCB0, 0xFEA1,
    0xFF48, 0x003B, 0x010B, 0xFFDA, 0x002A, 0xFE52, 0xFD68, 0xFCF5,
    0xFBF5, 0xFCFB, 0xFC9D, 0xFD32, 0xFE96, 0xFFA4, 0xFFD2, 0xFE45,
    0xFF5E, 0xFE22, 0xFDEB, 0xFEE8, 0xFF5B, 0x005C, 0xFE80, 0xFE27,
    0xFCB6, 0xFB96, 0xFAD1, 0xF91E, 0xFAE1, 0xFAE8, 0xFB7D, 0xFD45,
    0xFE42, 0x01FD, 0x0462, 0x06C7, 0x07F2, 0x0939, 0x0849, 0x0501,
    0x02F7, 0xFFFA, 0xFD72, 0xFAFF, 0xFA9E, 0xFC11, 0xFCFD, 0xFF96,
    0x01C7, 0x0398, 0x05F4, 0x068E, 0x0789, 0x06A0, 0x05D5, 0x03E6,
    0x00E1, 0x0067, 0xFF29, 0xFF3F, 0x002B, 0x013B, 0x02D5, 0x0328,
    0x047B, 0x03AE, 0x0410, 0x04F4, 0x034C, 0x02D7, 0x0082, 0xFF84,
    0xFD9C, 0xFB84, 0xFAB5, 0xF940, 0xFACF, 0xFA4C, 0xFB55, 0xFE46,
    0xFE6A, 0xFF3D, 0x004F, 0x02CC, 0x045C, 0x0574, 0x05F2, 0x0401,
    0x031A, 0x00C6, 0xFED4, 0xFD5C, 0xFC85, 0xFC3B, 0xFA7E, 0xFB2A,
    0xFC1B, 0xFCB4, 0xFE34, 0xFF63, 0x0184, 0x0270, 0x024A, 0x011C,
    0xFE89, 0xFD70, 0xF9F2, 0xF7E0, 0xF7D8, 0xF871, 0xFA31, 0xFB74,
    0xFE67, 0xFFB9, 0x0219, 0x04AE, 0x0433, 0x0543, 0x0350, 0x0049,
    0xFCF7, 0xF9D7, 0xF91D, 0xF74E, 0xF996, 0xFA8C, 0xFC53, 0xFF63,
    0xFF7F, 0x00A7, 0x012B, 0x024A, 0x021A, 0x0242, 0x03AE, 0x031D,
    0x0332, 0x01EC, 0x00DE, 0x0104, 0x005F, 0x0043, 0xFF58, 0x0085,
    0x009B, 0xFF5C, 0x002B, 0x018C, 0x03C4, 0x04C6, 0x063C, 0x077B,
    0x05E2, 0x04B4, 0x0108, 0xFFFD, 0xFFB1, 0xFCA1, 0xFBC6, 0xFBDC,
    0xFE93, 0xFF5E, 0x0111, 0x0462, 0x069E, 0x08F5, 0x0814, 0x0713,
    0x0543, 0x01AC, 0xFD63, 0xF926, 0xF9A7, 0xF98C, 0xFA64, 0xFD45,
    0xFE68, 0x00D0, 0x0113, 0x021A, 0x038A, 0x0366, 0x023C, 0x0013,
    0xFFC6, 0xFE2C, 0xFCFC, 0xFCF7, 0xFEB8, 0x00A0, 0x0033, 0x0128,
    0x00B5, 0x0030, 0xFFA0, 0xFCCA, 0xFC9A, 0xFD33, 0xFE96, 0xFFF5,
    0xFF46, 0x0068, 0xFE66, 0xFD2C, 0xFD33, 0xFB8B, 0xFAE2, 0xF965,
    0xF8E7, 0xF824, 0xF9EA, 0xFBA1, 0xFDE3, 0x0248, 0x030D, 0x0418,
    0x04B8, 0x02F1, 0x0067, 0xFDA5, 0xFC23, 0xFAC5, 0xFAD3, 0xFCB2,
    0xFD38, 0xFEEB, 0x0081, 0x0175, 0x02D4, 0x040D, 0x03EF, 0x0297,
    0x0247, 0xFF3B, 0xFB7F, 0xFAD4, 0xFB3E, 0xFD08, 0xFEE6, 0x01CB,
    0x03CA, 0x04C2, 0x079C, 0x05F8, 0x04FF, 0x052E, 0x038B, 0x02FD,
    0x018B, 0x0275, 0x005B, 0xFFBD, 0x0155, 0x0102, 0x029F, 0x0144,
    0x008F, 0xFEDF, 0xFE07, 0xFD29, 0xFB38, 0xFEA1, 0x0029, 0x01BF,
    0x040A, 0x043D, 0x0401, 0x024A, 0x017D, 0xFFA6, 0xFFDE, 0xFF73,
    0xFD22, 0xFD5F, 0xFE03, 0xFF57, 0x004F, 0x02C7, 0x0506, 0x0444,
    0x04A0, 0x02A8, 0xFFDD, 0xFD56, 0xFA50, 0xF99D, 0xF99B, 0xFBC6,
    0xFD7E, 0xFEE7, 0x01DD, 0x02D8, 0x032C, 0x0359, 0x0321, 0x02B1,
    0x000B, 0xFDE6, 0xFA31, 0xF920, 0xF96F, 0xF90A, 0xFBF3, 0xFCB9,
    0xFDB9, 0xFEB7, 0xFF4E, 0xFF20, 0xFD0F, 0xFCE9, 0xFC2F, 0xFB01,
    0xFC0C, 0xFC7F, 0xFD2F, 0xFE27, 0xFF69, 0x0024, 0x0225, 0x040F,
    0x02B4, 0x0211, 0xFFAF, 0xFDB1, 0xFD43, 0xFE12, 0x0090, 0x0181,
    0x039D, 0x03C9, 0x020D, 0x01A3, 0xFE44, 0xFC1E, 0xFB1F, 0xFA45,
    0xF9F6, 0xFAED, 0xFF3B, 0x01FE, 0x0533, 0x07A5, 0x09C3, 0x0B73,
    0x09D8, 0x080B, 0x0344, 0xFFB5, 0xFCB0, 0xF9D1, 0xFBAE, 0xFD1A,
    0xFEC4, 0x00D7, 0x0333, 0x0485, 0x033E, 0x02A2, 0x015F, 0xFFF3,
    0xFDFE, 0xFBB9, 0xFB92, 0xFC2D, 0xFDC9, 0xFE26, 0x0149, 0x047D,
    0x03D1, 0x04F8, 0x03F3, 0x02FD, 0x0167, 0xFF09, 0xFF53, 0xFF6D,
    0x00D4, 0x01A3, 0x021A, 0x0328, 0x0183, 0xFFBA, 0xFE1E, 0xFD27,
    0xFB3C, 0xF8E7, 0xF96D, 0xF9BB, 0xFC92, 0xFEB0, 0x017E, 0x0630,
    0x06AA, 0x068A, 0x03F5, 0x011C, 0xFDE8, 0xF8A7, 0xF699, 0xF5C0,
    0xF5F7, 0xF6E4, 0xF9EE, 0xFE45, 0x00C2, 0x01D7, 0x0111, 0x01E0,
    0x00B4, 0xFD49, 0xFBA1, 0xFA24, 0xFA10, 0xF95A, 0xFBB8, 0x001B,
    0x0282, 0x0556, 0x04F0, 0x044C, 0x0471, 0x020C, 0x0123, 0x012A,
    0x015C, 0xFFB8, 0xFF12, 0x0192, 0x0118, 0x008D, 0xFEF5, 0xFDCE,
    0xFD91, 0xFB55, 0xFB1A, 0xFB00, 0xFD42, 0xFED5, 0xFF76, 0x03FC,
    0x0699, 0x085E, 0x084D, 0x07CC, 0x0616, 0x0245, 0x009E, 0xFE62,
    0xFD6B, 0xFBB4, 0xFA64, 0xFC35, 0xFE28, 0x005A, 0x00D6, 0x02C8,
    0x0419, 0x020F, 0x0170, 0x0102, 0x00B4, 0xFE2E, 0xFC7A, 0xFCDA,
    0xFD20, 0xFF77, 0xFF6A, 0xFF87, 0x0225, 0x0287, 0x0289, 0x0346,
    0x051C, 0x039F, 0x00F0, 0x01E9, 0x005D, 0xFF4E, 0xFE0F, 0xFCEF,
    0xFDB7, 0xFD92, 0xFD1E, 0xFBA9, 0xFD8D, 0xFEEB, 0xFD96, 0xFE93,
    0x0047, 0x00F1, 0x0040, 0x010E, 0x0208, 0x0133, 0x0009, 0xFDAB,
    0xFCB0, 0xFC4A, 0xFA2C, 0xF890, 0xF81C, 0xF99A, 0xF969, 0xFAEF,
    0xFE0D, 0xFF42, 0x00AC, 0x00DA, 0x0211, 0x028A, 0x01DF, 0x00A3,
    0xFE62, 0xFEC0, 0xFE44, 0xFCD8, 0xFD49, 0xFEED, 0x01BC, 0x02CD,
    0x04F1, 0x0601, 0x0495, 0x04E0, 0x029B, 0x0100, 0xFEFC, 0xFC89,
    0xFB9A, 0xFB60, 0xFDDB, 0xFED6, 0x0093, 0x02CE, 0x0431, 0x0589,
    0x04BB, 0x0461, 0x0222, 0x0074, 0x0010, 0xFF35, 0x00DD, 0x0112,
    0x020E, 0x021E, 0x0161, 0x0138, 0xFE7E, 0xFD03, 0xFADE, 0xF9C4,
    0xFA83, 0xFC09, 0xFF74, 0x01E4, 0x0514, 0x06B3, 0x06CC, 0x0656,
    0x0398, 0x01A3, 0xFE37, 0xFB4D, 0xFA3A, 0xF95C, 0xFBC0, 0xFEA1,
    0x020D, 0x0529, 0x05EC, 0x06AE, 0x052C, 0x0346, 0x006B, 0xFC84,
    0xF9B8, 0xF7FC, 0xF938, 0xFAB6, 0xFDB4, 0x008B, 0x0264, 0x0505,
    0x0497, 0x048C, 0x0264, 0xFEFB, 0xFCBB, 0xF9D0, 0xFA73, 0xFA45,
    0xFB12, 0xFCF3, 0xFD02, 0xFE96, 0xFDF8, 0xFDF6, 0xFC72, 0xFB03,
    0xFA85, 0xF874, 0xFA6C, 0xFBF9, 0xFEA2, 0x0163, 0x0439, 0x07C2,
    0x06C9, 0x06FB, 0x04E6, 0x01DA, 0xFFE1, 0xFC55, 0xFB3B, 0xFB78,
    0xFDF3, 0xFFFC, 0x01DC, 0x0543, 0x05C6, 0x04E6, 0x032A, 0x00FE,
    0xFDFC, 0xFB4C, 0xFA45, 0xF985, 0xFBEB, 0xFF64, 0x026D, 0x06F0,
    0x09C5, 0x0B13, 0x0AEE, 0x094A, 0x0670, 0x015D, 0xFE83, 0xFBBE,
    0xFA10, 0xFB06, 0xFBB2, 0xFDA0, 0xFEB9, 0x007B, 0x0045, 0xFED6,
    0xFEDE, 0xFD3B, 0xFD77, 0xFDF6, 0xFE3B, 0xFF4E, 0x00C3, 0x036B,
    0x03A2, 0x04F6, 0x058E, 0x034B, 0x01CA, 0xFFA1, 0xFEF6, 0xFDAE,
    0xFD5D, 0xFD48, 0xFDE3, 0x0198, 0x0272, 0x023B, 0x0165, 0x00BE,
    0xFED1, 0xFC06, 0xFC44, 0xFB16, 0xFAF7, 0xFC58, 0xFD5A, 0x00ED,
    0x037B, 0x0597, 0x0659, 0x071F, 0x0751, 0x02D1, 0x0078, 0xFD3C,
    0xF9B6, 0xF701, 0xF48D, 0xF4DE, 0xF51D, 0xF797, 0xF92B, 0xFA8C,
    0xFD59, 0xFDBF, 0xFE65, 0xFF9D, 0x014D, 0x00BC, 0xFF00, 0xFFA8,
    0xFFC9, 0x01A9, 0x02E6, 0x02E3, 0x0386, 0x0360, 0x03D5, 0x02C6,
    0x02CE, 0x0235, 0x0031, 0x00A2, 0x0075, 0x0063, 0xFF4C, 0xFE43,
    0xFD55, 0xFBDF, 0xFCCC, 0xFC91, 0xFD2E, 0xFE36, 0xFEFA, 0x01CA,
    0x038D, 0x0626, 0x0871, 0x0A25, 0x0B96, 0x0943, 0x07EF, 0x0536,
    0x018E, 0xFF41, 0xFC02, 0xFAD3, 0xF7AD, 0xF69D, 0xF75A, 0xF8A1,
    0xFB8B, 0xFC89, 0xFF5C, 0x026B, 0x05A4, 0x06C7, 0x056C, 0x0525,
    0x028E, 0x0041, 0xFEBA, 0xFE8A, 0xFFB7, 0xFEE3, 0x0009, 0x015B,
    0x0384, 0x04B7, 0x03FB, 0x049E, 0x0369, 0x01A5, 0xFDC9, 0xFAB1,
    0xF97F, 0xF79F, 0xF7DF, 0xF914, 0xFB7E, 0xFD9F, 0xFE99, 0x01C2,
    0x0392, 0x04D1, 0x043C, 0x0369, 0x05C4, 0x04F7, 0x042A, 0x02E5,
    0x00D7, 0xFFA8, 0xFC6C, 0xFA74, 0xF86D, 0xF624, 0xF3EB, 0xF215,
    0xF2FC, 0xF3C5, 0xF6BF, 0xFA30, 0xFF0F, 0x0367, 0x044E, 0x064F,
    0x0550, 0x044D, 0x0296, 0xFFEC, 0xFF33, 0xFD4F, 0xFDCC, 0xFF4F,
    0x019C, 0x044A, 0x053A, 0x0773, 0x084F, 0x07DD, 0x0500, 0x00EF,
    0xFCE6, 0xF7B6, 0xF61F, 0xF5D0, 0xF83B, 0xFBC1, 0xFD87, 0x024D,
    0x0621, 0x0922, 0x0A18, 0x09C6, 0x0A5A, 0x06EA, 0x0450, 0x02EA,
    0x0200, 0x019D, 0x0004, 0x0028, 0xFF1C, 0xFE98, 0xFCBF, 0xFA78,
    0xFA01, 0xF7D6, 0xF6AE, 0xF708, 0xFB36, 0x0000, 0x020E, 0x05B4,
    0x06BD, 0x06FC, 0x05B2, 0x02E2, 0x0194, 0xFE9F, 0xFC8A, 0xFA2D,
    0xFBAB, 0xFFE4, 0x0224, 0x0524, 0x0811, 0x0A1D, 0x0845, 0x05B0,
    0x02B7, 0xFC72, 0xF817, 0xF45D, 0xF2FA, 0xF567, 0xF84F, 0xFBE3,
    0xFF80, 0x04C6, 0x0707, 0x06E7, 0x08F8, 0x0800, 0x04F1, 0x021D,
    0xFEA9, 0xFBC1, 0xFA48, 0xFAE9, 0xFA90, 0xFB1E, 0xFB47, 0xF95B,
    0xF979, 0xF898, 0xF75F, 0xF605, 0xF6F6, 0xF994, 0xF9F0, 0xFE0D,
    0x0156, 0x0289, 0x03D8, 0x03DF, 0x03F5, 0x02E4, 0x028E, 0xFF9C,
    0xFE66, 0xFFEE, 0xFF94, 0x0128, 0x0487, 0x08A9, 0x0854, 0x06F1,
    0x075E, 0x0261, 0xFE06, 0xFA5A, 0xF725, 0xF79A, 0xF7C0, 0xF962,
    0xFCE7, 0x0381, 0x07BC, 0x08AC, 0x0B73, 0x0BFB, 0x0AAB, 0x0758,
    0x04D1, 0x020D, 0xFDB7, 0xFBEE, 0xF98D, 0xFAEB, 0xFDE9, 0xFD2D,
    0xFE1D, 0xFECE, 0xFF53, 0xFDC8, 0xFD45, 0xFF82, 0xFF21, 0xFF17,
    0xFF09, 0x000F, 0x0073, 0x003B, 0x004F, 0xFFEC, 0x0178, 0x0081,
    0xFFC3, 0x0180, 0x017F, 0x019F, 0x019B, 0x0318, 0x034D, 0x02B8,
    0x0387, 0x012E, 0xFF38, 0xFC3C, 0xF9B0, 0xF9BA, 0xFA4C, 0xFB5E,
    0xFBD5, 0xFE8F, 0x0137, 0x02AE, 0x05E2, 0x0776, 0x07B9, 0x05C5,
    0x032D, 0x01EB, 0xFE2F, 0xFA89, 0xF6CE, 0xF5C0, 0xF58B, 0xF4A7,
    0xF6E5, 0xF971, 0xFC16, 0xFCA6, 0xFD87, 0x005E, 0x00EE, 0x0101,
    0xFFE6, 0xFF61, 0xFEEC, 0xFCE7, 0xFC3A, 0xFCAA, 0xFEB9, 0xFFA1,
    0xFFE6, 0x01EC, 0x0372, 0x043F, 0x03CB, 0x04DC, 0x053B, 0x02C2,
    0x01BF, 0x0033, 0x0017, 0xFE47, 0xFB4A, 0xFCB9, 0xFE33, 0x001A,
    0x017D, 0x034E, 0x0594, 0x05D9, 0x0668, 0x06A2, 0x0744, 0x071D,
    0x0530, 0x03CF, 0x019B, 0x0003, 0xFC8B, 0xFB39, 0xFB22, 0xF96F,
    0xF9EC, 0xF96B, 0xFAC0, 0xFCA8, 0xFEAF, 0x0204, 0x0413, 0x065A,
    0x068A, 0x05EC, 0x044E, 0x0133, 0xFDF6, 0xFA8B, 0xFA22, 0xF9B7,
    0xFB19, 0xFE08, 0xFFB4, 0x0250, 0x0359, 0x0509, 0x0628, 0x0430,
    0x02C7, 0xFF0D, 0xFC1D, 0xFA93, 0xF83B, 0xF968, 0xFB6C, 0xFEAD,
    0x0167, 0x03F1, 0x062A, 0x0693, 0x073C, 0x05DB, 0x04A0, 0x0216,
    0xFF7F, 0xFEFE, 0xFD27, 0xFC9D, 0xFA36, 0xF7D7, 0xF82D, 0xF737,
    0xF71C, 0xF6AC, 0xF776, 0xF7F6, 0xF7E9, 0xFAC8, 0xFE01, 0x01B4,
    0x0402, 0x0558, 0x04F7, 0x039F, 0x0360, 0x0020, 0xFD99, 0xFBC4,
    0xFA3D, 0xFB03, 0xFBB9, 0xFF87, 0x0187, 0x0358, 0x05E8, 0x0528,
    0x059B, 0x041B, 0x00E8, 0xFD44, 0xFA23, 0xF8CF, 0xF878, 0xFBDF,
    0x002B, 0x0448, 0x07F2, 0x0A19, 0x0C14, 0x0C96, 0x0BF6, 0x07A6,
    0x03B2, 0x0230, 0xFDC0, 0xFBC9, 0xFB7D, 0xFBA5, 0xFB4A, 0xFAB0,
    0xFBCD, 0xFC0C, 0xFCA9, 0xFC09, 0xFB35, 0xFCB9, 0xFE72, 0xFF8C,
    0x0135, 0x0540, 0x0716, 0x0645, 0x066A, 0x050C, 0x02F6, 0xFFBD,
    0xFCA8, 0xFC0C, 0xFB3B, 0xFB95, 0xFC9D, 0xFE28, 0x01E9, 0x0255,
    0x0157, 0x01B8, 0xFFF7, 0xFCBA, 0xF9D0, 0xF954, 0xF8AC, 0xF8F5,
    0xFB74, 0xFF2B, 0x0465, 0x075A, 0x09C9, 0x0AC5, 0x0BED, 0x09B5,
    0x0478, 0x0341, 0xFF76, 0xFB7B, 0xF7F5, 0xF5AD, 0xF598, 0xF585,
    0xF71A, 0xF74C, 0xF97C, 0xFA0E, 0xF8CC, 0xFA5C, 0xFB63, 0xFD52,
    0xFC75, 0xFE7C, 0x01C4, 0x0139, 0x0336, 0x03BC, 0x04B5, 0x033D,
    0x0063, 0x0051, 0xFFB1, 0x0026, 0xFE8B, 0xFDD2, 0xFF45, 0x004C,
    0x0117, 0x0104, 0x0204, 0x0003, 0xFD61, 0xFBFE, 0xFBCB, 0xFDB0,
    0xFD82, 0xFF56, 0x031D, 0x0650, 0x090E, 0x0B35, 0x0DC8, 0x0CD3,
    0x0929, 0x0699, 0x0409, 0x01E3, 0xFE5F, 0xFAA6, 0xF8E0, 0xF844,
    0xF8D9, 0xF8E0, 0xFB8B, 0xFE8C, 0xFE3C, 0xFE7F, 0xFF98, 0x01E0,
    0x020B, 0x010C, 0x024D, 0x01B0, 0x01BC, 0x014D, 0x01AB, 0x0280,
    0x00BC, 0x004E, 0xFF4F, 0x01AC, 0x02A7, 0x00CC, 0x00FB, 0x006C,
    0xFFCD, 0xFD43, 0xFCC1, 0xFC25, 0xF9E0, 0xF971, 0xF8B0, 0xFB1D,
    0xFCF3, 0xFE87, 0x012C, 0x03D1, 0x06AE, 0x0669, 0x081B, 0x08C8,
    0x0730, 0x0565, 0x02F9, 0x0129, 0xFDA7, 0xFB20, 0xF8C1, 0xF6D3,
    0xF6D2, 0xF4BB, 0xF451, 0xF61D, 0xF839, 0xF9D5, 0xFB41, 0xFE01,
    0xFF95, 0x003D, 0x016C, 0x01AC, 0x010E, 0x002F, 0xFEDD, 0xFEB5,
    0xFEC1, 0xFF26, 0xFECA, 0x00AD, 0x02CD, 0x034B, 0x0463, 0x0494,
    0x0560, 0x02F5, 0x0069, 0xFEAA, 0xFB71, 0xFA63, 0xF97E, 0xFACB,
    0xFCAD, 0xFE76, 0x0128, 0x038E, 0x07A0, 0x08D6, 0x09FE, 0x09BA,
    0x071E, 0x064E, 0x042F, 0x0431, 0x01C8, 0xFF90, 0xFE62, 0xFB6D,
    0xFCA1, 0xFC55, 0xFAE8, 0xFB10, 0xFB0A, 0xFB3F, 0xFC03, 0xFF9E,
    0x0144, 0x01DF, 0x02D3, 0x0298, 0x0401, 0x02DA, 0x0207, 0x0042,
    0xFE4C, 0xFDC1, 0xFC51, 0xFDF8, 0xFFD3, 0x01A0, 0x037A, 0x03FD,
    0x0548, 0x03A1, 0x0274, 0x00E5, 0xFD21, 0xF9E0, 0xF7BA, 0xF8D7,
    0xFA77, 0xFCA4, 0xFE94, 0x0049, 0x03EA, 0x056A, 0x0760, 0x0953,
    0x091F, 0x05F6, 0x0277, 0x02C5, 0x005C, 0xFF67, 0xFE02, 0xFB34,
    0xFA93, 0xF97E, 0xF803, 0xF8FC, 0xF879, 0xF8B5, 0xF946, 0xFB75,
    0xFF01, 0xFF4D, 0x016A, 0x016E, 0x0288, 0x0224, 0x0046, 0xFF77,
    0xFF18, 0xFDFB, 0xFC2E, 0xFCD6, 0xFCB6, 0xFEEE, 0x0136, 0x024E,
    0x0506, 0x04D5, 0x0321, 0x01BD, 0x0130, 0x002B, 0xFDE8, 0xFE4F,
    0xFDB0, 0xFE43, 0x00C8, 0x01C4, 0x04C6, 0x0509, 0x0557, 0x069F,
    0x0760, 0x0831, 0x0522, 0x03C0, 0x0230, 0xFFC8, 0xFE5A, 0xFD32,
    0xFD33, 0xFC79, 0xFB95, 0xFAD7, 0xFB77, 0xFCB6, 0xFD46, 0x0035,
    0x0332, 0x047B, 0x052B, 0x0534, 0x06E4, 0x06A5, 0x0477, 0x02A9,
    0x00C6, 0xFF79, 0xFCC2, 0xFE2E, 0xFEB0, 0xFE62, 0xFE52, 0xFD85,
    0x0050, 0x01CB, 0x007C, 0xFE81, 0xFD56, 0xFD39, 0xFB2F, 0xFC0F,
    0xFE45, 0xFEAA, 0x018A, 0x0148, 0x024E, 0x04A8, 0x05B6, 0x0471,
    0x04EB, 0x036A, 0x020B, 0x0142, 0x0155, 0x0041, 0xFE58, 0xFB6C,
    0xF96F, 0xF893, 0xF67F, 0xF6AC, 0xF483, 0xF743, 0xF611, 0xF820,
    0xFAF3, 0xFEE2, 0x024A, 0x0084, 0x020C, 0x0216, 0x000A, 0xFF17,
    0xFCBA, 0xFB84, 0xF9BD, 0xF954, 0xFA74, 0xFB19, 0xFEB1, 0xFC7C,
    0xFE29, 0xFE6F, 0xFD0A, 0xFC95, 0xFB63, 0xFB83, 0xF87D, 0xF8B2,
    0xFABD, 0xFBCE, 0xFF07, 0x0075, 0x0209, 0x02E6, 0x0385, 0x034A,
    0x01ED, 0x0476, 0x0248, 0x00D0, 0x00DB, 0xFFD1, 0xFFAF, 0xFCC3,
    0xFCC4, 0xFA93, 0xF82B, 0xF89D, 0xF6A0, 0xF8B0, 0xF9EE, 0xFB1C,
    0xFD91, 0x00D6, 0x04F4, 0x0548, 0x080D, 0x0845, 0x0726, 0x0522,
    0x0272, 0x01DB, 0x001C, 0xFFFA, 0xFEBC, 0xFF0E, 0x0207, 0x0141,
    0x0194, 0x02D0, 0x0145, 0x0033, 0xFE1B, 0xFDBD, 0xFC50, 0xFC2D,
    0xFCB9, 0xFCE7, 0x0084, 0x018A, 0x0467, 0x0650, 0x082B, 0x08D0,
    0x0740, 0x083D, 0x070D, 0x0700, 0x05FD, 0x04F7, 0x0443, 0x011C,
    0xFF6F, 0xFD40, 0xFB5D, 0xF9F7, 0xF719, 0xF72E, 0xF7D4, 0xF89B,
    0xFC09, 0xFEB3, 0x0326, 0x0449, 0x0688, 0x0725, 0x0677, 0x06A3,
    0x0240, 0x00F0, 0xFFBC, 0xFEE9, 0xFEA5, 0xFF7D, 0x01E8, 0x01A3,
    0x0215, 0x0284, 0x02CD, 0x0220, 0x007C, 0xFFF4, 0xFE20, 0xFDF1,
    0xFDEB, 0xFE14, 0x0021, 0x0068, 0x01AE, 0x02D9, 0x0401, 0x06B6,
    0x05F0, 0x06D5, 0x0688, 0x064E, 0x073A, 0x054D, 0x05A8, 0x039A,
    0x013C, 0xFDE1, 0xFB42, 0xFA90, 0xF7DE, 0xF8AF, 0xF875, 0xF904,
    0xFC09, 0xFD6D, 0x00D5, 0x01EB, 0x059B, 0x0653, 0x04D6, 0x06BB,
    0x0469, 0x03C1, 0x0191, 0xFFB4, 0xFFB8, 0xFE93, 0xFF6B, 0xFF1C,
    0x0047, 0x0039, 0xFE96, 0xFECA, 0xFD35, 0xFDF7, 0xFCD4, 0xFB75,
    0xFB23, 0xF9EB, 0xFC17, 0xFB64, 0xFD71, 0xFFB8, 0x004B, 0x029A,
    0x02D5, 0x0515, 0x0530, 0x0529, 0x05F3, 0x059C, 0x0583, 0x02FE,
    0x01F4, 0xFEC3, 0xFBCD, 0xF9D3, 0xF579, 0xF5DA, 0xF5E7, 0xF5B7,
    0xF847, 0xFA1E, 0xFD7F, 0xFE7D, 0x00D0, 0x0350, 0x0362, 0x0477,
    0x0205, 0x00B9, 0xFF9B, 0xFF48, 0xFE7E, 0xFE4F, 0x0091, 0xFF61,
    0x00FC, 0x00B9, 0x004F, 0x00CB, 0xFE7E, 0xFF58, 0xFEC0, 0xFE27,
    0xFE8E, 0xFE0F, 0xFF0C, 0xFE66, 0xFE6A, 0xFE7F, 0xFF30, 0x0152,
    0x012D, 0x0307, 0x0341, 0x03FB, 0x05A2, 0x067D, 0x083F, 0x0603,
    0x04BB, 0x0116, 0xFD7D, 0xFCFA, 0xF99D, 0xF800, 0xF7C8, 0xF7A9,
    0xF877, 0xFAF4, 0xFE75, 0xFF75, 0x0151, 0x0377, 0x040C, 0x04EC,
    0x03EC, 0x0332, 0x016C, 0x0010, 0xFF91, 0xFE0E, 0xFFAA, 0xFF86,
    0xFFCA, 0x003C, 0xFF2A, 0xFFF1, 0xFDD3, 0xFE57, 0xFE5C, 0xFCFD,
    0xFC81, 0xF9F9, 0xFA92, 0xFAC3, 0xFC8B, 0xFCA9, 0xFD1F, 0x0059,
    0x001F, 0x0294, 0x0352, 0x0396, 0x0413, 0x03D1, 0x0604, 0x04A7,
    0x0534, 0x03D8, 0xFF56, 0xFE12, 0xFACA, 0xF8DE, 0xF653, 0xF68A,
    0xF6E8, 0xF636, 0xF9D2, 0xFACE, 0xFE0E, 0x012E, 0x033B, 0x0419,
    0x038E, 0x03CE, 0x006F, 0xFE1F, 0xFF00, 0xFDEB, 0xFE3D, 0xFF60,
    0x0014, 0x0226, 0x02F5, 0x032B, 0x015C, 0x0241, 0x01F9, 0x001F,
    0xFF9A, 0xFE7F, 0xFE47, 0xFC2E, 0xFCFB, 0xFDD0, 0xFDF8, 0x003B,
    0x0002, 0x0222, 0x0393, 0x02D3, 0x03C0, 0x0466, 0x078E, 0x068F,
    0x0537, 0x050D, 0x0226, 0x0097, 0xFDC8, 0xFCAB, 0xFA66, 0xF963,
    0xF91B, 0xF7ED, 0xFC47, 0xFDE1, 0xFE25, 0x0010, 0x033F, 0x0614,
    0x04CA, 0x059A, 0x0422, 0x0183, 0x003D, 0xFDF3, 0xFEBA, 0xFD9F,
    0xFD77, 0xFDDC, 0xFEAA, 0x0082, 0xFEFE, 0x0002, 0x0029, 0xFFA4,
    0xFF09, 0xFC05, 0xFB05, 0xF9F9, 0xF9CB, 0xF9E1, 0xFA6C, 0xFD0C,
    0xFD60, 0xFF46, 0x013B, 0x0290, 0x0312, 0x01FE, 0x0456, 0x0513,
    0x04ED, 0x0436, 0x019A, 0x0053, 0xFDC8, 0xFCC3, 0xFAEB, 0xF8D8,
    0xF8E1, 0xF6AB, 0xF82C, 0xF9D2, 0xFB5B, 0xFD76, 0x001E, 0x0425,
    0x044A, 0x054A, 0x043F, 0x0258, 0x0130, 0xFEFD, 0xFF8D, 0xFF16,
    0xFF69, 0x001D, 0x00A6, 0x0320, 0x02AF, 0x0340, 0x033F, 0x0389,
    0x0471, 0x016C, 0x006D, 0xFE51, 0xFD5F, 0xFCBA, 0xFB83, 0xFDE3,
    0xFDBF, 0xFF34, 0x0010, 0x01BA, 0x0421, 0x02CB, 0x04F6, 0x06B3,
    0x0795, 0x0751, 0x04F3, 0x0348, 0x0011, 0xFF4E, 0xFCAD, 0xFA70,
    0xFB78, 0xF97F, 0xF9C0, 0xFAC5, 0xFD4E, 0xFE50, 0xFE4A, 0x024F,
    0x03FE, 0x0573, 0x04E6, 0x0339, 0x0281, 0x0073, 0x0069, 0xFEEA,
    0xFEE9, 0xFF64, 0xFE4F, 0xFF3E, 0xFF90, 0x00F1, 0x0070, 0xFFF1,
    0x00CC, 0xFF49, 0xFECE, 0xFC25, 0xFA6C, 0xFB11, 0xFA08, 0xFA8F,
    0xFB2A, 0xFD97, 0xFE22, 0xFECC, 0x0208, 0x01BF, 0x0365, 0x0525,
    0x060A, 0x06D8, 0x061F, 0x04C4, 0x0101, 0x0020, 0xFECA, 0xFB7F,
    0xFA87, 0xF8B3, 0xF8A5, 0xF82D, 0xFA0A, 0xFCA5, 0xFCC4, 0x00B5,
    0x0241, 0x0404, 0x046D, 0x0344, 0x024B, 0xFF1C, 0x0006, 0xFF26,
    0xFF5A, 0x009C, 0x00FB, 0x026C, 0x030E, 0x0554, 0x04DB, 0x0525,
    0x0640, 0x03D1, 0x033F, 0x0140, 0xFF15, 0xFE34, 0xFC7F, 0xFC77,
    0xFBEA, 0xFD89, 0xFE3D, 0xFD8F, 0xFF97, 0x0047, 0x014C, 0x02BD,
    0x0540, 0x06A7, 0x05D7, 0x05F0, 0x032B, 0x01CC, 0x0084, 0xFE21,
    0xFCD4, 0xFAD8, 0xFAFF, 0xF986, 0xF9F3, 0xFD23, 0xFD2F, 0xFF05,
    0x01D4, 0x047F, 0x056C, 0x0472, 0x0435, 0x0114, 0x008A, 0xFE94,
    0xFCF8, 0xFD16, 0xFC5C, 0xFE41, 0xFDAA, 0x0055, 0x0130, 0x0132,
    0x031A, 0x0158, 0x0171, 0xFF8E, 0xFD1F, 0xFB64, 0xF9D4, 0xFA84,
    0xF974, 0xFAA8, 0xFC28, 0xFD17, 0xFEAF, 0xFF53, 0x00FF, 0x00D1,
    0x02BF, 0x0437, 0x0385, 0x046B, 0x0352, 0x0256, 0x006B, 0xFF1F,
    0xFE84, 0xFB3C, 0xFA65, 0xF97A, 0xF8D5, 0xF987, 0xFA24, 0xFBCA,
    0xFE4A, 0x01C5, 0x0349, 0x0400, 0x04C4, 0x0237, 0x0097, 0xFF56,
    0xFE69, 0xFE65, 0xFCAC, 0xFE97, 0xFFBB, 0x01EF, 0x0431, 0x04AC,
    0x067A, 0x0645, 0x065C, 0x0453, 0x020D, 0x007D, 0xFD0A, 0xFC38,
    0xFAFB, 0xFB8B, 0xFC96, 0xFC3F, 0xFE08, 0xFE06, 0x00A7, 0x00C2,
    0x0185, 0x04B3, 0x041B, 0x04AE, 0x0414, 0x0407, 0x0297, 0x0106,
    0x009F, 0xFE19, 0xFDD4, 0xFC34, 0xFBB9, 0xFC45, 0xFBE2, 0xFD45,
    0xFD0D, 0x0001, 0x02A5, 0x0457, 0x0593, 0x0395, 0x0361, 0x0117,
    0xFF61, 0xFF17, 0xFCCE, 0xFBF6, 0xFB8F, 0xFD91, 0xFF0B, 0xFFB3,
    0x0183, 0x0192, 0x0263, 0x0207, 0x0129, 0x0014, 0xFC0F, 0xFAD5,
    0xF94D, 0xF836, 0xF9A9, 0xFA16, 0xFB98, 0xFC83, 0xFEE3, 0xFF5F,
    0xFFDA, 0x0254, 0x0272, 0x0382, 0x036C, 0x0395, 0x02AD, 0x010E,
    0x0063, 0xFE42, 0xFE8B, 0xFBDD, 0xF9F3, 0xFB6D, 0xFB22, 0xFC0A,
    0xFC38, 0xFD99, 0xFF2D, 0x00A4, 0x0282, 0x0151, 0x019A, 0x0020,
    0xFE59, 0xFF13, 0xFEDF, 0xFFFB, 0xFF18, 0x0088, 0x0333, 0x036F,
    0x04A1, 0x0452, 0x0512, 0x04C1, 0x0446, 0x0477, 0x0198, 0x00B2,
    0xFED7, 0xFC57, 0xFBCE, 0xFB97, 0xFB17, 0xFA23, 0xFCAF, 0xFDBE,
    0xFE86, 0x016F, 0x019B, 0x03B4, 0x04DB, 0x052F, 0x0480, 0x0242,
    0x015E, 0xFE3F, 0xFE5E, 0xFDA2, 0xFCD5, 0xFDC7, 0xFDD2, 0xFF71,
    0xFF9B, 0x0195, 0x0275, 0x023E, 0x03EB, 0x032D, 0x02CE, 0x00E3,
    0xFFAA, 0xFF32, 0xFD6F, 0xFEA9, 0xFDA4, 0xFDF2, 0xFFD3, 0x006E,
    0x00CF, 0x00A3, 0x016C, 0x0058, 0x007C, 0x01B3, 0x0001, 0xFECD,
    0xFD4B, 0xFC87, 0xFBFC, 0xFBA0, 0xFC96, 0xFAE9, 0xFB7C, 0xFC22,
    0xFC73, 0xFDF2, 0xFF46, 0x0164, 0x01B1, 0x034A, 0x04B2, 0x03BB,
    0x031A, 0x007E, 0xFE63, 0xFC60, 0xFB50, 0xFB7A, 0xFA8D, 0xFDA4,
    0xFD96, 0xFE26, 0x0127, 0x013A, 0x02BF, 0x02BE, 0x0277, 0xFFAA,
    0xFDC8, 0xFE28, 0xFC41, 0xFE04, 0xFF40, 0x0027, 0x01EA, 0x03C4,
    0x0602, 0x04AF, 0x05A3, 0x0463, 0x0279, 0x036F, 0x025C, 0x01F6,
    0x007C, 0xFFF1, 0xFE6B, 0xFCE2, 0xFE1A, 0xFD22, 0xFCBD, 0xFC57,
    0xFCB2, 0xFCBC, 0xFD9C, 0x00CB, 0x00A9, 0x02BC, 0x047A, 0x0316,
    0x0338, 0x023C, 0x00C4, 0xFEB5, 0xFDC2, 0xFDED, 0xFC66, 0xFE4E,
    0xFFC3, 0xFFEB, 0x0238, 0x030F, 0x03A6, 0x03B2, 0x050E, 0x039D,
    0x00D8, 0x0072, 0xFD15, 0xFBEC, 0xFBBB, 0xFBAF, 0xFC9F, 0xFCF4,
    0x003C, 0x0088, 0x01B1, 0x0386, 0x023D, 0x0227, 0x0118, 0x007D,
    0xFE57, 0xFD7B, 0xFD34, 0xFB3D, 0xFCBC, 0xFCE8, 0xFD7B, 0xFDD4,
    0xFED6, 0xFFA5, 0xFD68, 0xFFBB, 0xFF4C, 0xFF5A, 0x0164, 0x00C5,
    0x018F, 0x009B, 0x004B, 0xFE29, 0xFD26, 0xFDA1, 0xFB40, 0xFBB0,
    0xFC1B, 0xFCFD, 0xFE45, 0xFF74, 0x020C, 0x01A8, 0x0391, 0x0376,
    0x01A5, 0x0191, 0xFF81, 0xFE8E, 0xFD23, 0xFDE8, 0xFEA4, 0xFE0C,
    0x00A4, 0x0282, 0x02D5, 0x0408, 0x052A, 0x04E0, 0x047A, 0x04D7,
    0x0290, 0x00A4, 0xFFF7, 0xFD9D, 0xFCBA, 0xFC5A, 0xFCDE, 0xFD13,
    0xFD7D, 0xFFE2, 0xFFA0, 0x011C, 0x0294, 0x01A6, 0x0239, 0x0129,
    0x0192, 0xFFA1, 0xFE6B, 0xFE27, 0xFCEC, 0xFDFB, 0xFD96, 0xFF77,
    0x001D, 0x00F8, 0x0218, 0x012D, 0x03EB, 0x0367, 0x0375, 0x04ED,
    0x0446, 0x03D9, 0x0154, 0x0159, 0xFEF9, 0xFD88, 0xFD0A, 0xFAC3,
    0xFBB6, 0xFC3D, 0xFD90, 0xFDC7, 0xFFD8, 0x0174, 0xFFF2, 0x01C6,
    0x01DA, 0x0057, 0xFF0A, 0xFCDE, 0xFC22, 0xFB14, 0xFC12, 0xFC4F,
    0xFC53, 0xFEB7, 0xFFA3, 0x00AA, 0x0218, 0x0441, 0x039E, 0x01FB,
    0x028F, 0x0099, 0xFE67, 0xFD52, 0xFB64, 0xFA2F, 0xF980, 0xFA96,
    0xFB2E, 0xFCCA, 0xFFD5, 0xFF31, 0x0165, 0x02D9, 0x022A, 0x0273,
    0x029B, 0x026B, 0x0041, 0x00D0, 0xFFA0, 0xFF89, 0x0122, 0xFF9E,
    0x001A, 0x0017, 0x00F9, 0x00D0, 0x00F8, 0x0395, 0x01A7, 0x012F,
    0x01E5, 0x0228, 0x0294, 0x00D0, 0x00A2, 0xFDDA, 0xFD06, 0xFD0F,
    0xFC02, 0xFD13, 0xFDE0, 0xFFCC, 0xFFC0, 0x0339, 0x05C5, 0x0374,
    0x0424, 0x0296, 0xFFEF, 0xFDB5, 0xFBC1, 0xFB02, 0xF986, 0xFA7F,
    0xFAC6, 0xFC8F, 0x0079, 0x0286, 0x0443, 0x05E6, 0x0756, 0x05A1,
    0x043A, 0x04E8, 0x02C4, 0x01D3, 0x0014, 0xFE12, 0xFE73, 0xFDC0,
    0xFE15, 0xFDA9, 0xFDD0, 0xFE93, 0xFD96, 0xFEE1, 0xFFC5, 0xFF10,
    0xFDFA, 0xFDF0, 0xFE87, 0xFD78, 0xFE86, 0xFDE2, 0xFD4C, 0xFDD4,
    0xFC7D, 0xFD23, 0xFD57, 0xFFC8, 0x0034, 0x00C6, 0x0501, 0x0410,
    0x03D6, 0x0396, 0x02AD, 0x014B, 0xFE76, 0xFCA4, 0xF90E, 0xF86E,
    0xF85F, 0xF8BB, 0xFAC5, 0xFC3E, 0xFFBD, 0x00D5, 0x0449, 0x064A,
    0x03BF, 0x0431, 0x02A9, 0x01B3, 0x0066, 0xFF97, 0x0018, 0xFEEA,
    0xFFF2, 0xFFA1, 0x00BE, 0x025A, 0x01F0, 0x01E4, 0x0194, 0x01F6,
    0xFFE6, 0xFF11, 0xFFDD, 0xFE7A, 0xFF1A, 0xFE7C, 0xFE33, 0xFE44,
    0xFDB9, 0xFEDB, 0xFDEE, 0xFF43, 0x000D, 0x004C, 0x035F, 0x0506,
    0x04D7, 0x029F, 0x024A, 0x0152, 0xFE90, 0xFE44, 0xFC44, 0xFAB6,
    0xF9EB, 0xF9BA, 0xFBE1, 0xFDB1, 0x0145, 0x0214, 0x03F5, 0x0769,
    0x065E, 0x0614, 0x04D5, 0x03B8, 0x01FD, 0x0035, 0xFF34, 0xFD7F,
    0xFE70, 0xFCEB, 0xFCA8, 0xFE35, 0xFE98, 0xFF2B, 0xFF94, 0x017D,
    0x0018, 0xFD96, 0xFD64, 0xFC59, 0xFCDB, 0xFC29, 0xFBCF, 0xFCF6,
    0xFC2F, 0xFD8F, 0xFDC0, 0x000E, 0x01F0, 0x01EE, 0x0322, 0x03DA,
    0x0539, 0x02EC, 0x0173, 0x00A5, 0xFDFF, 0xFD40, 0xFB2D, 0xF9B3,
    0xF957, 0xF859, 0xF8B5, 0xF981, 0xFC9F, 0xFE2F, 0x000D, 0x0410,
    0x04CC, 0x054F, 0x0471, 0x0437, 0x03D1, 0x0270, 0x0165, 0xFF7A,
    0x002C, 0xFEE8, 0xFE6F, 0x0069, 0x0069, 0x01A9, 0x01E0, 0x0314,
    0x03A7, 0x01AE, 0x00B5, 0xFE6E, 0xFE4A, 0xFD68, 0xFC5C, 0xFD3D,
    0xFC4A, 0xFD5D, 0xFD5C, 0xFEA9, 0x00C8, 0x01C5, 0x0390, 0x03F2,
    0x065D, 0x0486, 0x01E6, 0x00FC, 0xFE8D, 0xFDB3, 0xFB4A, 0xFAAD,
    0xFA31, 0xF9CD, 0xFB0A, 0xFBA9, 0xFEBE, 0x0033, 0x016B, 0x03F3,
    0x0552, 0x06B9, 0x055A, 0x04B8, 0x041E, 0x02B8, 0x01E4, 0xFF59,
    0xFF23, 0xFD2F, 0xFBA7, 0xFBD1, 0xFBAA, 0xFD7E, 0xFD4B, 0xFE9A,
    0x006B, 0x0078, 0xFF92, 0xFDD2, 0xFD89, 0xFBD7, 0xFAB3, 0xFB1D,
    0xFA44, 0xFBA8, 0xFCD8, 0xFE8F, 0x010C, 0x02EA, 0x0574, 0x054C,
    0x07A8, 0x0747, 0x0405, 0x0219, 0xFEE2, 0xFD6A, 0xFAC1, 0xFA34,
    0xF941, 0xF82A, 0xF967, 0xF959, 0xFB1A, 0xFCF3, 0xFECA, 0x0099,
    0x020D, 0x054B, 0x04D7, 0x047B, 0x0469, 0x02BA, 0x02E7, 0x01C7,
    0x01D7, 0x0056, 0xFF9D, 0x003F, 0xFF0E, 0x005B, 0x004F, 0x0104,
    0x021E, 0x0257, 0x023E, 0x0004, 0xFFF9, 0xFE6A, 0xFD99, 0xFDA6,
    0xFB64, 0xFBA7, 0xFBA3, 0xFCF7, 0xFEA9, 0xFF9B, 0x028B, 0x0361,
    0x0533, 0x072F, 0x0660, 0x04B2, 0x0140, 0xFEE2, 0xFADB, 0xF9D8,
    0xF9DB, 0xF7A8, 0xF8BB, 0xF9EC, 0xFCD3, 0xFEF7, 0x01C3, 0x045B,
    0x04BF, 0x073C, 0x06A2, 0x0598, 0x053C, 0x026E, 0x01B9, 0x0043,
    0xFFDE, 0xFE66, 0xFDA4, 0xFE7F, 0xFCA4, 0xFDA0, 0xFCF2, 0xFD0F,
    0xFDA0, 0xFD9A, 0xFECB, 0xFD9F, 0xFE09, 0xFCC3, 0xFB5E, 0xFC7A,
    0xFBD1, 0xFD08, 0xFC14, 0xFCF2, 0xFED9, 0x0002, 0x0361, 0x0417,
    0x05B5, 0x06F5, 0x0786, 0x062D, 0x037E, 0x01EC, 0xFDBC, 0xFB2F,
    0xF9E4, 0xF716, 0xF698, 0xF67A, 0xF87F, 0xF9D8, 0xFCDC, 0x009C,
    0x01A2, 0x052C, 0x0680, 0x0708, 0x06E3, 0x04BC, 0x02EB, 0x008E,
    0x003D, 0x006E, 0xFFC0, 0xFFF0, 0xFFD5, 0x018B, 0x0160, 0x01C0,
    0x02B7, 0x00DF, 0x00C7, 0xFF78, 0xFF09, 0xFE78, 0xFD4E, 0xFD89,
    0xFC0B, 0xFDB0, 0xFD9F, 0xFD51, 0xFFE7, 0x0014, 0x00AC, 0x0118,
    0x0378, 0x0465, 0x057A, 0x0607, 0x02F9, 0x02B9, 0xFF32, 0xFB5E,
    0xFA7B, 0xF8D5, 0xF8D9, 0xF74C, 0xF8E6, 0xFBD5, 0xFE3D, 0x01A9,
    0x031A, 0x0645, 0x0716, 0x070F, 0x06E1, 0x0585, 0x04C3, 0x0100,
    0xFEC9, 0xFDC7, 0xFD5C, 0xFD88, 0xFCD5, 0xFE4F, 0xFDE3, 0xFDDE,
    0xFEE3, 0xFE6A, 0xFF97, 0xFEEB, 0xFD5A, 0xFCCF, 0xFC05, 0xFB5C,
    0xF993, 0xFAF7, 0xFC6F, 0xFC77, 0xFED9, 0x0033, 0x02F3, 0x0409,
    0x0579, 0x05DF, 0x05B0, 0x0727, 0x0391, 0x024B, 0x0081, 0xFD47,
    0xFB24, 0xF863, 0xF86B, 0xF772, 0xF84D, 0xFA04, 0xFB46, 0xFE44,
    0xFF79, 0x02B8, 0x04F9, 0x06D6, 0x07ED, 0x062A, 0x064F, 0x0396,
    0x0197, 0x00B1, 0xFF99, 0xFFC4, 0xFE69, 0xFFBA, 0xFFFC, 0x00D4,
    0x0263, 0x019F, 0x025A, 0x01AF, 0x00F5, 0xFF87, 0xFE8E, 0xFE1A,
    0xFC19, 0xFC18, 0xFC03, 0xFCD9, 0xFEA9, 0xFF53, 0x0194, 0x021F,
    0x02E4, 0x04A1, 0x057A, 0x0669, 0x0424, 0x0274, 0xFFF2, 0xFC90,
    0xFA97, 0xF8FB, 0xF961, 0xF8D4, 0xF96D, 0xFB39, 0xFCAE, 0x0051,
    0x0196, 0x0346, 0x04BA, 0x0591, 0x06B3, 0x054B, 0x0627, 0x0428,
    0x01A1, 0x000E, 0xFE72, 0xFF30, 0xFDB5, 0xFDC3, 0xFC98, 0xFC20,
    0xFCAE, 0xFBBF, 0xFEBD, 0xFED6, 0xFEA3, 0xFE15, 0xFCBD, 0xFCFE,
    0xFAFC, 0xFB19, 0xFA6D, 0xFBE4, 0xFE16, 0xFE74, 0x0220, 0x040B,
    0x0560, 0x068F, 0x06C3, 0x0743, 0x05A5, 0x049E, 0x00EC, 0xFDF7,
    0xFC4C, 0xF8CF, 0xF804, 0xF811, 0xF981, 0xFA59, 0xFAF7, 0xFDAF,
    0xFEA3, 0x0047, 0x0231, 0x0408, 0x056E, 0x04EF, 0x05DF, 0x04CB,
    0x0407, 0x02E3, 0x00CB, 0x0137, 0x009F, 0x008F, 0x0009, 0x0002,
    0x00ED, 0xFFD5, 0x0145, 0x010B, 0x0110, 0x015B, 0xFEF6, 0xFF4C,
    0xFDFB, 0xFD61, 0xFBD3, 0xFB92, 0xFDBB, 0xFDD5, 0x0081, 0x0184,
    0x02EE, 0x0481, 0x0493, 0x0665, 0x05AD, 0x048B, 0x013F, 0xFDF5,
    0xFCBB, 0xF921, 0xF889, 0xF804, 0xF99D, 0xFB57, 0xFC3C, 0xFFCD,
    0x01C4, 0x03B1, 0x0374, 0x03EE, 0x0554, 0x04C2, 0x04AB, 0x0294,
    0x0229, 0x01B8, 0xFF7E, 0xFFCF, 0xFF53, 0xFF46, 0xFE02, 0xFCAB,
    0xFD25, 0xFBDB, 0xFC7A, 0xFC7D, 0xFD59, 0xFE50, 0xFCBC, 0xFD15,
    0xFC7D, 0xFCB2, 0xFB77, 0xFAE5, 0xFCFC, 0xFDE5, 0x0009, 0x00E4,
    0x0355, 0x05F0, 0x05D1, 0x06FF, 0x0706, 0x064D, 0x03C9, 0x0003,
    0xFD4D, 0xFA3F, 0xF95A, 0xF767, 0xF7CA, 0xFA79, 0xFAE3, 0xFD0C,
    0xFF1D, 0x0233, 0x02AD, 0x02ED, 0x052A, 0x0452, 0x04C9, 0x03CB,
    0x02A0, 0x0224, 0x0042, 0x0060, 0xFFFE, 0x01E1, 0x01DC, 0xFFDC,
    0x00D8, 0x006D, 0x007C, 0xFF91, 0xFFDF, 0x00A1, 0xFEF2, 0xFF55,
    0xFE69, 0xFECC, 0xFEEA, 0xFDA3, 0xFDEE, 0xFF3E, 0x0164, 0x00B0,
    0x0194, 0x0336, 0x02CF, 0x03BD, 0x045F, 0x050D, 0x02EF, 0xFFE6,
    0xFE1B, 0xFA95, 0xF9CA, 0xF73F, 0xF6E7, 0xFA49, 0xFBE0, 0xFDD1,
    0xFEDA, 0x0275, 0x03D2, 0x03DF, 0x0556, 0x050B, 0x056D, 0x03A2,
    0x0218, 0x00ED, 0xFFBD, 0xFF98, 0xFDB8, 0xFEB8, 0xFF6B, 0xFE4E,
    0xFDFA, 0xFD3D, 0xFD12, 0xFB32, 0xFB08, 0xFCFC, 0xFC28, 0xFC5A,
    0xFBAB, 0xFC41, 0xFD1F, 0xFC77, 0xFCD3, 0xFE27, 0x019E, 0x01E0,
    0x02B5, 0x0449, 0x0458, 0x0599, 0x04D1, 0x0524, 0x04CE, 0x013C,
    0xFEF5, 0xFC00, 0xFB2C, 0xF8F6, 0xF72C, 0xF8A3, 0xF9BD, 0xFCC7,
    0xFD77, 0x0091, 0x0336, 0x02DF, 0x0446, 0x049E, 0x0730, 0x059B,
    0x03F8, 0x0320, 0x0077, 0x00EC, 0xFF09, 0xFF65, 0x0073, 0x006F,
    0x0015, 0xFF28, 0x00D0, 0x0037, 0xFF84, 0xFF45, 0xFEC5, 0xFEC8,
    0xFD3D, 0xFDC0, 0xFE77, 0xFE63, 0xFEC3, 0xFF27, 0x0226, 0x0320,
    0x0398, 0x03EC, 0x02BC, 0x035A, 0x0240, 0x0208, 0x0295, 0x00CC,
    0xFE7E, 0xFBCC, 0xFB28, 0xFA0F, 0xF979, 0xFA71, 0xFAD9, 0xFD7D,
    0xFE7E, 0xFFAC, 0x020C, 0x02E7, 0x0480, 0x040D, 0x058E, 0x0566,
    0x03EE, 0x03C8, 0x0091, 0xFFF7, 0xFDB2, 0xFCD8, 0xFD0C, 0xFCD0,
    0xFDAC, 0xFC02, 0xFCD8, 0xFC09, 0xFB70, 0xFC2B, 0xFBC1, 0xFD59,
    0xFBD2, 0xFBA2, 0xFC1C, 0xFB8C, 0xFD30, 0xFD8F, 0x00CB, 0x02E3,
    0x04C4, 0x0674, 0x0562, 0x0667, 0x04BB, 0x03A3, 0x0262, 0x002F,
    0xFEA9, 0xFB88, 0xFB3B, 0xF9B3, 0xF932, 0xF9E4, 0xFA6A, 0xFD67,
    0xFE75, 0xFFC0, 0x00EA, 0x0118, 0x01AB, 0x01C1, 0x03FB, 0x050D,
    0x04F2, 0x054B, 0x0389, 0x02FA, 0x0137, 0x005C, 0xFFFA, 0xFEE3,
    0xFF41, 0xFE47, 0xFF67, 0xFFC9, 0xFF30, 0xFFAE, 0xFEAC, 0xFFBD,
    0xFEA0, 0xFE7F, 0xFF92, 0xFDB2, 0xFE50, 0xFDD4, 0xFFD4, 0x01E7,
    0x0303, 0x0546, 0x04CF, 0x051D, 0x0307, 0x0240, 0x01F8, 0xFFBB,
    0xFEAD, 0xFB25, 0xFACC, 0xFA06, 0xF960, 0xFA2C, 0xFA52, 0xFE41,
    0xFEE3, 0x0066, 0x02EB, 0x03D2, 0x0455, 0x02A2, 0x03C3, 0x036D,
    0x0355, 0x03A4, 0x023F, 0x0270, 0x006F, 0xFF5E, 0xFE9A, 0xFDFB,
    0xFEA7, 0xFC95, 0xFBD3, 0xFB15, 0xFA92, 0xF9D9, 0xF95F, 0xFBBD,
    0xFBDB, 0xFC27, 0xFD03, 0xFD7D, 0xFEB1, 0xFE5A, 0xFF5F, 0x00FE,
    0x024F, 0x045E, 0x0499, 0x05D1, 0x0571, 0x04BD, 0x0429, 0x019B,
    0x0116, 0xFE4B, 0xFC14, 0xFACF, 0xF946, 0xF91E, 0xF87E, 0xFB45,
    0xFD3E, 0xFFF9, 0x0262, 0x02B7, 0x04EA, 0x03D7, 0x03F4, 0x042B,
    0x0363, 0x031A, 0x0172, 0x0253, 0x00C3, 0x0041, 0x00EC, 0xFFCB,
    0x012A, 0x00B4, 0x009F, 0x0024, 0xFF3F, 0xFE46, 0xFBCE, 0xFC8E,
    0xFC3B, 0xFCBD, 0xFE72, 0xFF4F, 0x01AA, 0x0128, 0x0272, 0x02FB,
    0x039C, 0x050A, 0x037D, 0x0324, 0x01FF, 0x0160, 0x00DA, 0x002D,
    0x0082, 0xFED9, 0xFDF6, 0xFCDF, 0xFBC9, 0xFAE2, 0xF8B4, 0xF988,
    0xFAA8, 0xFD3A, 0xFFF9, 0x01F4, 0x05A0, 0x05E2, 0x0604, 0x061F,
    0x04DA, 0x03F7, 0x0181, 0xFFFA, 0xFE05, 0xFD78, 0xFDF9, 0xFCD1,
    0xFEDB, 0xFF96, 0xFF5A, 0xFE81, 0xFD42, 0xFC90, 0xF96A, 0xF8AE,
    0xF7BD, 0xF7A9, 0xF957, 0xFA39, 0xFE14, 0x0020, 0x01EB, 0x035C,
    0x044A, 0x062E, 0x0560, 0x0569, 0x039B, 0x0253, 0x017D, 0xFFFF,
    0x00AA, 0xFF03, 0xFF34, 0xFE56, 0xFC08, 0xFC79, 0xFB18, 0xFAD6,
    0xFAB5, 0xFC4D, 0xFE19, 0xFF7C, 0x0313, 0x0391, 0x0512, 0x0632,
    0x05C9, 0x0599, 0x0415, 0x0394, 0x00BB, 0xFF6C, 0xFE8A, 0xFC83,
    0xFEC0, 0xFF7B, 0x0078, 0x0183, 0x0177, 0x0133, 0xFF12, 0xFE53,
    0xFC89, 0xFBAC, 0xFB6C, 0xFACF, 0xFD1C, 0xFF17, 0x01E3, 0x0334,
    0x0451, 0x06DF, 0x05C2, 0x059A, 0x0432, 0x0216, 0x007E, 0xFE19,
    0xFE21, 0xFD1C, 0xFD31, 0xFD31, 0xFC3A, 0xFD88, 0xFCCE, 0xFC08,
    0xFB7E, 0xFD34, 0xFF26, 0xFF2A, 0x01F4, 0x02A1, 0x0434, 0x050D,
    0x04A6, 0x05DB, 0x03F0, 0x030D, 0x00ED, 0xFFC3, 0xFFF0, 0xFDC7,
    0xFD6D, 0xFC2C, 0xFD27, 0xFD91, 0xFCDC, 0xFD98, 0xFBE2, 0xFBAE,
    0xF9F2, 0xF9E8, 0xFAFB, 0xFA62, 0xFC4E, 0xFC92, 0xFF04, 0x00FA,
    0x011C, 0x0433, 0x057C, 0x068C, 0x0624, 0x05A1, 0x0490, 0x0240,
    0x01CA, 0xFEFD, 0xFD0A, 0xFB6E, 0xFA69, 0xFAD4, 0xFA87, 0xFC65,
    0xFC99, 0xFD34, 0xFF52, 0x005D, 0x030B, 0x038B, 0x03C4, 0x033D,
    0x01FF, 0x03D6, 0x0326, 0x030B, 0x032A, 0x0231, 0x01F2, 0x0117,
    0x0122, 0xFF71, 0xFF80, 0xFEBD, 0xFCEF, 0xFE63, 0xFD51, 0xFD7B,
    0xFD7B, 0xFD54, 0xFDC2, 0xFC5D, 0xFE92, 0xFEAB, 0x0023, 0x0273,
    0x013B, 0x025D, 0x0300, 0x0456, 0x04E8, 0x0513, 0x052F, 0x027E,
    0x022E, 0x0088, 0xFF60, 0xFD70, 0xFAF0, 0xFAC5, 0xF87C, 0xFA88,
    0xFB4B, 0xFBA6, 0xFF0F, 0x0089, 0x02D6, 0x03B4, 0x056E, 0x05AE,
    0x0392, 0x03A9, 0x01D1, 0x0081, 0xFFD0, 0xFFD9, 0xFFE8, 0x0017,
    0x0194, 0xFEFE, 0xFF23, 0xFF0C, 0xFC4A, 0xFC29, 0xFA41, 0xF899,
    0xF7AC, 0xF86B, 0xFA94, 0xFA9E, 0xFD1D, 0xFE69, 0xFF70, 0x01A2,
    0x01A3, 0x0213, 0x024C, 0x0377, 0x031C, 0x0386, 0x04E6, 0x0428,
    0x04BC, 0x036C, 0x026D, 0x001E, 0xFC22, 0xFBE7, 0xF961, 0xF917,
    0xFA29, 0xF9C0, 0xFC0A, 0xFE32, 0x01DB, 0x03C0, 0x05FA, 0x0668,
    0x041C, 0x047C, 0x038C, 0x034F, 0x014E, 0xFFEF, 0x0014, 0xFFBA,
    0x022B, 0x0110, 0x0145, 0x01AE, 0xFF96, 0xFFEF, 0xFE60, 0xFD90,
    0xFC03, 0xFADF, 0xFB2C, 0xFAA9, 0xFC36, 0xFD65, 0xFF6A, 0x019D,
    0x02A3, 0x037A, 0x02A3, 0x03C2, 0x03A2, 0x0335, 0x0387, 0x01D4,
    0x0215, 0x00B3, 0x0129, 0x016C, 0xFE54, 0xFD94, 0xFB75, 0xFAC8,
    0xFB4E, 0xFAF7, 0xFBB1, 0xFBC3, 0xFE58, 0x007D, 0x0353, 0x0598,
    0x057B, 0x0613, 0x0484, 0x04FD, 0x035B, 0x00BE, 0xFFE0, 0xFDA3,
    0xFEC6, 0xFE26, 0xFE62, 0xFEFF, 0xFD3E, 0xFE64, 0xFD42, 0xFC2C,
    0xFAFD, 0xF99D, 0xF985, 0xF892, 0xF9FB, 0xFA29, 0xFBD3, 0xFE3C,
    0xFFF8, 0x02F0, 0x033A, 0x04F6, 0x04FC, 0x04D1, 0x05F6, 0x0411,
    0x03F1, 0x0247, 0x015B, 0x00BF, 0xFE88, 0xFE0C, 0xFBA7, 0xFAD5,
    0xFAE1, 0xFB0A, 0xFCB2, 0xFC92, 0xFD7E, 0xFE63, 0x0119, 0x0301,
    0x02C9, 0x0487, 0x0392, 0x0434, 0x050C, 0x03AB, 0x0341, 0x0100,
    0x00E2, 0xFFA8, 0xFF0C, 0xFFB6, 0xFD50, 0xFE2E, 0xFE6D, 0xFEAB,
    0xFE5F, 0xFDCF, 0xFEBA, 0xFC82, 0xFCFC, 0xFC77, 0xFBFF, 0xFCD6,
    0xFCEA, 0xFFC6, 0x0035, 0x02A7, 0x03E6, 0x03AD, 0x0645, 0x0539,
    0x04E4, 0x036F, 0x0200, 0x00A1, 0xFDBF, 0xFDD9, 0xFB8D, 0xFB20,
    0xFB5B, 0xFAFB, 0xFD24, 0xFD8D, 0xFECD, 0xFE98, 0x007C, 0x01B6,
    0x00EE, 0x031D, 0x02C5, 0x0354, 0x03D9, 0x033F, 0x0346, 0x016F,
    0x016B, 0x0028, 0xFF88, 0xFF09, 0xFC83, 0xFBB6, 0xFA9B, 0xFB4E,
    0xFAED, 0xFA8D, 0xFC30, 0xFB70, 0xFB82, 0xFC3C, 0xFCDE, 0xFD0B,
    0xFC4B, 0xFDE9, 0xFDC9, 0xFF8E, 0x023A, 0x028C, 0x0561, 0x068B,
    0x0730, 0x06A1, 0x0631, 0x0539, 0x00F9, 0xFF2C, 0xFC21, 0xF9C7,
    0xF954, 0xF904, 0xFBB8, 0xFCE6, 0xFF0E, 0xFFBC, 0x00DD, 0x03B3,
    0x02AF, 0x0303, 0x01C0, 0x019C, 0x01D2, 0x015D, 0x03AE, 0x02D7,
    0x03BF, 0x0328, 0x0281, 0x0329, 0x00F4, 0xFFDE, 0xFCC8, 0xFC8C,
    0xFBEE, 0xFADE, 0xFD1B, 0xFD9B, 0xFE5F, 0xFDCA, 0xFE8D, 0xFED3,
    0xFD81, 0xFE77, 0xFD14, 0xFDF8, 0xFF05, 0xFED6, 0x0175, 0x0366,
    0x0616, 0x0619, 0x05F2, 0x066E, 0x0392, 0x01DB, 0xFEB3, 0xFBFD,
    0xF9E5, 0xF819, 0xF8F1, 0xFA04, 0xFCE7, 0xFE5C, 0xFF96, 0x0235,
    0x02E1, 0x03F8, 0x0331, 0x0311, 0x02D4, 0x0093, 0x0111, 0x0061,
    0x0137, 0x0117, 0x0043, 0x01BB, 0x008D, 0xFF61, 0xFD27, 0xFC5B,
    0xFBB5, 0xF973, 0xF9EF, 0xF960, 0xFAA4, 0xFB82, 0xFC00, 0xFDE7,
    0xFDB4, 0xFF3C, 0xFDCD, 0xFE8E, 0x004B, 0xFF79, 0x0144, 0x01C5,
    0x043F, 0x0544, 0x05CE, 0x0762, 0x0638, 0x057F, 0x01AA, 0xFF6A,
    0xFD88, 0xFA59, 0xFA1D, 0xF967, 0xFB36, 0xFBB6, 0xFCEE, 0x0026,
    0x015C, 0x03DD, 0x0369, 0x032A, 0x0363, 0x02AD, 0x0324, 0x0177,
    0x0223, 0x01F1, 0x00C1, 0x0185, 0x01C1, 0x01FB, 0xFFB4, 0xFF8D,
    0xFF78, 0xFDF1, 0xFE8E, 0xFDAF, 0xFD92, 0xFCEF, 0xFC45, 0xFC97,
    0xFC04, 0xFDB0, 0xFD37, 0xFD42, 0xFF09, 0xFF34, 0x0073, 0x00DF,
    0x02F9, 0x0438, 0x03EE, 0x04BB, 0x039E, 0x03C9, 0x02A3, 0x00BE,
    0xFF72, 0xFCE9, 0xFCCD, 0xFB0F, 0xFBB5, 0xFC45, 0xFB45, 0xFD3C,
    0xFD9F, 0xFFE3, 0x0149, 0x02BD, 0x03A6, 0x02D7, 0x0444, 0x028D,
    0x027E, 0x01C6, 0xFFEA, 0xFF28, 0xFDF1, 0xFEDF, 0xFC92, 0xFC9D,
    0xFDBC, 0xFD02, 0xFE24, 0xFD60, 0xFDEF, 0xFCB9, 0xFC0A, 0xFC64,
    0xFA81, 0xFBBC, 0xFB95, 0xFBFD, 0xFD31, 0xFEDB, 0x0166, 0x0159,
    0x0433, 0x057C, 0x059E, 0x065B, 0x0537, 0x04B7, 0x026F, 0x0188,
    0x0026, 0xFE82, 0xFF20, 0xFD7F, 0xFD64, 0xFE5D, 0xFDAD, 0xFD7F,
    0xFD7E, 0xFED0, 0xFF15, 0x001C, 0x00EA, 0x00FD, 0x034E, 0x038F,
    0x048D, 0x04DB, 0x0428, 0x02FF, 0xFFCD, 0xFFF0, 0xFE96, 0xFCCB,
    0xFD94, 0xFE21, 0xFFF6, 0x001C, 0x0205, 0x022A, 0xFFE2, 0xFFD3,
    0xFD51, 0xFBEB, 0xFAB7, 0xFA63, 0xF9C0, 0xF9F6, 0xFDFB, 0xFE24,
    0x0161, 0x04D6, 0x057E, 0x0725, 0x05D0, 0x05B7, 0x02AF, 0x00CE,
    0xFFE9, 0xFD6E, 0xFDE9, 0xFD49, 0xFDBB, 0xFDE6, 0xFEA6, 0xFEFD,
    0xFDE2, 0xFF83, 0xFEDD, 0xFF01, 0xFFB4, 0xFF7A, 0x0109, 0x00A2,
    0x0284, 0x036F, 0x0305, 0x03C2, 0x00A7, 0xFFBB, 0xFEB3, 0xFC1B,
    0xFA75, 0xFA87, 0xFC73, 0xFBDA, 0xFE02, 0xFF2C, 0xFE84, 0xFF26,
    0xFDE4, 0xFD7C, 0xFBEF, 0xFB9A, 0xFACE, 0xF8B7, 0xFB63, 0xFC9D,
    0xFE3E, 0x01E5, 0x045F, 0x06D5, 0x06FA, 0x0820, 0x0723, 0x0491,
    0x0291, 0xFFF2, 0xFF0D, 0xFD3B, 0xFDC1, 0xFE1B, 0xFE17, 0x003D,
    0xFF2A, 0xFFE3, 0x0060, 0x0030, 0x0072, 0xFEC6, 0xFF70, 0xFECB,
    0x0087, 0x0274, 0x02AB, 0x04CA, 0x03C2, 0x02E3, 0x015E, 0x00CE,
    0xFFBA, 0xFD86, 0xFEDB, 0xFDC1, 0xFF18, 0x00CF, 0x00D1, 0x0198,
    0x0003, 0x0067, 0xFE60, 0xFCDD, 0xFCB0, 0xFA79, 0xFA44, 0xF9DE,
    0xFC1B, 0xFDA7, 0x0030, 0x0426, 0x0489, 0x0641, 0x0621, 0x04BE,
    0x035B, 0x01C4, 0x00A1, 0xFDB5, 0xFDAD, 0xFDB2, 0xFC84, 0xFE56,
    0xFEA7, 0xFF50, 0xFFDC, 0x0049, 0x00CA, 0xFFA4, 0x00CE, 0xFF18,
    0xFE78, 0xFF8F, 0xFF6A, 0x0078, 0xFFE2, 0x0099, 0xFF6E, 0xFEE3,
    0xFF1D, 0xFCEC, 0xFDC3, 0xFD4A, 0xFDD0, 0xFE60, 0xFDE7, 0xFECE,
    0xFD7A, 0xFEDE, 0xFE67, 0xFD64, 0xFE27, 0xFC60, 0xFBE2, 0xFABA,
    0xFC2C, 0xFCCB, 0xFDB5, 0x0157, 0x01B8, 0x0453, 0x05C0, 0x0623,
    0x05E0, 0x044E, 0x03D9, 0x00E7, 0x00E0, 0x0036, 0xFE60, 0xFEE4,
    0xFE19, 0xFF19, 0xFF0F, 0xFFBE, 0x00F3, 0x0089, 0x012A, 0xFF90,
    0xFFB9, 0x006A, 0x003F, 0x0176, 0x00AA, 0x0152, 0x009C, 0x001F,
    0x0110, 0x0078, 0x0165, 0x008C, 0x00B4, 0x01B4, 0x015D, 0x01C5,
    0xFF1C, 0xFEFF, 0xFE2A, 0xFBF4, 0xFD3A, 0xFC8D, 0xFCC3, 0xFBD1,
    0xFCA0, 0xFE3D, 0xFE9A, 0x011F, 0x00AC, 0x0260, 0x0355, 0x026C,
    0x02D0, 0x0205, 0x02F3, 0x00D4, 0x00AC, 0x0153, 0xFFF1, 0x00C5,
    0xFE8D, 0xFF53, 0xFEF0, 0xFE46, 0xFF11, 0xFE98, 0x00A9, 0x0033,
    0x00DC, 0x00C1, 0xFFFC, 0x006D, 0xFEDF, 0xFF3F, 0xFE0F, 0xFCD2,
    0xFCF6, 0xFCBC, 0xFE4D, 0xFE71, 0xFF2D, 0xFFF8, 0x00C7, 0x022E,
    0xFFC5, 0xFE9A, 0xFE10, 0xFBC2, 0xFB78, 0xFB4A, 0xFBDD, 0xFB47,
    0xFBFF, 0xFE0D, 0xFE7B, 0x0101, 0x0156, 0x01C1, 0x0267, 0x0254,
    0x02CF, 0x0159, 0x0239, 0x0198, 0x00AA, 0x020F, 0x01F2, 0x02DC,
    0x0130, 0x013E, 0x012F, 0xFFBE, 0x007D, 0xFE85, 0xFF9A, 0xFF69,
    0xFF5F, 0xFF98, 0xFF6D, 0x013F, 0xFF79, 0x0069, 0x0021, 0xFE6A,
    0xFEA9, 0xFD82, 0xFF2E, 0xFF3A, 0x00B9, 0x019A, 0x01D9, 0x0524,
    0x03E4, 0x0335, 0x0162, 0xFF7F, 0xFD4D, 0xFB3C, 0xFC1C, 0xFB6F,
    0xFBC3, 0xFC91, 0xFDAA, 0xFFF1, 0x011E, 0x02AE, 0x024A, 0x02D0,
    0x0343, 0x0054, 0x0033, 0xFF66, 0xFEDC, 0xFF48, 0x0062, 0x0254,
    0x01C5, 0x0201, 0x0236, 0x0102, 0x0124, 0xFFEF, 0xFECB, 0xFE81,
    0xFF03, 0xFF5B, 0xFE81, 0xFFF2, 0xFEF4, 0xFFA9, 0xFFF1, 0xFE13,
    0xFE61, 0xFC40, 0xFC8F, 0xFC4C, 0xFC96, 0xFEBE, 0xFE63, 0x00F4,
    0x01A7, 0x0192, 0x008D, 0xFF2D, 0xFEE1, 0xFBDF, 0xFC27, 0xFB4D,
    0xFB30, 0xFC38, 0xFCDD, 0xFFBC, 0xFFAD, 0x028A, 0x0278, 0x0130,
    0x0365, 0x0208, 0x021C, 0x00F4, 0x0013, 0xFEEE, 0xFE3A, 0x008A,
    0x0083, 0x01C8, 0x01EA, 0x01B9, 0x027A, 0x01D0, 0x028B, 0x0191,
    0x01E5, 0x015D, 0xFEEF, 0xFF68, 0xFDF4, 0xFE69, 0xFF56, 0xFEE9,
    0xFFED, 0xFF45, 0xFF7D, 0xFF24, 0xFE71, 0xFF5C, 0xFEF4, 0xFFF3,
    0x00B6, 0x0230, 0x01F6, 0x0094, 0x015D, 0xFF84, 0xFFA3, 0xFE5A,
    0xFD41, 0xFD63, 0xFBE0, 0xFDAE, 0xFE14, 0x00EE, 0x0394, 0x0325,
    0x0429, 0x01F3, 0x0125, 0xFFCA, 0xFE77, 0xFEFD, 0xFE0D, 0xFF61,
    0xFE52, 0x0089, 0x01FD, 0x0262, 0x03FB, 0x01B8, 0x0229, 0x0043,
    0xFF64, 0x00C4, 0x00E0, 0x015C, 0xFFFC, 0xFEF3, 0xFDD9, 0xFCB5,
    0xFC68, 0xFBD7, 0xFCCE, 0xFCF2, 0xFD1C, 0xFD8F, 0xFE85, 0x0132,
    0x0104, 0x00F4, 0x0039, 0xFE46, 0xFD49, 0xFABA, 0xFBB9, 0xFCFB,
    0xFDB8, 0x00BB, 0x005C, 0x0035, 0xFEC0, 0xFE8D, 0xFF60, 0xFFB5,
    0x022E, 0x01BF, 0x02BC, 0x02F7, 0x0200, 0x01AF, 0xFF25, 0x0078,
    0xFF55, 0xFE3A, 0xFDE8, 0xFD8A, 0x0074, 0x014C, 0x05D2, 0x05E1,
    0x0334, 0x01F4, 0xFF80, 0xFFB8, 0xFE20, 0xFEDA, 0xFF91, 0xFF4F,
    0x00EF, 0xFFBE, 0x00D8, 0xFEEC, 0xFEBA, 0x008E, 0xFE4D, 0xFE38,
    0xFE00, 0xFF3E, 0x0009, 0x0373, 0x0493, 0xFE6C, 0xFBD8, 0xFBFE,
    0xFB17, 0xFB90, 0xFDE0, 0x00EE, 0x0105, 0x03AB, 0x0653, 0x04B2,
    0x028A, 0x00ED, 0x0218, 0xFF7B, 0xFD14, 0xFCB7, 0xFB72, 0xFD05,
    0x0198, 0x0465, 0x01D4, 0xFF27, 0x00EE, 0xFE89, 0xFDA6, 0xFF77,
    0x00BF, 0x02C4, 0x0357, 0x071D, 0x04C1, 0x001E, 0xFDB4, 0xFED8,
    0xFF20, 0xFA1F, 0xFAE2, 0xFB3B, 0xF958, 0xFE4B, 0x0374, 0x026C,
    0xFE62, 0x003B, 0xFFBB, 0xFA3A, 0xFC6E, 0xFC45, 0xFB27, 0xFBEB,
    0x011B, 0x0240, 0xFCEE, 0xFE4E, 0x014B, 0x024D, 0x00CF, 0x0187,
    0x0358, 0x0082, 0x0229, 0x063E, 0x03D2, 0xFFA5, 0xFD22, 0xFEA9,
    0xFBEF, 0xFB23, 0xFE54, 0xFF29, 0x0013, 0x03C9, 0x07DB, 0x025A,
    0xFE23, 0x023B, 0x0234, 0xFF16, 0xFF46, 0x0183, 0xFF45, 0xFD2A,
    0x05A3, 0x0531, 0xFE92, 0xFD9C, 0xFFD6, 0xFD4A, 0xF96E, 0xFE7D,
    0xFFA7, 0xFEF0, 0x0430, 0x0817, 0x03AF, 0xFCC8, 0xFCF6, 0xFD15,
    0xF89B, 0xFA45, 0xFC55, 0xFE83, 0xFDD1, 0x03B9, 0x09BE, 0x0447,
    0x02E3, 0x04AD, 0x0403, 0xFC68, 0xFBEF, 0xFF2F, 0xFAD2, 0xFC23,
    0x049A, 0x0426, 0xFCE2, 0xFCFF, 0x022D, 0xFDA5, 0xFCE0, 0x0162,
    0x008B, 0xFF1E, 0x0229, 0x0901, 0x0304, 0xFEE3, 0x020F, 0x0050,
    0xFB07, 0xFAA5, 0xFEBF, 0xFC07, 0xFA42, 0x0346, 0x04AB, 0xFDE2,
    0xFBF3, 0xFFCA, 0xFFBD, 0xFAAF, 0xFDD7, 0xFE3B, 0xFB84, 0xFA59,
    0x00C5, 0x0197, 0xFA25, 0xFD23, 0x0070, 0xFD6B, 0xFDA6, 0x0329,
    0x045C, 0x009F, 0x081F, 0x0D95, 0x03E7, 0xFED6, 0xFF95, 0xFE84,
    0xF8CE, 0xFC04, 0x002B, 0xFCAF, 0xFCD2, 0x0432, 0x070A, 0xFF40,
    0xFE3A, 0x03C4, 0x018D, 0xFEEB, 0x0096, 0x008F, 0xFE31, 0xFEF1,
    0x0803, 0x0496, 0xFD7F, 0xFD58, 0xFEE8, 0xFD0C, 0xFB83, 0x00D7,
    0x0040, 0xFC8A, 0x02A9, 0x086E, 0x00AB, 0xFA7C, 0xFEBD, 0xFE0E,
    0xF77C, 0xFB75, 0xFE4D, 0xFC93, 0xFC8A, 0x06DD, 0x0922, 0xFFAB,
    0x00FA, 0x0382, 0x02CC, 0x009B, 0x01D8, 0x01EB, 0xFCA4, 0xFE03,
    0x042A, 0xFFCC, 0xF93F, 0xFA74, 0xFEFB, 0xFB08, 0xFC32, 0x0163,
    0x0070, 0xFF0D, 0x050E, 0x0D25, 0x0404, 0xFE7C, 0x0283, 0x005C,
    0xFB45, 0xFCA2, 0x00ED, 0xFCDA, 0xFA3E, 0x0473, 0x036C, 0xFAB8,
    0xFB3C, 0x0030, 0xFE38, 0xFBD1, 0x0028, 0xFD11, 0xF8A6, 0xFBE4,
    0x030F, 0xFEAC, 0xF83C, 0xFCA0, 0xFF36, 0xFC92, 0xFF2F, 0x0353,
    0x043A, 0x003F, 0x0781, 0x0D2F, 0x024C, 0xFF07, 0x01E1, 0x012D,
    0xFAAF, 0xFD4E, 0x00D8, 0xFAFE, 0xFBAC, 0x04C2, 0x0428, 0xFB2C,
    0xFC25, 0x032C, 0xFFB8, 0x00DE, 0x05CA, 0x03BF, 0xFF38, 0x0178,
    0x097F, 0x0050, 0xF9F4, 0xFE0B, 0xFE68, 0xFB4A, 0xFCF4, 0x0214,
    0xFF03, 0xFCAA, 0x0524, 0x07C8, 0xFF7F, 0xFAF6, 0xFEEB, 0xFCB7,
    0xF884, 0xFD0B, 0xFED4, 0xFC55, 0xFD19, 0x0773, 0x05FD, 0xFCA6,
    0x003C, 0x04FF, 0x018E, 0x01BA, 0x05AF, 0x038C, 0xFC42, 0x013E,
    0x0718, 0xFD58, 0xF86F, 0xFB79, 0xFCFF, 0xF876, 0xFCFC, 0x0190,
    0xFDB0, 0xFDAA, 0x05FE, 0x0A46, 0x017A, 0xFFC6, 0x0544, 0x0110,
    0xFE29, 0x00DF, 0x0143, 0xFBBD, 0xFBDE, 0x0557, 0xFFC4, 0xF8AC,
    0xFAEB, 0xFEEF, 0xFCA2, 0xFD80, 0x03ED, 0xFF95, 0xF99E, 0xFEA9,
    0x0321, 0xFA6E, 0xF4E9, 0xFC21, 0xFD3C, 0xF9EF, 0x00E0, 0x049E,
    0x0193, 0x0059, 0x0A73, 0x0B0E, 0x00B3, 0x011A, 0x02F5, 0xFFF5,
    0xFD18, 0x009E, 0x0148, 0xFA63, 0xFD33, 0x04CD, 0xFF75, 0xF8FA,
    0xFC0D, 0x012E, 0xFD86, 0x01C3, 0x0873, 0x0456, 0x0000, 0x05DF,
    0x0A30, 0xFE3B, 0xFAA2, 0xFF83, 0xFB9E, 0xF9F8, 0xFF2D, 0x028C,
    0xFC68, 0xFC7D, 0x080E, 0x048D, 0xFCFE, 0xFD55, 0x009B, 0xFCA0,
    0xFA94, 0x0022, 0xFE19, 0xF9F8, 0xFE4F, 0x0679, 0x016B, 0xFBBD,
    0x016C, 0x020B, 0xFF37, 0x0436, 0x085E, 0x0496, 0xFE8F, 0x0641,
    0x0644, 0xF9B6, 0xF806, 0xFC1B, 0xFAF4, 0xF797, 0xFDF3, 0x010D,
    0xFA96, 0xFDA3, 0x07F0, 0x056B, 0xFED5, 0x0246, 0x054C, 0xFFCE,
    0x01EB, 0x0522, 0x0122, 0xFC59, 0x0068, 0x0578, 0xFB98, 0xF867,
    0xFCC2, 0xFCAB, 0xFC22, 0xFFFB, 0x04BA, 0xFF27, 0xFB39, 0x0374,
    0x011B, 0xF72E, 0xF578, 0xFB72, 0xF9A8, 0xF95B, 0x0255, 0x02CE,
    0xFF5B, 0x02B7, 0x0BA4, 0x0656, 0xFEF2, 0x0449, 0x0437, 0xFFB6,
    0x01CB, 0x046B, 0xFFF1, 0xF94E, 0x0140, 0x0312, 0xF984, 0xF88D,
    0xFD3A, 0xFD9E, 0xFBD2, 0x039A, 0x07BD, 0x03D2, 0x03EA, 0x0A82,
    0x07EA, 0xFCFC, 0xFC4C, 0xFF49, 0xFB81, 0xFC8E, 0x00D4, 0x0097,
    0xFAD3, 0xFEDB, 0x072E, 0xFFBA, 0xFBC0, 0x0046, 0xFFDE, 0xFB80,
    0xFE69, 0x027D, 0xFBF0, 0xF949, 0x0304, 0x03E9, 0xFC77, 0xFBA6,
    0x0287, 0x008F, 0xFF6F, 0x06B0, 0x077E, 0x0308, 0x01D7, 0x09AD,
    0x040E, 0xF9EA, 0xFB6B, 0xFB67, 0xF8C8, 0xFA21, 0xFDE1, 0xFC29,
    0xF7C9, 0x00C3, 0x05B9, 0x0003, 0xFE32, 0x0362, 0x0501, 0x003E,
    0x0595, 0x06CE, 0xFF63, 0xFBDD, 0x0371, 0x0328, 0xF845, 0xFA14,
    0xFE92, 0xFB36, 0xFC5B, 0x01CC, 0x0378, 0xFD76, 0x0028, 0x06C5,
    0xFE4C, 0xF75F, 0xF8AB, 0xFA36, 0xF7D2, 0xFBD2, 0x01DA, 0xFE1A,
    0xFC25, 0x056C, 0x08F6, 0x01FB, 0x0044, 0x0660, 0x03E0, 0x0150,
    0x05A0, 0x0531, 0xFE29, 0xFB09, 0x0460, 0x0060, 0xF6CE, 0xF98D,
    0xFC94, 0xFADC, 0xFC8E, 0x031A, 0x03AD, 0x001F, 0x07E2, 0x0BDB,
    0x0428, 0xFED6, 0x00C4, 0xFFDD, 0xFA62, 0xFF4F, 0x0089, 0xFBA4,
    0xF94F, 0x02D3, 0x0526, 0xFB4B, 0xFD40, 0x023B, 0xFFF2, 0xFE2A,
    0x015B, 0x01F1, 0xF9E6, 0xFAD0, 0x0343, 0xFED5, 0xFA9B, 0xFDCF,
    0x01C7, 0xFEF1, 0x01BF, 0x06E2, 0x033D, 0x00D6, 0x07EA, 0x0B24,
    0x00C2, 0xFCFE, 0xFFFF, 0xFB26, 0xF841, 0xFC3E, 0xFCE4, 0xF7EC,
    0xF5F6, 0x011C, 0x01C0, 0xFC03, 0xFFB2, 0x04AE, 0x047E, 0x0386,
    0x080F, 0x0598, 0xFDC3, 0x007E, 0x0511, 0xFF3E, 0xF92D, 0xFC91,
    0xFD95, 0xF9B9, 0xFEA9, 0x0075, 0xFD82, 0xFB0F, 0x03A9, 0x0634,
    0xFB1A, 0xFADF, 0xFD5A, 0xFA21, 0xF879, 0xFCD8, 0xFF06, 0xF90C,
    0xFBD1, 0x05F0, 0x04FB, 0x00B3, 0x0251, 0x070E, 0x044E, 0x052F,
    0x0704, 0x033D, 0xFD2E, 0xFDBF, 0x0331, 0xFBE5, 0xF805, 0xFC95,
    0xFBE5, 0xFA18, 0xFE61, 0x0259, 0xFE7D, 0xFE58, 0x0ADC, 0x0B22,
    0x02CA, 0x01B2, 0x03F0, 0x00B7, 0xFD30, 0x0084, 0xFF24, 0xF930,
    0xFA5B, 0x01C6, 0x00D0, 0xFB55, 0xFE90, 0x01CB, 0xFF36, 0x01EF,
    0x02AB, 0xFF5E, 0xFA1A, 0xFE43, 0x02D6, 0xFB93, 0xFB21, 0xFF1A,
    0xFFCC, 0xFDF7, 0x01D4, 0x05EC, 0x005D, 0x0096, 0x09A9, 0x09EC,
    0x01EB, 0x0050, 0x02D7, 0xFC00, 0xFA30, 0xFC75, 0xFA11, 0xF556,
    0xF6EA, 0x000B, 0xFCF6, 0xFB7C, 0x00CF, 0x0351, 0x0351, 0x054F,
    0x08F8, 0x04A4, 0xFE7C, 0x02D5, 0x03E2, 0xFDD5, 0xFBD1, 0xFEF3,
    0xFD1C, 0xF9C3, 0xFF21, 0x0027, 0xFB70, 0xFAAD, 0x03B7, 0x0443,
    0xFD15, 0xFEC8, 0xFF27, 0xF9C9, 0xFA3D, 0xFD1F, 0xFC11, 0xF719,
    0xFB58, 0x03AB, 0x0149, 0x0123, 0x0400, 0x0651, 0x0369, 0x0655,
    0x08FC, 0x01F1, 0xFD86, 0x0156, 0x02D5, 0xFB27, 0xFA4B, 0xFE98,
    0xFA7A, 0xFA01, 0xFE39, 0xFF44, 0xFC84, 0xFD97, 0x0891, 0x07E7,
    0x04EE, 0x06B2, 0x05CC, 0x0180, 0xFF82, 0x0214, 0xFD2E, 0xF6F7,
    0xFAE9, 0xFF9A, 0xFC90, 0xFB6E, 0x00B7, 0xFFDE, 0xFE5E, 0x0407,
    0x0482, 0xFFAA, 0xFA9A, 0xFF9E, 0x00C4, 0xFB26, 0xFCF0, 0x0026,
    0xFEE0, 0xFE74, 0x0330, 0x04F0, 0xFF1B, 0x0196, 0x09FD, 0x0683,
    0x02AA, 0x0407, 0x022F, 0xFB74, 0xFC61, 0xFD0F, 0xF828, 0xF4BF,
    0xF857, 0xFDCA, 0xFA65, 0xFB13, 0x0094, 0x0013, 0x016A, 0x05E3,
    0x08C8, 0x0434, 0xFFD0, 0x073C, 0x0478, 0xFEE3, 0xFF21, 0xFFDA,
    0xFB9F, 0xF978, 0xFE8E, 0xFCB0, 0xF973, 0xFBFE, 0x0297, 0x024E,
    0xFFC7, 0x03C6, 0x01A5, 0xFBB5, 0xFC08, 0xFC6E, 0xF953, 0xF4A5,
    0xFC5D, 0x0110, 0xFDB1, 0x019F, 0x061B, 0x04F1, 0x0348, 0x0810,
    0x082F, 0x011A, 0xFE3C, 0x0147, 0xFFE0, 0xFB13, 0xFC26, 0xFEF4,
    0xFAE0, 0xFB7E, 0xFEC5, 0xFDD1, 0xFB33, 0xFE7E, 0x06E7, 0x058B,
    0x0531, 0x092F, 0x06AB, 0x021F, 0x01C0, 0x02D2, 0xFDA8, 0xF79D,
    0xFCF4, 0xFDAF, 0xF9FF, 0xFADA, 0x008C, 0xFFD4, 0xFD57, 0x0420,
    0x0451, 0x001C, 0xFED9, 0x0395, 0x00E0, 0xFBC9, 0xFFF9, 0xFFB5,
    0xFC0D, 0xFD5A, 0x0113, 0x0172, 0xFDCD, 0x032A, 0x0746, 0x04B9,
    0x0534, 0x06CA, 0x05AA, 0xFEF6, 0xFE95, 0xFDB7, 0xF76C, 0xF40A,
    0xF919, 0xFD04, 0xF905, 0xFB41, 0x0102, 0xFF23, 0xFF83, 0x0574,
    0x07D0, 0x02D7, 0x0208, 0x0760, 0x024B, 0xFE77, 0x0116, 0x00C4,
    0xFC3A, 0xFBAB, 0xFEFA, 0xFB42, 0xF76E, 0xFDB5, 0x014E, 0xFF41,
    0x00AD, 0x04A9, 0x01EE, 0xFD1D, 0xFEB4, 0xFD56, 0xFA07, 0xF703,
    0xFC91, 0xFE67, 0xFA91, 0xFEA7, 0x02BD, 0x03C6, 0x0315, 0x06BE,
    0x07E8, 0x0024, 0x008F, 0x0414, 0xFF5D, 0xFB7E, 0xFD3E, 0xFDA0,
    0xF74C, 0xF9D3, 0xFD2D, 0xFB27, 0xF968, 0xFF26, 0x0515, 0x01D6,
    0x05DA, 0x0A9B, 0x0822, 0x055E, 0x0545, 0x0448, 0xFC4D, 0xF7F3,
    0xFD4A, 0xFBED, 0xF94E, 0xFC4F, 0xFF3F, 0xFDB6, 0xFE6E, 0x03A4,
    0x0407, 0x00CD, 0x0269, 0x061B, 0x026B, 0xFEDB, 0x0428, 0x0544,
    0x0174, 0x0399, 0x057B, 0x0429, 0xFF8C, 0x0709, 0x0BA9, 0x0742,
    0x0B17, 0x0D6D, 0x08C0, 0x02BC, 0x0306, 0x017F, 0xF884, 0xF67D,
    0xFA2E, 0xF914, 0xF713, 0xF993, 0xFC67, 0xF9CF, 0xFE6D, 0x02CF,
    0x0390, 0x0014, 0x00EF, 0x06A8, 0x011B, 0x0032, 0x0121, 0xFD73,
    0xF872, 0xF7D0, 0xFB18, 0xF5F8, 0xF1F4, 0xF861, 0xFB80, 0xF9F2,
    0xFBAB, 0x0122, 0xFE5F, 0xFBF5, 0xFF2E, 0xFCF6, 0xF6BD, 0xF3A2,
    0xF9DA, 0xF9DD, 0xF879, 0xFE1F, 0xFE8F, 0xFD06, 0x00B4, 0x0537,
    0x0415, 0xFE8F, 0x01E4, 0x043A, 0xFF78, 0xFDDF, 0xFE8F, 0xFBEC,
    0xF7B8, 0xFB89, 0xFE7C, 0xFA4E, 0xF811, 0xFDA3, 0x0240, 0x0169,
    0x04E5, 0x0A3A, 0x07C5, 0x0701, 0x08A1, 0x072A, 0xFF53, 0xFD4F,
    0x0239, 0xFDAC, 0xFCDD, 0xFEB3, 0xFDAA, 0xFC0B, 0xFF07, 0x05A9,
    0x0272, 0xFF7D, 0x0461, 0x066B, 0x0406, 0x021A, 0x0403, 0xFFED,
    0xFD39, 0x00A9, 0x00EE, 0xFD84, 0xFA37, 0x0128, 0x02BD, 0x01A6,
    0x0468, 0x03E6, 0x0279, 0x0013, 0x01E0, 0xFF80, 0xF654, 0xF652,
    0xF8CD, 0xF6B0, 0xF630, 0xF9BA, 0xFA2F, 0xF701, 0xFB6A, 0x0111,
    0xFFA4, 0xFD72, 0x0405, 0x07F7, 0x0471, 0x055F, 0x04A5, 0xFFFF,
    0xFF81, 0x012F, 0x03A6, 0xFF36, 0xFE51, 0x0586, 0x066D, 0x083E,
    0x0A6C, 0x0BF4, 0x0BB9, 0x0B65, 0x0E5D, 0x09D1, 0x0257, 0x0219,
    0x03B0, 0x017F, 0x0035, 0x031E, 0x006E, 0xFF90, 0x03D2, 0x0749,
    0x0680, 0x016B, 0x05AD, 0x055E, 0x022C, 0x0242, 0xFE06, 0xFB95,
    0xFA3F, 0xFBFE, 0xFB36, 0xF6EE, 0xF78E, 0xF8F3, 0xF9ED, 0xFC99,
    0xFEE9, 0xFDAA, 0xFF3A, 0x0650, 0x0674, 0x0492, 0x010B, 0xFE32,
    0xFC2C, 0xF7D8, 0xF8B1, 0xF499, 0xF45A, 0xF9CB, 0xFBFF, 0xFDE0,
    0xFF81, 0x0074, 0xFFBA, 0xFFFC, 0x0191, 0xFEC7, 0xFB2E, 0xFD48,
    0x00ED, 0x012A, 0xFFE4, 0x0193, 0xFE5E, 0xFB85, 0xFCA0, 0xFC92,
    0xFD43, 0xFF21, 0x059A, 0x06BD, 0x0577, 0x0703, 0xFFF9, 0xF88A,
    0xF724, 0xF58E, 0xF42B, 0xF6F2, 0xFE5D, 0xFF53, 0x001F, 0x0488,
    0x05A8, 0x0273, 0x0059, 0x044D, 0x0372, 0x06FB, 0x0AEC, 0x0AA3,
    0x085D, 0x05FA, 0x03B7, 0xFA7C, 0xF5AC, 0xF378, 0xF4A9, 0xFB13,
    0xFE92, 0x03B9, 0x0498, 0x0487, 0x0592, 0xFF9B, 0xFB14, 0xF3BA,
    0xF22F, 0xF96A, 0xFC3A, 0xFDBA, 0x0023, 0x00BF, 0xFC87, 0xFA77,
    0xFB8C, 0xF500, 0xF342, 0xFD1C, 0x0276, 0x0178, 0x00EA, 0x0230,
    0xFB01, 0xF672, 0xF9B9, 0xF534, 0xF384, 0xFBFE, 0x064F, 0x086A,
    0x09DD, 0x102E, 0x0B94, 0x0916, 0x0CD4, 0x0ADD, 0x05C1, 0x0605,
    0x0E77, 0x0BC6, 0x07B8, 0x067A, 0xFF0D, 0xFB14, 0xF9BF, 0xFC13,
    0xFC1A, 0x00B8, 0x0AAC, 0x0CC6, 0x0EBE, 0x0C7F, 0x05E3, 0xFFE0,
    0xFD76, 0xFD52, 0xFBF3, 0x00A3, 0x04FD, 0x075F, 0x08E9, 0x069A,
    0x015C, 0xFC41, 0xFCD5, 0xFB0C, 0xFCA1, 0x0539, 0x05FF, 0x03C8,
    0x01FA, 0xFFEA, 0xF732, 0xEF5F, 0xF0D8, 0xEE60, 0xF0D4, 0xFB3C,
    0x023D, 0x031D, 0x041D, 0x06A0, 0x021A, 0xFC91, 0xFD31, 0xF97C,
    0xF98C, 0xFFEE, 0x059E, 0x029E, 0xFCDB, 0xFCEB, 0xF587, 0xF09B,
    0xF052, 0xF0A1, 0xF4DF, 0xFCC8, 0x0829, 0x0A88, 0x0591, 0x01BA,
    0xFA66, 0xF620, 0xF34C, 0xF1F3, 0xF464, 0xFCEA, 0x06AE, 0x08F6,
    0x09B9, 0x04C4, 0x0041, 0xFCF9, 0xFC0D, 0xFCCF, 0xFC95, 0x04AD,
    0x09DF, 0x09B4, 0x09DA, 0x01F8, 0xF794, 0xF1E5, 0xF462, 0xF3D3,
    0xF437, 0x003B, 0x088C, 0x0C5D, 0x0DAC, 0x0E1E, 0x03E0, 0xF999,
    0xFB36, 0xF8A1, 0xF71C, 0xFDC6, 0x0337, 0x02AB, 0x00CD, 0x0105,
    0xF713, 0xEC39, 0xF0AA, 0xF3D4, 0xF655, 0xFFCB, 0x09F0, 0x0A68,
    0x06D3, 0x064D, 0xFE6B, 0xF5D5, 0xF50D, 0xF873, 0xFE5A, 0x061F,
    0x1004, 0x11FD, 0x11C7, 0x10F3, 0x08A4, 0x03D4, 0xFF78, 0xFE8D,
    0x00BD, 0x06D7, 0x0CA3, 0x0AB6, 0x09C0, 0x04A2, 0xFCAA, 0xF916,
    0xF763, 0xF7FB, 0xFCE5, 0x0AF8, 0x1398, 0x145A, 0x1724, 0x11D0,
    0x082F, 0xFF53, 0xFDB3, 0xF907, 0xF5E1, 0x0132, 0x07C3, 0x07BD,
    0x0660, 0x039C, 0xFB06, 0xF32C, 0xF695, 0xF7C8, 0xF7D7, 0xFFD1,
    0x0836, 0x09BE, 0x04DA, 0x01F5, 0xF822, 0xEE6B, 0xEFA1, 0xF1E6,
    0xF280, 0xF686, 0x0273, 0x074F, 0x04C1, 0x04B2, 0xFD4A, 0xF3F9,
    0xF13D, 0xF23C, 0xF417, 0xF4E1, 0xFC79, 0xFF0E, 0xFE44, 0xFC5B,
    0xF3E2, 0xEE1D, 0xED00, 0xF1BD, 0xF7DA, 0xFF32, 0x0814, 0x0BAF,
    0x0CB0, 0x0970, 0xFFDE, 0xF6E3, 0xF212, 0xF383, 0xF4AA, 0xFE53,
    0x054F, 0x0541, 0x0968, 0x0A32, 0x05FF, 0xFDAE, 0xFE3F, 0x0002,
    0xFF39, 0x07C1, 0x0F52, 0x0D8E, 0x0B32, 0x0BAE, 0x05A4, 0xFB0E,
    0xFBE1, 0xFB81, 0xFB1E, 0x0365, 0x0C06, 0x0E53, 0x0A5C, 0x0D69,
    0x06D1, 0xFAE1, 0xF863, 0xF507, 0xF3D8, 0xF76B, 0xFEB1, 0x01C7,
    0xFCB8, 0xFC42, 0xF83E, 0xF2D3, 0xF3D0, 0xF5D8, 0xF9C7, 0x002C,
    0x090F, 0x0AAC, 0x09B4, 0x0648, 0xFF00, 0xF92E, 0xF62A, 0xF6A6,
    0xF8E4, 0xFE6A, 0x0653, 0x08C9, 0x0CA1, 0x0BF7, 0x04D7, 0x00F9,
    0xFE7E, 0xFE10, 0xFD42, 0x0346, 0x07E3, 0x0800, 0x0A8C, 0x0AC1,
    0x049E, 0xFC26, 0xFB4D, 0xFE98, 0xFF3F, 0x0638, 0x0C25, 0x0E9D,
    0x0F04, 0x0D1E, 0x0828, 0xFA2E, 0xF6FA, 0xF733, 0xF641, 0xFBCC,
    0x0166, 0x039C, 0x00DA, 0x0239, 0x0122, 0xF85D, 0xF754, 0xFC11,
    0x0176, 0x04D6, 0x0A00, 0x0B10, 0x03EA, 0x0107, 0xFBB5, 0xF347,
    0xEBF3, 0xED24, 0xF1ED, 0xF6E0, 0x0193, 0x067A, 0x052D, 0x0413,
    0x0098, 0xFA16, 0xF298, 0xF227, 0xF53F, 0xFABD, 0x036A, 0x05B1,
    0x05E1, 0x0379, 0xFF62, 0xF914, 0xF4CC, 0xF5C6, 0xF705, 0xFF7D,
    0x0955, 0x0BAA, 0x0ACA, 0x0690, 0x0044, 0xF6A8, 0xF1B4, 0xF259,
    0xF03E, 0xF738, 0x012B, 0x06B7, 0x08DC, 0x09CC, 0x08C4, 0x0127,
    0xFFB8, 0x0292, 0x019F, 0x04E3, 0x0C2B, 0x1000, 0x0BFE, 0x0997,
    0x0484, 0xF8EC, 0xF3B7, 0xF2F9, 0xF60A, 0xF9BF, 0x0435, 0x0D70,
    0x0CF8, 0x0CE3, 0x06C8, 0xFBF8, 0xF296, 0xEFC7, 0xF22B, 0xF3FA,
    0xFBF8, 0x0312, 0x04C4, 0x048A, 0x007A, 0xFADB, 0xF294, 0xF265,
    0xF5F9, 0xFA4F, 0x0217, 0x05DD, 0x08D8, 0x07C3, 0x03D1, 0xFD46,
    0xF3DF, 0xF152, 0xF22C, 0xF7E0, 0x008E, 0x058C, 0x0B6C, 0x0DB8,
    0x0E65, 0x0917, 0x0312, 0x000C, 0xFDAA, 0x0200, 0x06E8, 0x0A95,
    0x0A1A, 0x0998, 0x0963, 0x018B, 0xFB2C, 0xF97D, 0xFA67, 0x0007,
    0x0824, 0x0FFA, 0x0EF6, 0x0DD4, 0x0CA0, 0x0492, 0xFC90, 0xF71D,
    0xF786, 0xF852, 0xFFC4, 0x092F, 0x0911, 0x0875, 0x0866, 0x0617,
    0xFFDC, 0xFB0B, 0xFCB0, 0xFB80, 0xFEEE, 0x04A3, 0x0483, 0x00C3,
    0xFC47, 0xF8F1, 0xF050, 0xEBC2, 0xED3B, 0xF001, 0xF736, 0xFFF4,
    0x06C3, 0x069D, 0x04CF, 0x03C4, 0xFBD3, 0xF78E, 0xF5D9, 0xF7BD,
    0xFC4D, 0xFFC2, 0x03C4, 0x0224, 0x018F, 0xFCCF, 0xF7A9, 0xF6A4,
    0xF678, 0xFAAE, 0x0045, 0x0616, 0x072A, 0x050A, 0x052A, 0xFE30,
    0xF67D, 0xF400, 0xF431, 0xF777, 0xFD32, 0x0707, 0x0807, 0x07F8,
    0x0C08, 0x09FC, 0x0245, 0xFD8C, 0xFEE0, 0xFD49, 0x0035, 0x077D,
    0x0510, 0x0058, 0xFE83, 0xFCBA, 0xF4A9, 0xEE9C, 0xF2F1, 0xF61B,
    0xFE3C, 0x077D, 0x0B0E, 0x08EF, 0x054E, 0x047C, 0xFBB5, 0xF300,
    0xF1DE, 0xF3FA, 0xFA14, 0xFF93, 0x04AB, 0x025B, 0xFE5B, 0xFF18,
    0xFAA6, 0xF6CA, 0xF46F, 0xF829, 0x0037, 0x0683, 0x0BC2, 0x0A9C,
    0x071C, 0x0380, 0xFDFB, 0xFABA, 0xF812, 0xFA93, 0x02DE, 0x0B89,
    0x115A, 0x128D, 0x1249, 0x0D33, 0x0871, 0x0323, 0xFF4D, 0xFEDB,
    0x0133, 0x08D4, 0x0A2C, 0x0833, 0x0635, 0x0180, 0xFCF0, 0xF883,
    0xFB56, 0xFEA6, 0x035F, 0x0E5B, 0x12B8, 0x123A, 0x0D2A, 0x0863,
    0xFFB3, 0xF5BB, 0xF63F, 0xF6E2, 0xFB2E, 0x0354, 0x0A81, 0x0C6B,
    0x06F6, 0x064D, 0x003E, 0xF618, 0xF381, 0xF4AA, 0xF784, 0xFB13,
    0x02E7, 0x0464, 0xFE86, 0xFAC8, 0xF5B6, 0xEDA7, 0xE919, 0xED3C,
    0xF357, 0xF9DF, 0x03A7, 0x082F, 0x067D, 0x0350, 0xFF19, 0xF7A3,
    0xEFA3, 0xF004, 0xF21C, 0xF6F5, 0xFCEC, 0xFF7B, 0x0015, 0xFC3B,
    0xFADF, 0xF7DE, 0xF493, 0xF6C5, 0xFA83, 0x035F, 0x0850, 0x08D6,
    0x083F, 0x02E0, 0xFF4C, 0xF916, 0xF599, 0xF652, 0xFA34, 0x0484,
    0x0BBB, 0x104E, 0x0F4D, 0x0BF0, 0x080D, 0x0021, 0xFBB2, 0xF897,
    0xF9DB, 0xFF44, 0x0578, 0x0950, 0x0665, 0x0460, 0x0099, 0xFBC2,
    0xF792, 0xF6E7, 0xFC47, 0x01A0, 0x099F, 0x0EA9, 0x0D14, 0x075A,
    0x0144, 0xFCEB, 0xF408, 0xF00D, 0xF23B, 0xF417, 0xFA8D, 0x0009,
    0x02B7, 0xFF3B, 0xFCF4, 0xFE23, 0xF9D9, 0xFA3E, 0xFE3B, 0x02A6,
    0x0702, 0x0A0C, 0x0BCF, 0x0670, 0x00D4, 0xFF1E, 0xFCCD, 0xFC32,
    0xFF03, 0x0682, 0x0C58, 0x102E, 0x1298, 0x0DC4, 0x0732, 0x015D,
    0xFE29, 0xFC02, 0xFBEA, 0x0027, 0x03CC, 0x07B8, 0x093F, 0x074D,
    0x03D0, 0xFE32, 0xFD16, 0xFDCB, 0xFFFE, 0x0384, 0x089F, 0x0D67,
    0x0A81, 0x074B, 0x0101, 0xFA25, 0xF527, 0xF2AC, 0xF602, 0xF7A9,
    0xFD41, 0x0396, 0x04EA, 0x040F, 0xFED6, 0xFC10, 0xF6FC, 0xF45D,
    0xF7E4, 0xF8F6, 0xFB90, 0xFE2A, 0xFFFF, 0xFBE0, 0xF711, 0xF685,
    0xF2D7, 0xF1A2, 0xF53B, 0xFB82, 0x0106, 0x04F6, 0x085C, 0x03F3,
    0xFDE7, 0xF92C, 0xF590, 0xF33A, 0xF1F2, 0xF8B3, 0xFDAD, 0x0164,
    0x05FA, 0x062E, 0x022C, 0xFDC5, 0xFE72, 0xFD52, 0xFBD9, 0x0169,
    0x067E, 0x096E, 0x09C3, 0x084F, 0x02B2, 0xFB06, 0xFAA5, 0xF93D,
    0xF97F, 0xFE15, 0x04AD, 0x0A9F, 0x0B50, 0x0C7F, 0x0842, 0x00B5,
    0xFE76, 0xFB85, 0xFA6C, 0xFACB, 0xFF1B, 0x03CD, 0x04F7, 0x0636,
    0x01E7, 0xFDC4, 0xFA70, 0xF9B5, 0xFAE4, 0xFC95, 0x017A, 0x0371,
    0x069E, 0x0643, 0xFFDC, 0xFA17, 0xF2E0, 0xF089, 0xEF57, 0xF290,
    0xF85E, 0xFB46, 0x0344, 0x0578, 0x0451, 0x01F8, 0xFF37, 0xFE1A,
    0xFC63, 0xFFEC, 0x029F, 0x0419, 0x077F, 0x087B, 0x0709, 0x00D3,
    0xFE91, 0xFE37, 0xFDBE, 0x02B1, 0x061D, 0x0ABF, 0x0C7B, 0x0E5D,
    0x0DBD, 0x06AF, 0x0280, 0xFEC9, 0xFC3A, 0xFD85, 0x00C0, 0x05AA,
    0x07CB, 0x09E1, 0x0A2C, 0x061B, 0x0281, 0xFF51, 0xFFB8, 0xFEA5,
    0x00F7, 0x051D, 0x06C6, 0x07DB, 0x0424, 0x0070, 0xF9D6, 0xF5BE,
    0xF6DF, 0xF652, 0xFB38, 0xFEE6, 0x021F, 0x05DB, 0x0472, 0x02B5,
    0xFC51, 0xF890, 0xF5F4, 0xF486, 0xF667, 0xF6CB, 0xFA42, 0xFBDF,
    0xFC6C, 0xFAE3, 0xF7F6, 0xF8E2, 0xF6E6, 0xF915, 0xFCAE, 0xFE7A,
    0x0135, 0x024A, 0x04BF, 0xFE5A, 0xF95F, 0xF846, 0xF579, 0xF739,
    0xFB81, 0xFFE0, 0x017A, 0x058E, 0x08FE, 0x0435, 0x0131, 0x0027,
    0xFD4A, 0xFC12, 0xFF6F, 0x04BC, 0x035E, 0x05CE, 0x06E8, 0x024A,
    0xFEFD, 0xFC2F, 0xFCE3, 0xFC76, 0x0009, 0x0500, 0x05AB, 0x095C,
    0x09B1, 0x06AD, 0x0264, 0xFD01, 0xFAC1, 0xF79C, 0xF8AB, 0xFAA9,
    0xFCAF, 0xFF26, 0xFF8D, 0x0181, 0xFED4, 0xFBE8, 0xFA50, 0xFAC8,
    0xFD51, 0xFC43, 0xFED5, 0xFF11, 0xFCB9, 0xFB17, 0xF623, 0xF3F7,
    0xF141, 0xF49F, 0xF968, 0xFC14, 0x0130, 0x03AC, 0x05E9, 0x050D,
    0x03AF, 0x0091, 0xFDBD, 0x00CB, 0x02C2, 0x0637, 0x07CA, 0x0825,
    0x0AF6, 0x088E, 0x0722, 0x03FF, 0x02B0, 0x0399, 0x0594, 0x0C91,
    0x0DDD, 0x0D38, 0x0DFB, 0x0CD2, 0x0830, 0x0261, 0x001D, 0xFCB9,
    0xFD02, 0x02C6, 0x058F, 0x073A, 0x085C, 0x09ED, 0x0683, 0x01F3,
    0x0199, 0xFE7C, 0xFEA3, 0x017D, 0x02ED, 0x0146, 0xFE13, 0xFE91,
    0xFA73, 0xF6CA, 0xF6D5, 0xF62C, 0xF963, 0xFC9E, 0x0192, 0x0212,
    0x0137, 0x001E, 0xFA0B, 0xF86B, 0xF590, 0xF3E7, 0xF4B7, 0xF61C,
    0xF9FC, 0xFBC5, 0xFF22, 0xFD48, 0xFA32, 0xFA43, 0xF6A4, 0xF771,
    0xFA60, 0xFE62, 0xFFA4, 0x0081, 0x0417, 0x0057, 0xFCF6, 0xF927,
    0xF6D7, 0xF619, 0xF70F, 0xFDDC, 0x0064, 0x0312, 0x06BD, 0x076A,
    0x04AD, 0x00C6, 0x00E8, 0xFE46, 0xFE22, 0x02C7, 0x02DC, 0x013C,
    0x00CD, 0x03ED, 0x021D, 0xFD6C, 0xFE8F, 0xFE1F, 0x0009, 0x0413,
    0x07A9, 0x0833, 0x041E, 0x0581, 0x047B, 0xFECD, 0xFC45, 0xFA7F,
    0xFA61, 0xFC24, 0x022D, 0x0363, 0x00E8, 0x02EE, 0x02D0, 0x000C,
    0xFBDC, 0xFB4C, 0xFAF6, 0xFA22, 0xFE45, 0xFE04, 0xFB83, 0xF970,
    0xF6D7, 0xF673, 0xF4AD, 0xF5E0, 0xF68F, 0xFB91, 0x01D0, 0x0423,
    0x06A9, 0x05CE, 0x05AB, 0x02FA, 0x02BD, 0x0266, 0xFF54, 0x02DA,
    0x040F, 0x03CE, 0x0597, 0x0628, 0x0519, 0x0189, 0x056F, 0x06A3,
    0x0438, 0x08A3, 0x0BE1, 0x0B76, 0x09C3, 0x0C4E, 0x0977, 0x026F,
    0x0256, 0x0246, 0x0186, 0x03AC, 0x0773, 0x0767, 0x05CB, 0x0984,
    0x070E, 0x0181, 0x0097, 0xFF4B, 0xFDA6, 0xFDD5, 0x0051, 0xFE43,
    0xFB70, 0xFB80, 0xFA90, 0xF96D, 0xF835, 0xF8BC, 0xFAC1, 0xFD4F,
    0x00C0, 0xFF29, 0xFE76, 0xFD81, 0xFAF7, 0xF9BF, 0xF5C6, 0xF42F,
    0xF254, 0xF476, 0xF8B8, 0xF853, 0xF8F3, 0xF86B, 0xF925, 0xFA1D,
    0xFAFD, 0xFB9F, 0xF99C, 0xFDD0, 0x00E0, 0x01AF, 0x021D, 0x0048,
    0xFF65, 0xFBF2, 0xFD74, 0xFDC9, 0xFC40, 0xFFAA, 0x0376, 0x068A,
    0x05A0, 0x05AC, 0x051D, 0x024C, 0x0262, 0x0139, 0x004D, 0xFEB6,
    0x00FF, 0x0258, 0xFFAE, 0x01AD, 0x00C2, 0xFFB9, 0x009D, 0x02BC,
    0x042D, 0x038C, 0x0667, 0x0608, 0x02FC, 0x02FA, 0x002B, 0xFCA7,
    0xF9CE, 0xF9AD, 0xF94F, 0xF9F5, 0xFEE9, 0xFEC1, 0xFE8D, 0xFF5B,
    0xFE4D, 0xFCB5, 0xFB2A, 0xFBD3, 0xFA3E, 0xFA8B, 0xFE72, 0xFD6C,
    0xFC64, 0xFC59, 0xFBF4, 0xFA2B, 0xF9A9, 0xFC5A, 0xFB33, 0xFDAE,
    0x0228, 0x0443, 0x0472, 0x048B, 0x05C9, 0x02EA, 0x02BB, 0x01BA,
    0xFE63, 0xFEE2, 0x0006, 0x028D, 0x0248, 0x04C9, 0x074F, 0x06A2,
    0x097B, 0x093B, 0x0992, 0x08A9, 0x08B8, 0x0A43, 0x0773, 0x0624,
    0x02D0, 0x0166, 0x016D, 0xFF55, 0x0033, 0xFFE1, 0x0258, 0x0379,
    0x0332, 0x0461, 0x029E, 0x02C3, 0x01AD, 0x0111, 0x00D4, 0x0062,
    0x019A, 0x0127, 0x0100, 0x0069, 0xFEDA, 0xFED6, 0xFF47, 0xFF4A,
    0xFC83, 0xFC44, 0xFE4E, 0xFD93, 0xFD7F, 0xFBDC, 0xFB3F, 0xF948,
    0xF72F, 0xF72E, 0xF482, 0xF412, 0xF527, 0xF743, 0xF990, 0xFA7F,
    0xFD54, 0xFE32, 0x002F, 0x021F, 0x0051, 0xFF3A, 0xFE31, 0xFEF5,
    0xFBED, 0xF995, 0xFA68, 0xF8C7, 0xFB1E, 0xFCB9, 0xFE9D, 0xFFD0,
    0xFF1D, 0x016E, 0x017C, 0x026F, 0x01D7, 0x0176, 0x0320, 0x0383,
    0x050E, 0x03DD, 0x03D9, 0x037B, 0x0284, 0x02DF, 0x01C2, 0x031E,
    0x020B, 0x0238, 0x03EB, 0x0305, 0x031F, 0x0021, 0xFF0C, 0xFE0C,
    0xFBC8, 0xFAED, 0xF8B4, 0xFA21, 0xF9CE, 0xFA90, 0xFD20, 0xFD96,
    0xFEAF, 0xFE5A, 0xFFC4, 0x001B, 0xFF23, 0xFF11, 0xFD64, 0xFD3A,
    0xFB81, 0xF8EE, 0xF795, 0xF59E, 0xF754, 0xF758, 0xF8B2, 0xFC6C,
    0xFE58, 0x0081, 0x0177, 0x0459, 0x04DD, 0x039D, 0x03CB, 0x03F1,
    0x05D0, 0x0657, 0x06E8, 0x079E, 0x07AE, 0x0917, 0x08B8, 0x0AAC,
    0x09BB, 0x0807, 0x09AF, 0x0A40, 0x0BA9, 0x08E0, 0x0830, 0x072F,
    0x04D8, 0x053E, 0x017D, 0xFF7C, 0xFFF0, 0x0100, 0x0223, 0x01BC,
    0x04C7, 0x045C, 0x0494, 0x06A2, 0x062B, 0x03EF, 0x0072, 0x01A0,
    0xFFD5, 0xFD1C, 0xFC2E, 0xF9A9, 0xF987, 0xF91D, 0xF9C2, 0xF9B7,
    0xF854, 0xFA3D, 0xFABB, 0xFBCD, 0xFBAF, 0xFB39, 0xFA39, 0xF935,
    0xFB34, 0xFA25, 0xF8D2, 0xF7A6, 0xF84C, 0xFA61, 0xF92C, 0xFA05,
    0xFB40, 0xFB99, 0xFD22, 0xFDA2, 0xFFCC, 0xFCFB, 0xFAF4, 0xFC34,
    0xFAC5, 0xF990, 0xF858, 0xF99B, 0xF905, 0xFA3D, 0xFD87, 0xFD3D,
    0xFF34, 0x01E2, 0x03C9, 0x044A, 0x045E, 0x0723, 0x052A, 0x040C,
    0x04A0, 0x0321, 0x0113, 0xFF30, 0x010D, 0xFFC7, 0xFF1F, 0x0093,
    0x0144, 0x0254, 0x018F, 0x0391, 0x03FD, 0x032F, 0x02C4, 0x005D,
    0x0154, 0x014C, 0x0299, 0x02E6, 0x0014, 0x014C, 0x0160, 0x0120,
    0xFFD1, 0xFF25, 0xFFF0, 0xFE92, 0x017F, 0x016C, 0xFE23, 0xFBD8,
    0xFAA6, 0xFB4B, 0xF6E3, 0xF570, 0xF5A2, 0xF630, 0xF9F9, 0xFBC4,
    0xFEAF, 0xFF3B, 0x01EA, 0x0520, 0x04D9, 0x0522, 0x0300, 0x0222,
    0x027F, 0x029B, 0x032B, 0x0199, 0x0213, 0x0290, 0x036D, 0x02AA,
    0x015E, 0x0403, 0x044D, 0x0600, 0x06ED, 0x0876, 0x08AB, 0x0614,
    0x07B7, 0x0692, 0x03FB, 0x03D6, 0x040F, 0x054D, 0x0423, 0x04B1,
    0x045B, 0x0336, 0x04C3, 0x03A1, 0x03A5, 0x0273, 0x024E, 0x0194,
    0xFE78, 0xFEDF, 0xFC92, 0xFB85, 0xFAF7, 0xF98C, 0xFA34, 0xF8D8,
    0xFAD8, 0xFD3C, 0xFE7E, 0xFEDE, 0xFDF9, 0x002E, 0xFEEA, 0xFC65,
    0xF9BB, 0xF759, 0xF671, 0xF55F, 0xF796, 0xF6DC, 0xF6EA, 0xF928,
    0xF8DD, 0xF946, 0xF83D, 0xFA2A, 0xFA48, 0xFB0E, 0xFEC4, 0xFDDD,
    0xFDB6, 0xFE2F, 0x009E, 0x001E, 0xFE0C, 0x0042, 0xFFB1, 0x0017,
    0x00FD, 0x015E, 0x02B6, 0x02A7, 0x058D, 0x0545, 0x044A, 0x046C,
    0x023A, 0x0281, 0x00C7, 0x000A, 0xFFF7, 0x0071, 0x01F3, 0x01BE,
    0x0301, 0x0272, 0x03A3, 0x06E9, 0x06C7, 0x0565, 0x049E, 0x0505,
    0x0274, 0xFFA0, 0xFFAD, 0xFC89, 0xFBD0, 0xFD6B, 0xFE07, 0xFC0E,
    0xFAEA, 0xFDE7, 0xFC93, 0xFC2A, 0xFC7C, 0xFB17, 0xFB77, 0xFC38,
    0xFDE5, 0xFB0E, 0xFA30, 0xFC2D, 0xFB35, 0xFD48, 0xFD1D, 0xFD53,
    0xFD8F, 0xFE03, 0x00CD, 0xFF7C, 0x0055, 0x00A3, 0x0169, 0x0291,
    0x007F, 0x009F, 0xFF77, 0x003C, 0x0080, 0x00BA, 0x027C, 0x01B7,
    0x040D, 0x05EE, 0x07C5, 0x0847, 0x0833, 0x0AB0, 0x09B4, 0x09AA,
    0x081D, 0x0477, 0x02C2, 0x0198, 0x020F, 0x0055, 0x0083, 0x01D7,
    0x00DE, 0x026D, 0x021B, 0x027F, 0x01AC, 0x0154, 0x0389, 0x020F,
    0x01F9, 0x0181, 0x021A, 0x028B, 0x009A, 0x018A, 0x00C5, 0x0005,
    0x004F, 0xFF2A, 0xFF8F, 0xFE89, 0xFEF1, 0xFDE8, 0xFBE0, 0xFC33,
    0xF99B, 0xF8A1, 0xF68F, 0xF6D3, 0xF6DF, 0xF5CC, 0xF916, 0xF962,
    0xFA4C, 0xFB13, 0xFC9F, 0xFE56, 0xFD41, 0xFE91, 0xFD80, 0xFEB7,
    0xFF65, 0xFCC8, 0xFC39, 0xFA8D, 0xFB36, 0xF9E8, 0xFAEB, 0xFBD4,
    0xF9C6, 0xFD2C, 0xFE34, 0xFF6B, 0x00B1, 0x0073, 0x0149, 0x00FE,
    0x04D3, 0x034D, 0x005D, 0x02F7, 0x0451, 0x0456, 0x0331, 0x058E,
    0x0493, 0x02B3, 0x0537, 0x0453, 0x0290, 0x01BE, 0x0296, 0x0209,
    0xFF2E, 0xFF93, 0xFCA5, 0xFADE, 0xFD96, 0xFCAD, 0xFC5C, 0xFCA2,
    0xFF21, 0x0001, 0xFFD1, 0x01B1, 0x0016, 0xFFE8, 0xFEAD, 0xFDCA,
    0xFCB1, 0xFB04, 0xFAD7, 0xF850, 0xFA11, 0xFA00, 0xF8A2, 0xFA9C,
    0xF9E0, 0xFB83, 0xFB33, 0xFCE6, 0xFF35, 0xFE23, 0x0133, 0x014C,
    0x0234, 0x0367, 0x040F, 0x0487, 0x039E, 0x0680, 0x0626, 0x06B7,
    0x0816, 0x0861, 0x0993, 0x0808, 0x0AF3, 0x0A3E, 0x0794, 0x07BA,
    0x0662, 0x05CA, 0x0247, 0x0213, 0x01BD, 0x00A2, 0x02D2, 0x0407,
    0x04EB, 0x046B, 0x060B, 0x070E, 0x05B0, 0x068E, 0x04E3, 0x0339,
    0x025B, 0x015F, 0x004E, 0xFCD1, 0xFDBC, 0xFDE6, 0xFC06, 0xFCE5,
    0xFC04, 0xFC13, 0xFBC7, 0xFBEC, 0xFC0C, 0xFA84, 0xFB2D, 0xF9B1,
    0xF96F, 0xFA6A, 0xF930, 0xF928, 0xF959, 0xFB64, 0xFA16, 0xFA40,
    0xFCBF, 0xFB10, 0xFC0A, 0xFC01, 0xFC0C, 0xFBCB, 0xFC0B, 0xFC97,
    0xF99C, 0xFA5D, 0xF9E6, 0xF893, 0xF87B, 0xF9B7, 0xFBAC, 0xF974,
    0xFDC6, 0x00C8, 0x005E, 0x0268, 0x036E, 0x055A, 0x0341, 0x0407,
    0x040F, 0x00C8, 0x01C6, 0x0079, 0xFEF2, 0xFED9, 0x0019, 0x00C0,
    0x0005, 0x02B2, 0x0291, 0x020F, 0x0213, 0x01DA, 0x029F, 0x0070,
    0x0044, 0x009F, 0x00CD, 0x015F, 0x004F, 0x0227, 0x02A6, 0x0131,
    0x01A3, 0x0113, 0x0161, 0x0038, 0xFFA2, 0xFFB6, 0xFEB3, 0xFE0F,
    0xFC1E, 0xFBB5, 0xF9B3, 0xF8E8, 0xF8C1, 0xF7A9, 0xFB5C, 0xFBE5,
    0xFD57, 0xFF39, 0x00AC, 0x0381, 0x0131, 0x02B1, 0x031A, 0x01CA,
    0x021A, 0x014A, 0x0286, 0x00CB, 0x0079, 0x0110, 0x0111, 0x0167,
    0x00B8, 0x0340, 0x0396, 0x0615, 0x08CC, 0x06FC, 0x085E, 0x0789,
    0x06C9, 0x046B, 0x035E, 0x04C9, 0x0204, 0x0378, 0x05FC, 0x0658,
    0x05FD, 0x0639, 0x071B, 0x053A, 0x0448, 0x0287, 0x0121, 0x015D,
    0x004E, 0x0056, 0xFE3A, 0xFDFF, 0xFE06, 0xFBBB, 0xFCA7, 0xFBD8,
    0xFC89, 0xFE1A, 0xFF13, 0x016E, 0x009B, 0x0045, 0xFEE0, 0xFD0B,
    0xFBEC, 0xF839, 0xF72F, 0xF6AF, 0xF76B, 0xF61D, 0xF584, 0xF85C,
    0xF6D5, 0xF751, 0xF872, 0xF8DD, 0xF97F, 0xFA0D, 0xFCA6, 0xFC24,
    0xFD22, 0xFE1F, 0xFB93, 0xFC52, 0xFC1E, 0xFC92, 0xFBF5, 0xFD88,
    0x006D, 0x007D, 0x02BC, 0x0318, 0x0551, 0x0426, 0x0239, 0x0326,
    0x0137, 0x00B8, 0x001B, 0x0075, 0x00E4, 0x005E, 0x0207, 0x0187,
    0x02D7, 0x0452, 0x04CE, 0x06F9, 0x0720, 0x0854, 0x069E, 0x04D5,
    0x0426, 0x01CE, 0xFFDE, 0xFCA0, 0xFCEB, 0xFD86, 0xFC14, 0xFD32,
    0xFCBB, 0xFCB5, 0xFC69, 0xFC9B, 0xFD3D, 0xFC43, 0xFC75, 0xFC00,
    0xFD85, 0xFD4F, 0xFB91, 0xFC0C, 0xFB16, 0xFB87, 0xFB4A, 0xFAFE,
    0xFBB8, 0xFC49, 0x008C, 0x005E, 0x00D4, 0x02B8, 0x00B3, 0x00A5,
    0xFFD9, 0x0071, 0xFDAD, 0xFCCC, 0xFFD8, 0x0073, 0x01E8, 0x01EC,
    0x0460, 0x053A, 0x061F, 0x0A5A, 0x09EF, 0x0B29, 0x0BFE, 0x0B4E,
    0x0A81, 0x06E7, 0x0594, 0x0191, 0x0014, 0x010C, 0xFFC7, 0x0086,
    0x0115, 0x0386, 0x03AA, 0x0395, 0x03C3, 0x024D, 0x0262, 0x005F,
    0x012E, 0x01C8, 0x0109, 0x0206, 0x0184, 0x0270, 0x012B, 0xFFEC,
    0xFFD9, 0xFD82, 0xFDC0, 0xFE5A, 0xFF47, 0x0053, 0xFF85, 0xFEBE,
    0xFBA5, 0xFA79, 0xF7EA, 0xF4D1, 0xF451, 0xF417, 0xF72E, 0xF75C,
    0xF8EC, 0xFBB4, 0xFBF9, 0xFE0A, 0xFDB2, 0xFEA8, 0xFEB0, 0xFD50,
    0xFF90, 0xFEFF, 0xFDD9, 0xFB1F, 0xF97C, 0xF92D, 0xF748, 0xF898,
    0xF7C3, 0xF941, 0xFC03, 0xFF13, 0x0221, 0x01CB, 0x0421, 0x027E,
    0x014A, 0x0171, 0x0020, 0x0044, 0xFFE8, 0x03F5, 0x0597, 0x04D6,
    0x059D, 0x0539, 0x0551, 0x0348, 0x02B9, 0x0280, 0x027E, 0x0420,
    0x034A, 0x0398, 0x0170, 0xFE22, 0xFD5B, 0xFB3A, 0xFB0F, 0xFA89,
    0xFB6D, 0xFDCA, 0xFF21, 0x0269, 0x020E, 0x0216, 0x02C9, 0x00D1,
    0xFE9A, 0xFC4A, 0xFC80, 0xFA63, 0xF911, 0xFA2B, 0xF90C, 0xF8DF,
    0xF837, 0xF965, 0xF9A0, 0xF977, 0xFD19, 0xFEBF, 0x0103, 0x0274,
    0x03B9, 0x0339, 0x0161, 0x0274, 0x0000, 0xFFE6, 0x020A, 0x0472,
    0x0772, 0x07CC, 0x0AAC, 0x0A1F, 0x0941, 0x0901, 0x0750, 0x079C,
    0x04E1, 0x0599, 0x05F6, 0x0399, 0x032C, 0x0281, 0x02DE, 0x0133,
    0x0197, 0x02A2, 0x0254, 0x0582, 0x06F8, 0x0839, 0x07C1, 0x074B,
    0x07B6, 0x0401, 0x02C5, 0x00D7, 0xFE45, 0xFCF0, 0xFC8F, 0xFD6A,
    0xFB26, 0xFA99, 0xFABC, 0xF9D7, 0xF9D2, 0xF9D8, 0xFB5D, 0xFBCA,
    0xFC97, 0xFD0C, 0xFAF9, 0xFAC6, 0xF853, 0xF7BD, 0xF79A, 0xF62D,
    0xF8E5, 0xF9E2, 0xFC89, 0xFDC8, 0xFE11, 0xFE81, 0xFBDF, 0xFD26,
    0xFBD3, 0xF9F3, 0xF97F, 0xF9D7, 0xFAAB, 0xF8D9, 0xFAEF, 0xFAD0,
    0xFB3A, 0xFCFF, 0xFE1B, 0x00CB, 0x00D3, 0x04C2, 0x075A, 0x0723,
    0x0882, 0x068B, 0x053A, 0x02FF, 0x012F, 0x0028, 0xFEB3, 0x0063,
    0x009D, 0x021B, 0x01C0, 0x0099, 0x00D4, 0x000D, 0x0116, 0x0071,
    0x01F3, 0x0318, 0x02B4, 0x0505, 0x037E, 0x00D2, 0xFF1A, 0xFD72,
    0xFD6E, 0xFC52, 0xFE0D, 0xFF3C, 0xFF93, 0x01ED, 0x0188, 0x00F1,
    0xFEC4, 0xFD08, 0xFAEC, 0xF87E, 0xF863, 0xF6E3, 0xF850, 0xF9A7,
    0xFAFD, 0xFC9A, 0xFBA6, 0xFE05, 0xFEDA, 0x00AA, 0x0206, 0x02B4,
    0x061F, 0x0573, 0x0645, 0x059B, 0x034D, 0x0173, 0xFF0F, 0xFFFE,
    0xFF55, 0x0143, 0x0422, 0x0486, 0x060F, 0x04FD, 0x05CE, 0x04AB,
    0x045F, 0x04EB, 0x0313, 0x04B6, 0x0515, 0x06EC, 0x06C3, 0x0564,
    0x058D, 0x0337, 0x0341, 0x02E4, 0x02B9, 0x03E2, 0x0400, 0x067F,
    0x06F8, 0x05B3, 0x03C0, 0x00C6, 0xFF08, 0xFB57, 0xF9D3, 0xF948,
    0xF9A5, 0xFC70, 0xFE2F, 0xFFA6, 0xFEAE, 0xFF39, 0xFFB1, 0xFE7B,
    0xFF08, 0xFD6E, 0xFD7E, 0xFD3F, 0xFC26, 0xFB9A, 0xF7C2, 0xF65B,
    0xF4ED, 0xF4E3, 0xF505, 0xF42B, 0xF7A1, 0xF8C9, 0xFAEE, 0xFC70,
    0xFBC2, 0xFBA6, 0xFA7B, 0xFB93, 0xFA40, 0xFAFF, 0xFC72, 0xFD5D,
    0x0054, 0x006E, 0x02E4, 0x028F, 0x01AC, 0x0291, 0x0188, 0x033E,
    0x03C7, 0x0587, 0x060C, 0x04C7, 0x044E, 0x01CE, 0x00AB, 0xFEAD,
    0xFD8D, 0xFE9A, 0x0014, 0x0276, 0x0362, 0x06BB, 0x073A, 0x0630,
    0x07BA, 0x058F, 0x0498, 0x0388, 0x0267, 0x01AE, 0xFF9A, 0xFF86,
    0xFCFB, 0xFAB0, 0xFB2A, 0xF9AA, 0xF8C0, 0xF87A, 0xFA78, 0xFBCC,
    0xFC53, 0xFDE8, 0xFCA3, 0xFC00, 0xFA42, 0xF9E7, 0xF9B4, 0xF80D,
    0xFA90, 0xFB5B, 0xFDEE, 0x0002, 0xFFBA, 0x011B, 0xFFC2, 0x00DE,
    0x010F, 0x010F, 0x023E, 0x0225, 0x033B, 0x01F2, 0x021B, 0x0086,
    0xFF26, 0x0023, 0x00C8, 0x0442, 0x03F7, 0x05D9, 0x08FA, 0x093D,
    0x0B56, 0x097C, 0x0984, 0x08F2, 0x0799, 0x07C9, 0x057F, 0x05C7,
    0x03B8, 0x02FD, 0x030D, 0x0066, 0xFF29, 0xFE9E, 0x009D, 0x00F5,
    0x0232, 0x0497, 0x0361, 0x04A8, 0x0346, 0x000F, 0xFE39, 0xFD11,
    0xFD7B, 0xFBA9, 0xFE3B, 0x010F, 0x001C, 0x00FC, 0x008E, 0xFF47,
    0xFCFD, 0xFCDE, 0xFCB8, 0xFA58, 0xFB45, 0xF9EF, 0xF978, 0xF86B,
    0xF64D, 0xF4C6, 0xF38B, 0xF6F7, 0xF6F6, 0xF790, 0xFB17, 0xFCF6,
    0xFF1E, 0xFF73, 0xFFFD, 0xFE4C, 0xFCF7, 0xFE44, 0xFC18, 0xFD20,
    0xFE0B, 0xFDC7, 0xFE93, 0xFF54, 0x0009, 0xFBD2, 0xFBFC, 0xFE16,
    0xFE36, 0x00AA, 0x02CB, 0x052D, 0x04C2, 0x04C2, 0x03BA, 0x0045,
    0xFFA0, 0xFE44, 0xFF1D, 0x013F, 0x033D, 0x0587, 0x04F3, 0x068E,
    0x0712, 0x057E, 0x03A8, 0x0102, 0x0146, 0xFF4F, 0xFE49, 0xFE97,
    0xFD3A, 0xFC7D, 0xFAB3, 0xFC6F, 0xFBD7, 0xFA5A, 0xFB2E, 0xFBF6,
    0xFEA0, 0xFEDA, 0x008C, 0x00BE, 0xFF1D, 0xFF8B, 0xFC66, 0xFAD1,
    0xFA36, 0xFA6C, 0xFB92, 0xFB0E, 0xFD92, 0xFCDD, 0xFC6C, 0xFD6A,
    0xFDCF, 0xFF8E, 0xFF0B, 0x0202, 0x03AD, 0x04A9, 0x04C8, 0x036B,
    0x04A9, 0x0280, 0x022F, 0x03AE, 0x054A, 0x06E7, 0x069F, 0x0904,
    0x092C, 0x097E, 0x0AC0, 0x08D7, 0x07D4, 0x06D2, 0x0758, 0x0509,
    0x02E1, 0x03D9, 0x019E, 0x00D6, 0x01F0, 0x0238, 0x008E, 0xFFF7,
    0x0433, 0x0476, 0x04D0, 0x05A2, 0x04A4, 0x0485, 0x024E, 0x01BB,
    0xFE6A, 0xFCC0, 0xFD9A, 0xFBB5, 0xFBF5, 0xFB1A, 0xFA3A, 0xF95B,
    0xF831, 0xF93F, 0xF841, 0xF8E6, 0xF916, 0xF98A, 0xFACF, 0xF838,
    0xF77B, 0xF689, 0xF745, 0xF6C1, 0xF65C, 0xF9C1, 0xF956, 0xFB5F,
    0xFD61, 0xFDEB, 0xFE46, 0xFD1B, 0xFEC5, 0xFD29, 0xFCAB, 0xFDA3,
    0xFC43, 0xFCC1, 0xFD0D, 0xFF27, 0xFE70, 0xFE0D, 0x0034, 0xFF21,
    0x004D, 0x0169, 0x0468, 0x06BF, 0x0714, 0x0986, 0x07AC, 0x05FB,
    0x0457, 0x027F, 0x026E, 0x00B1, 0x0228, 0x01A9, 0x01FE, 0x02D1,
    0x0235, 0x02DD, 0x0089, 0x0182, 0x01A6, 0x0056, 0x0038, 0xFEB9,
    0xFEE5, 0xFCFC, 0xFCCD, 0xFDEC, 0xFCC7, 0xFDD8, 0xFCD6, 0xFE07,
    0xFE0E, 0xFE9A, 0x0110, 0xFF04, 0xFEDC, 0xFD43, 0xFCD0, 0xFB5F,
    0xF8D0, 0xF9E8, 0xF78B, 0xF7F1, 0xF9D1, 0xF96E, 0xF998, 0xF96F,
    0xFC40, 0xFD6D, 0xFE6D, 0x0055, 0x022E, 0x04D2, 0x0527, 0x069B,
    0x05E1, 0x0443, 0x0516, 0x04CB, 0x0475, 0x02E6, 0x0429, 0x0623,
    0x059E, 0x0788, 0x06D0, 0x0659, 0x0681, 0x070B, 0x0730, 0x0421,
    0x03F2, 0x03E6, 0x0426, 0x0422, 0x0463, 0x059F, 0x03DA, 0x0521,
    0x0619, 0x055B, 0x0598, 0x04EC, 0x06A5, 0x04BD, 0x0329, 0x02BB,
    0xFEFE, 0xFE1D, 0xFC77, 0xFBB5, 0xFACF, 0xF9BC, 0xFABB, 0xF902,
    0xF8E1, 0xF825, 0xF844, 0xF8FD, 0xF9B3, 0xFC7D, 0xFBAE, 0xFC53,
    0xFC5A, 0xFBDA, 0xFB7B, 0xF90D, 0xF977, 0xF843, 0xF7EA, 0xF913,
    0xF96B, 0xFB03, 0xFA5E, 0xFBAE, 0xFC76, 0xFC05, 0xFD0F, 0xFB8E,
    0xFC20, 0xFACF, 0xFC21, 0xFD50, 0xFCC4, 0xFFD0, 0x006F, 0x01AB,
    0x01A3, 0x0333, 0x04D3, 0x0408, 0x0643, 0x06F5, 0x06DF, 0x06EB,
    0x052C, 0x0510, 0x026A, 0x0209, 0x01B2, 0x00C8, 0x0282, 0x0174,
    0x023A, 0x015C, 0x00E3, 0x011D, 0x011D, 0x0290, 0x01BF, 0x02B9,
    0x023B, 0x00D4, 0x01F8, 0x0138, 0xFF96, 0xFCA5, 0xFCBB, 0xFC9B,
    0xFACD, 0xFC89, 0xFB90, 0xFB6A, 0xFB98, 0xFBDF, 0xFC9B, 0xF8FF,
    0xF82B, 0xF6E1, 0xF5E9, 0xF756, 0xF6F8, 0xF84F, 0xF7BD, 0xFA0E,
    0xFB09, 0xFA08, 0xFBE3, 0xFC53, 0xFF2B, 0xFFDC, 0x01E0, 0x0341,
    0x024D, 0x0453, 0x03F9, 0x040C, 0x0272, 0x012E, 0x03F0, 0x03D8,
    0x0574, 0x05B7, 0x05FB, 0x075C, 0x07C9, 0x0AC1, 0x094B, 0x0976,
    0x09E2, 0x09CD, 0x0B0C, 0x0A12, 0x09D6, 0x0832, 0x07FB, 0x0846,
    0x0700, 0x06AC, 0x0460, 0x05B7, 0x0663, 0x0434, 0x04AC, 0x0264,
    0x015E, 0xFE70, 0xFCFF, 0xFC98, 0xF932, 0xFA99, 0xFAE7, 0xFB27,
    0xFB4B, 0xFACB, 0xFB1E, 0xF95F, 0xFABF, 0xFA97, 0xF9E8, 0xFB03,
    0xFB3D, 0xFC53, 0xFA63, 0xFB66, 0xFAE0, 0xF80A, 0xF8BE, 0xF74E,
    0xF884, 0xF821, 0xF7F1, 0xFA50, 0xFAC8, 0xFCFC, 0xFCC6, 0xFD7A,
    0xFDA4, 0xFD3E, 0xFFB1, 0xFF43, 0xFF96, 0xFF1E, 0xFFF6, 0x00BA,
    0x003B, 0x02F8, 0x0118, 0x0089, 0x0283, 0x036A, 0x03E1, 0x017B,
    0x0299, 0x00ED, 0xFE8A, 0xFFBD, 0xFD8F, 0xFD66, 0xFD9B, 0xFFE8,
    0x0106, 0x0094, 0x02C0, 0x01AD, 0x0312, 0x03D6, 0x031C, 0x02D7,
    0x01E0, 0x041B, 0x0413, 0x03DF, 0x01EF, 0xFFD5, 0x0105, 0xFE40,
    0xFE08, 0xFD13, 0xFB02, 0xFB4B, 0xFBF8, 0xFF56, 0xFD81, 0xFCE9,
    0xFDCB, 0xFC5D, 0xFCA2, 0xFB5C, 0xFBCE, 0xFA6C, 0xFAF2, 0xFDB8,
    0xFBCC, 0xFBAE, 0xFC17, 0xFCF2, 0xFC32, 0xFC8F, 0xFED7, 0xFBD2,
    0xFD44, 0xFF8A, 0xFE53, 0xFCF4, 0xFBE5, 0xFD81, 0xFD14, 0xFF47,
    0x01A2, 0x0178, 0x0446, 0x065D, 0x084A, 0x08DB, 0x095C, 0x0A14,
    0x0933, 0x0A33, 0x0A36, 0x0AC2, 0x0A72, 0x0958, 0x0B20, 0x0988,
    0x07EF, 0x05D4, 0x0499, 0x04CB, 0x030A, 0x052A, 0x05A9, 0x0497,
    0x0445, 0x041C, 0x04CE, 0x019B, 0x008E, 0xFEE0, 0xFCC6, 0xFE6A,
    0xFDDD, 0xFDE2, 0xFC19, 0xFCCA, 0xFDF3, 0xFB84, 0xFC4D, 0xFA30,
    0xF923, 0xF85F, 0xF80D, 0xF936, 0xF64A, 0xF687, 0xF6A9, 0xF830,
    0xF81E, 0xF6DA, 0xF927, 0xF95C, 0xFC70, 0xFE4F, 0xFEE2, 0xFF16,
    0xFEEC, 0x01D3, 0x00ED, 0x004E, 0x0015, 0xFE8D, 0xFFE7, 0x00B3,
    0x02CF, 0x007D, 0xFE7D, 0x005B, 0x000E, 0x012A, 0xFFD6, 0x00E3,
    0x018B, 0x0145, 0x0396, 0x0222, 0x01FA, 0x011D, 0x0090, 0x01EF,
    0x0038, 0xFFAF, 0xFFB3, 0x00AE, 0x0172, 0x018C, 0x0278, 0x0051,
    0x0119, 0x0215, 0x005A, 0xFF5C, 0xFD55, 0xFE87, 0xFD63, 0xFD40,
    0xFF67, 0xFDB9, 0xFDE1, 0xFD6A, 0xFFCB, 0xFFEB, 0xFEDA, 0x0088,
    0xFFC5, 0x0079, 0xFFD4, 0x0069, 0xFEC3, 0xFCB7, 0xFE81, 0xFCE1,
    0xFD06, 0xFD3D, 0xFCC5, 0xFC9C, 0xFA6C, 0xFD47, 0xFD41, 0xFC3D,
    0xFD55, 0xFDA6, 0xFEA2, 0xFCB9, 0xFDEF, 0xFD65, 0xFBF2, 0xFD34,
    0xFE31, 0xFF58, 0xFDF6, 0xFF63, 0x0177, 0x01A6, 0x03A8, 0x0415,
    0x0465, 0x04B5, 0x04FD, 0x0580, 0x02D3, 0x02C9, 0x045E, 0x04AA,
    0x04F3, 0x04B1, 0x063A, 0x048E, 0x04AD, 0x0643, 0x05A3, 0x063C,
    0x0564, 0x084F, 0x07B9, 0x0542, 0x05CA, 0x038C, 0x0391, 0x0225,
    0x022E, 0x014A, 0xFF29, 0x00E0, 0xFF5C, 0xFF5F, 0xFEC8, 0xFF27,
    0xFEEF, 0xFCA2, 0xFF3F, 0xFCCB, 0xFB96, 0xFB27, 0xFB8F, 0xFD48,
    0xF935, 0xFB09, 0xFBCB, 0xFAB3, 0xFB3B, 0xFBA2, 0xFDA0, 0xFD6E,
    0xFFDA, 0x00D4, 0xFFAA, 0xFEF4, 0xFD32, 0xFDB9, 0xFBDE, 0xFCEC,
    0xFE08, 0xFC49, 0xFEA6, 0xFFEE, 0x00B4, 0xFE98, 0xFE97, 0x0158,
    0xFF75, 0xFFB1, 0x010B, 0x010A, 0xFFE5, 0xFF52, 0x0077, 0xFF8C,
    0xFF3C, 0xFEDE, 0xFF51, 0xFFF2, 0xFE00, 0xFF26, 0xFF4C, 0xFEC5,
    0x00FD, 0x00F0, 0x00CF, 0xFF4E, 0x0004, 0x0031, 0xFCDB, 0xFF52,
    0xFF72, 0xFD3A, 0xFD4F, 0xFF25, 0xFFEE, 0xFDA4, 0xFF9A, 0xFFE8,
    0x0005, 0x00FF, 0x00E3, 0x017E, 0xFD96, 0xFD55, 0xFD23, 0xFB95,
    0xFCD2, 0xFBB6, 0xFD02, 0xFD19, 0xFEE0, 0xFF5D, 0xFD0E, 0xFE41,
    0xFE60, 0x004F, 0xFEB8, 0xFE54, 0xFF6C, 0xFDD9, 0xFE79, 0xFDEC,
    0xFF2D, 0xFD9D, 0xFC3E, 0x001F, 0xFFBC, 0xFE9A, 0xFE67, 0xFF92,
    0x0075, 0x0068, 0x0345, 0x01F1, 0x00B3, 0x026A, 0x0276, 0x0209,
    0x0229, 0x03F6, 0x020C, 0x022B, 0x0507, 0x03A1, 0x0324, 0x037B,
    0x05E9, 0x07A2, 0x0692, 0x0716, 0x053E, 0x044C, 0x0310, 0x01AA,
    0x0268, 0x0068, 0x0177, 0x02AA, 0x0395, 0x035C, 0x020D, 0x035C,
    0x01A1, 0x0305, 0x02EB, 0x0064, 0xFFAE, 0xFEED, 0x0043, 0xFD10,
    0xFD3D, 0xFF5C, 0xFD87, 0xFDDE, 0xFE3D, 0xFF47, 0xFD38, 0xFD41,
    0xFFE3, 0xFE7C, 0xFFD4, 0x001F, 0xFFEF, 0xFF53, 0xFF8A, 0xFFF6,
    0xFDB6, 0xFFD9, 0xFEDF, 0xFD55, 0xFE4E, 0xFD76, 0xFD98, 0xFCCB,
    0xFCDB, 0xFD44, 0xFE34, 0xFF36, 0xFCBC, 0xFCF8, 0xFCD1, 0xFAA5,
    0xFAB8, 0xFB59, 0xFBD7, 0xFA41, 0xFCAD, 0xFEA7, 0xFD4B, 0xFE61,
    0xFE95, 0xFF7B, 0xFFBB, 0xFF6D, 0xFFB8, 0xFD89, 0xFDFF, 0xFE07,
    0xFD08, 0xFDBC, 0xFDA1, 0xFEE0, 0xFE0F, 0x001A, 0x00FA, 0xFF90,
    0x0145, 0x0173, 0x0318, 0x022A, 0x01F2, 0x0245, 0x010C, 0x0293,
    0x0096, 0x0174, 0x01CD, 0xFFFA, 0x00DF, 0xFFF0, 0x005A, 0xFE7A,
    0xFF9D, 0x0013, 0xFEEE, 0x015D, 0x0003, 0x005A, 0xFF7C, 0xFEDF,
    0xFEAA, 0xFCC1, 0xFEE5, 0xFDEE, 0xFDD7, 0xFF19, 0xFEE7, 0x0080,
    0xFF27, 0xFFFE, 0xFF5E, 0xFE43, 0xFE5D, 0xFCEE, 0xFD93, 0xFC3B,
    0xFC90, 0xFD08, 0xFD7C, 0xFF23, 0xFE13, 0xFF99, 0x0083, 0x002A,
    0x01C4, 0x020F, 0x036F, 0x047B, 0x06FF, 0x0727, 0x0490, 0x057A,
    0x0421, 0x0368, 0x03A8, 0x0352, 0x0276, 0x0140, 0x044D, 0x03F3,
    0x0291, 0x035F, 0x0210, 0x02A2, 0x021F, 0x028F, 0x00D0, 0xFF4E,
    0x0170, 0x00C5, 0x00FD, 0xFFF4, 0x0060, 0x018E, 0x0053, 0x015B,
    0x002B, 0x00A9, 0x01A2, 0x0185, 0x02CF, 0xFFAA, 0xFF1D, 0xFDE0,
    0xFD44, 0xFD70, 0xFC7E, 0xFE6F, 0xFD2C, 0xFF09, 0xFFE5, 0xFF51,
    0xFFA2, 0xFE9C, 0xFFA1, 0xFDDE, 0xFEBA, 0x0047, 0xFF01, 0xFF8F,
    0xFE64, 0xFEBD, 0xFCF0, 0xFB7D, 0xFBD3, 0xF8FE, 0xFA2D, 0xFA04,
    0xFA86, 0xFC3A, 0xFCA8, 0xFE6E, 0xFD9B, 0xFE53, 0xFD14, 0xFAFF,
    0xFBBB, 0xFA68, 0xFCDA, 0xFD8E, 0xFDAE, 0xFF21, 0xFF18, 0x0037,
    0xFED1, 0xFFB0, 0xFF7E, 0xFE46, 0x006E, 0x00F2, 0x00DD, 0xFF80,
    0xFFBC, 0x0014, 0xFE99, 0x0066, 0xFF45, 0xFFC9, 0x0177, 0x02C1,
    0x0448, 0x024C, 0x048B, 0x046E, 0x03A9, 0x04AC, 0x03B9, 0x0325,
    0x019D, 0x035C, 0x035C, 0x0128, 0x008A, 0xFE21, 0xFDF4, 0xFD1C,
    0xFCB5, 0xFD09, 0xFC94, 0xFF28, 0xFE82, 0xFF50, 0xFF01, 0xFBCF,
    0xFB6F, 0xF937, 0xF952, 0xF993, 0xF9D0, 0xFC0C, 0xFCC5, 0xFF0C,
    0xFE00, 0xFCC4, 0xFD39, 0xFDBD, 0xFEA3, 0xFC9A, 0xFE89, 0xFEAA,
    0xFE34, 0xFF8B, 0xFF16, 0x00A7, 0xFFAF, 0x00FA, 0x0275, 0x0225,
    0x05AF, 0x06AB, 0x074F, 0x071D, 0x07AD, 0x07E6, 0x05DA, 0x0785,
    0x05A7, 0x0420, 0x047F, 0x04BB, 0x05B2, 0x02BD, 0x02FB, 0x0207,
    0x011F, 0x01D7, 0x009C, 0x027E, 0x02BD, 0x0515, 0x067A, 0x04AB,
    0x043D, 0x0143, 0x0059, 0xFE58, 0xFD57, 0xFE57, 0xFDE3, 0x0076,
    0x00F7, 0x0132, 0x0028, 0xFE35, 0xFECF, 0xFCF9, 0xFC54, 0xFB5C,
    0xFB89, 0xFC0D, 0xFA6B, 0xFC6C, 0xFAB6, 0xF98A, 0xFA59, 0xFA43,
    0xFAF7, 0xFA04, 0xFD34, 0xFE36, 0xFE80, 0x009A, 0xFFF5, 0xFF2B,
    0xFD4E, 0xFD4C, 0xFC4A, 0xFA9C, 0xFCF2, 0xFD45, 0xFE21, 0xFD5A,
    0xFD82, 0xFE02, 0xFB2A, 0xFCA9, 0xFBFD, 0xFC39, 0xFE24, 0xFF8B,
    0x0158, 0xFF42, 0xFF3F, 0xFE32, 0xFCEC, 0xFDFA, 0xFE36, 0x0034,
    0x00EA, 0x0373, 0x04DC, 0x0502, 0x0570, 0x0432, 0x0497, 0x021E,
    0x00F6, 0x01CC, 0x0010, 0x0119, 0x01CC, 0x01F7, 0x016E, 0x0010,
    0x00D1, 0xFFBE, 0x00DC, 0x015F, 0x0246, 0x048F, 0x045C, 0x05ED,
    0x046E, 0x01CB, 0xFF47, 0xFCD1, 0xFC32, 0xFA0F, 0xFB52, 0xFC10,
    0xFB84, 0xFCF3, 0xFC98, 0xFC72, 0xFA6A, 0xFA71, 0xFA70, 0xF950,
    0xFBE7, 0xFC99, 0xFCFF, 0xFCBD, 0xFD33, 0xFE49, 0xFB9B, 0xFCA3,
    0xFD50, 0xFD9C, 0xFF70, 0x00ED, 0x036A, 0x0246, 0x0330, 0x02F9,
    0x017D, 0x0151, 0xFF7D, 0x007B, 0x0093, 0x033D, 0x05AA, 0x0541,
    0x0746, 0x06BD, 0x073A, 0x069C, 0x05E7, 0x07F6, 0x077F, 0x09AF,
    0x0A18, 0x0A41, 0x08F1, 0x04EC, 0x0469, 0x0246, 0x0189, 0x0013,
    0xFFCE, 0x01DE, 0x0230, 0x04CE, 0x03E4, 0x0243, 0x01A6, 0xFF95,
    0xFF87, 0xFD20, 0xFCE2, 0xFC23, 0xFB4B, 0xFDD6, 0xFD6A, 0xFD2A,
    0xFAC7, 0xFAB3, 0xFBFB, 0xFA0B, 0xFB0A, 0xFB8C, 0xFCE4, 0xFCEA,
    0xFCBD, 0xFD1D, 0xF966, 0xF8AC, 0xF7E0, 0xF81A, 0xF8FC, 0xF9E4,
    0xFC70, 0xFBA6, 0xFE6D, 0xFFD4, 0xFE48, 0xFE70, 0xFDC9, 0x0007,
    0xFFB1, 0x0041, 0x01FD, 0xFFBD, 0xFED9, 0xFE15, 0xFE35, 0xFC1B,
    0xFB1E, 0xFCB6, 0xFCBB, 0xFF67, 0x010D, 0x0266, 0x0345, 0x032E,
    0x0424, 0x01E5, 0x0131, 0x005A, 0xFF7A, 0x0121, 0x01E3, 0x046D,
    0x046F, 0x03EA, 0x0487, 0x03BB, 0x040E, 0x0237, 0x0246, 0x02E6,
    0x0298, 0x02C0, 0x0062, 0xFF69, 0xFD06, 0xFBB5, 0xFCCC, 0xFBFE,
    0xFCCD, 0xFD86, 0xFF98, 0x0088, 0x0084, 0x01B9, 0xFF1A, 0xFF27,
    0xFF87, 0xFE2E, 0xFD5E, 0xFC97, 0xFD8E, 0xFBD0, 0xFBA4, 0xFB7E,
    0xF914, 0xF913, 0xF83C, 0xFA02, 0xFB00, 0xFC0A, 0xFEC9, 0xFF7A,
    0x0139, 0x009F, 0x0020, 0xFD71, 0xFBBE, 0xFDAA, 0xFD25, 0xFF2B,
    0x0081, 0x02C6, 0x04BB, 0x03E1, 0x04FF, 0x0344, 0x030D, 0x036F,
    0x03CF, 0x0571, 0x0426, 0x051E, 0x0482, 0x0415, 0x047F, 0x02F3,
    0x0428, 0x0404, 0x062A, 0x0803, 0x07F3, 0x09CA, 0x09DA, 0x0A81,
    0x07EC, 0x05F7, 0x0571, 0x0205, 0x00D2, 0x0068, 0x017F, 0x00B4,
    0xFFD0, 0x01AA, 0xFF91, 0xFEB5, 0xFDB9, 0xFD33, 0xFDE3, 0xFDB6,
    0x00B6, 0x0017, 0xFFA4, 0xFF37, 0xFCDA, 0xFA87, 0xF828, 0xF99E,
    0xF819, 0xF8B9, 0xFD18, 0xFD92, 0xFE15, 0xFD48, 0xFDE3, 0xFBD7,
    0xF954, 0xFAC2, 0xF8B0, 0xF86C, 0xF852, 0xF921, 0xFA1E, 0xF9EE,
    0xFC4C, 0xFBA1, 0xFC92, 0xFDFE, 0xFF00, 0x007D, 0x0099, 0x044F,
    0x04DE, 0x044B, 0x0455, 0x01BF, 0x0047, 0xFD29, 0xFCDC, 0xFDDB,
    0xFE07, 0x0002, 0x01EE, 0x046A, 0x02DD, 0x022E, 0x0311, 0x0192,
    0x02A5, 0x035E, 0x042C, 0x0364, 0x0355, 0x042B, 0x0102, 0x0125,
    0x00F6, 0xFF81, 0x00C2, 0x01EA, 0x0330, 0x0198, 0x01BF, 0x02D3,
    0x012A, 0x0002, 0xFD0A, 0xFC2B, 0xF9F3, 0xF8B1, 0xFA2B, 0xF927,
    0xFAC8, 0xFC1B, 0xFE49, 0xFEB6, 0xFD8F, 0xFF28, 0xFE48, 0xFF99,
    0x00A5, 0x009E, 0x0096, 0xFF34, 0xFF77, 0xFC12, 0xF964, 0xF87A,
    0xF824, 0xFAA9, 0xFB24, 0xFE66, 0xFFAA, 0x0009, 0x023F, 0x016B,
    0x0193, 0xFFEA, 0x0115, 0x01D8, 0x00B9, 0x01F7, 0x00B9, 0x01A3,
    0x01A3, 0x01CE, 0x0316, 0x0287, 0x041F, 0x03ED, 0x051C, 0x05C6,
    0x04DB, 0x0668, 0x04B2, 0x03C4, 0x02B3, 0x00C4, 0x009D, 0xFFD4,
    0x02C0, 0x0329, 0x0477, 0x0714, 0x066E, 0x0652, 0x04CF, 0x060B,
    0x0585, 0x04F8, 0x05A3, 0x0486, 0x04B5, 0x01F9, 0xFFB5, 0xFD79,
    0xF9BA, 0xFAD0, 0xFA8D, 0xFC6F, 0xFE0E, 0xFEEB, 0x00E8, 0xFFA5,
    0x0093, 0xFDC6, 0xFB74, 0xFA97, 0xF9B1, 0xF9D9, 0xF700, 0xF847,
    0xF966, 0xF98F, 0xFB59, 0xFB27, 0xFCA4, 0xFB13, 0xFB86, 0xFDEC,
    0xFCEE, 0xFE78, 0xFE0F, 0xFE5F, 0xFDF6, 0xFD1D, 0xFC8E, 0xF9C7,
    0xFB84, 0xFCC2, 0xFF8E, 0x0344, 0x0458, 0x0591, 0x0637, 0x07D3,
    0x055D, 0x0422, 0x039D, 0x0237, 0x04B5, 0x03F6, 0x0195, 0x0083,
    0xFFBB, 0xFFC6, 0xFD83, 0xFFA9, 0x008D, 0xFF3E, 0x035B, 0x05B1,
    0x05A0, 0x048E, 0x0552, 0x0498, 0x00F5, 0x0029, 0xFDEF, 0xFBA7,
    0xFC5C, 0xFCAC, 0xFE2F, 0xFE91, 0x0183, 0x0167, 0xFEBA, 0xFF54,
    0xFD98, 0xFC50, 0xFAA3, 0xFBE7, 0xFB5C, 0xFA56, 0xFABC, 0xF879,
    0xF9F7, 0xF94C, 0xF90E, 0xFC78, 0xFD9F, 0x0078, 0xFF62, 0x02AF,
    0x0437, 0x017E, 0x0273, 0xFEBB, 0xFEE7, 0xFE63, 0xFD7C, 0xFC57,
    0xFA95, 0xFC98, 0xFCB9, 0xFD1C, 0xFF0D, 0xFF80, 0xFFFB, 0x0138,
    0x04F5, 0x0410, 0x0385, 0x0447, 0x03BD, 0x0499, 0x00D7, 0xFFEE,
    0xFE7F, 0xFF14, 0xFF89, 0xFF95, 0x0391, 0x0418, 0x04D4, 0x05EE,
    0x0620, 0x0591, 0x034B, 0x03E4, 0x01A6, 0x0220, 0x0263, 0xFEFC,
    0xFFB2, 0x00EE, 0x0167, 0x007C, 0x01D3, 0x051F, 0x03DF, 0x04D8,
    0x073C, 0x04A1, 0x04B3, 0x02ED, 0x02AB, 0x00C6, 0xFE26, 0xFD7C,
    0xFB11, 0xFC68, 0xFBEC, 0xFC18, 0xFC70, 0xFD3E, 0xFE16, 0xFCEB,
    0xFE63, 0xFD3A, 0xFDEE, 0xFE16, 0xFBD3, 0xFC76, 0xFAC1, 0xF9F1,
    0xF878, 0xF77C, 0xF7D6, 0xF5F3, 0xF8A0, 0xFBD5, 0xFC57, 0xFD01,
    0xFD2C, 0xFE70, 0xFC0C, 0xFB48, 0xFAA7, 0xF878, 0xF8CA, 0xF934,
    0xFAA7, 0xF9A3, 0xFB48, 0xFD72, 0xFD05, 0xFF8B, 0x00C3, 0x01FA,
    0x025D, 0x0300, 0x0535, 0x0286, 0x0281, 0x0211, 0xFF5C, 0xFDEC,
    0xFAFC, 0xFB82, 0xFAA0, 0xFBEC, 0xFE2C, 0x0036, 0x01A7, 0x01D2,
    0x0451, 0x0301, 0x02B6, 0x01EA, 0x017C, 0x0147, 0x00B2, 0x011A,
    0x0081, 0xFFC5, 0xFFF9, 0xFF1B, 0xFE85, 0xFEBE, 0xFF8E, 0x0143,
    0x001A, 0x022D, 0x0211, 0x01F5, 0x0081, 0xFE8A, 0xFE38, 0xFBA3,
    0xFD39, 0xFD4C, 0xFE4E, 0xFF06, 0x0071, 0x03C7, 0x03BE, 0x0474,
    0x0559, 0x04D5, 0x0499, 0x03F3, 0x04DC, 0x02A8, 0x00D6, 0x0154,
    0xFE5F, 0xFE5A, 0xFC7C, 0xFBE0, 0xFC5E, 0xFDFA, 0x0218, 0x01B4,
    0x04F5, 0x05EE, 0x0648, 0x0658, 0x0406, 0x035E, 0x008A, 0x0048,
    0x00AB, 0x014C, 0x0196, 0x0158, 0x02EC, 0x03B3, 0x0409, 0x0305,
    0x0270, 0x0358, 0x0319, 0x044A, 0x0447, 0x0275, 0x0279, 0x0027,
    0x0090, 0xFFBD, 0xFEB0, 0xFF86, 0xFF91, 0x02E8, 0x0410, 0x05F5,
    0x0673, 0x05F7, 0x068D, 0x052E, 0x03D6, 0x01B6, 0x0104, 0xFEEA,
    0xFD07, 0xFE93, 0xFC12, 0xFAA5, 0xFA1D, 0xFA51, 0xFBC2, 0xFACC,
    0xFDE7, 0xFE9E, 0x0019, 0x0278, 0x009B, 0xFFBE, 0xFD52, 0xFC76,
    0xFAD5, 0xF9FC, 0xFBB2, 0xFA05, 0xFB24, 0xFD22, 0xFEEB, 0xFEA4,
    0xFD79, 0xFEFF, 0xFCEE, 0xFCA5, 0xFD36, 0xFBC1, 0xFBCB, 0xFA99,
    0xFBA2, 0xFBB2, 0xFC7F, 0xFCF4, 0xFB3F, 0xFEB2, 0x0063, 0x0269,
    0x02E6, 0x0479, 0x0508, 0x0441, 0x0534, 0x01E6, 0x008B, 0xFEDF,
    0xFDB8, 0xFDE2, 0xFDCA, 0xFD8F, 0xFB67, 0xFC53, 0xFF4D, 0xFF0A,
    0xFED3, 0x009E, 0x0214, 0x038D, 0x045C, 0x0500, 0x0262, 0x0043,
    0x0076, 0xFE96, 0xFDB6, 0xFC8E, 0xFD31, 0xFDBB, 0xFFE9, 0x018D,
    0xFF53, 0x007D, 0x000F, 0xFFD3, 0xFEC1, 0xFCAE, 0xFCEB, 0xFAFF,
    0xFBA4, 0xFB78, 0xFBB1, 0xFCBF, 0xFA4D, 0xFC35, 0xFDEA, 0xFF44,
    0x00A5, 0x01E3, 0x0432, 0x027E, 0x03E1, 0x025F, 0xFF7E, 0xFE0A,
    0xFB5A, 0xFBE5, 0xFB44, 0xFD44, 0xFC93, 0xFB8B, 0xFE5B, 0xFE17,
    0xFE14, 0xFDCD, 0xFF3F, 0x0116, 0x0117, 0x0395, 0x0345, 0x0330,
    0x02CA, 0x0105, 0x00E7, 0xFF4A, 0xFF89, 0xFEEF, 0x01C3, 0x0461,
    0x04C7, 0x07D5, 0x0797, 0x06EA, 0x065A, 0x04D9, 0x0301, 0x0079,
    0x0123, 0x012F, 0x014A, 0x03E8, 0x0366, 0x029D, 0x0318, 0x04DF,
    0x04BF, 0x03DB, 0x06CE, 0x0745, 0x0739, 0x0775, 0x05C2, 0x0310,
    0xFF0D, 0xFE30, 0xFBA6, 0xF9F0, 0xFA97, 0xF9BD, 0xFB5A, 0xFC8B,
    0xFE13, 0xFD69, 0xFCB9, 0xFDDB, 0xFD0D, 0xFDB6, 0xFCC9, 0xFDE3,
    0xFF28, 0xFD95, 0xFEA7, 0xFD4E, 0xFC8A, 0xFB6C, 0xFB04, 0xFC5F,
    0xFBF8, 0xFDEE, 0xFF72, 0x0183, 0x0194, 0x001D, 0x0043, 0xFD49,
    0xFC4F, 0xFB93, 0xFBA7, 0xFCDF, 0xFD77, 0x0072, 0xFFCD, 0x0120,
    0x0362, 0x02C2, 0x0353, 0x036B, 0x0464, 0x0408, 0x0355, 0x0346,
    0x0102, 0xFF14, 0xFD74, 0xFC81, 0xFB42, 0xF9B0, 0xFB58, 0xFC13,
    0xFD9C, 0xFF3A, 0x00A7, 0x01EB, 0x0036, 0x0148, 0x0031, 0xFEED,
    0xFF7A, 0xFF18, 0xFF16, 0xFE47, 0xFEA0, 0xFD55, 0xFC7A, 0xFD0D,
    0xFCAA, 0xFE28, 0xFE46, 0xFF4D, 0x007A, 0xFFB0, 0xFFD1, 0xFE3F,
    0xFD34, 0xFAF2, 0xFA21, 0xFB61, 0xFA0F, 0xFB57, 0xFCA9, 0xFE25,
    0xFF3D, 0xFF6E, 0x01C0, 0x011D, 0x01E0, 0x027E, 0x026A, 0x0255,
    0x00AA, 0x0101, 0xFF55, 0xFD29, 0xFC8C, 0xFB78, 0xFBDD, 0xFCDA,
    0xFE1D, 0xFF7E, 0x01B3, 0x04B0, 0x03B0, 0x0423, 0x0362, 0x030F,
    0x033C, 0x022C, 0x02DF, 0x01F4, 0x0300, 0x024A, 0x02A5, 0x0499,
    0x0306, 0x03C8, 0x0536, 0x05D2, 0x05A8, 0x0565, 0x0638, 0x03E8,
    0x0338, 0x0190, 0xFEBD, 0xFED2, 0xFE96, 0xFF7B, 0xFE13, 0xFFAD,
    0x020B, 0x01BD, 0x0353, 0x03C1, 0x030D, 0x0183, 0x01C1, 0x024F,
    0x00EA, 0x0037, 0xFF0D, 0xFEB1, 0xFD1C, 0xFAD7, 0xFA40, 0xF8B5,
    0xF92E, 0xF9ED, 0xFB9E, 0xFEC1, 0xFF5D, 0x00DE, 0x00D6, 0x0008,
    0xFF51, 0xFD9A, 0xFE45, 0xFDCA, 0xFF2F, 0xFFE1, 0xFF18, 0x0019,
    0x0044, 0x00DA, 0xFFA2, 0x00F9, 0x0194, 0xFF7B, 0x0130, 0x0216,
    0x0196, 0x0086, 0xFF30, 0xFEC3, 0xFCA4, 0xFC6E, 0xFBFF, 0xFC87,
    0xFEE5, 0xFF7E, 0x023E, 0x02FA, 0x03A0, 0x02B8, 0x0117, 0x00B3,
    0xFF17, 0x0010, 0xFE99, 0xFE77, 0xFED6, 0xFCD6, 0xFC03, 0xFA67,
    0xFA27, 0xF954, 0xF9DE, 0xFD20, 0xFE10, 0xFF79, 0x0030, 0x0184,
    0x0205, 0x0008, 0xFFE3, 0xFDB9, 0xFD3C, 0xFD78, 0xFD3F, 0xFEBB,
    0xFE8C, 0x00B3, 0x012B, 0x014B, 0x0148, 0xFF16, 0xFF3B, 0xFEB1,
    0xFF44, 0xFEE6, 0xFDE9, 0xFE16, 0xFD9D, 0xFE43, 0xFC7E, 0xFB49,
    0xFC89, 0xFD52, 0x0089, 0x02D2, 0x0463, 0x03F9, 0x0318, 0x04E9,
    0x036A, 0x02E0, 0x01B6, 0x00EA, 0x00C8, 0xFF77, 0xFFA2, 0xFD88,
    0xFD8E, 0xFDD7, 0xFD52, 0xFE68, 0xFE6E, 0x0062, 0x00C0, 0x0174,
    0x033C, 0x022B, 0x0239, 0x01E3, 0x016B, 0x0071, 0xFE36, 0xFEB3,
    0xFE0E, 0xFF03, 0x010A, 0x01EC, 0x026C, 0x0175, 0x0220, 0x0087,
    0x0109, 0x01E5, 0x0010, 0x008D, 0x0024, 0x003D, 0xFF4A, 0xFEB0,
    0xFEAC, 0xFDE9, 0x008D, 0x0309, 0x0460, 0x05AA, 0x05E8, 0x054B,
    0x03BF, 0x042E, 0x026C, 0x00E5, 0x0203, 0x0101, 0x0078, 0xFEF3,
    0xFEFA, 0xFDEA, 0xFCE9, 0xFF78, 0xFED4, 0xFEBF, 0xFFAB, 0x00AE,
    0x011F, 0x0177, 0x033C, 0x0151, 0x008E, 0x014D, 0xFEDA, 0xFD29,
    0xFD1F, 0xFE64, 0xFDF8, 0x0068, 0x0346, 0x0072, 0xFFBB, 0xFFA0,
    0xFE17, 0xFC9A, 0xFBF3, 0xFC54, 0xFBAE, 0xFD37, 0xFD23, 0xFAFE,
    0xFA0D, 0xF937, 0xF9B9, 0xFA7F, 0xFD12, 0xFE43, 0xFE80, 0x0104,
    0x01C0, 0x019C, 0xFFBB, 0xFE83, 0xFE9B, 0xFCDB, 0xFC8C, 0xFB33,
    0xFB7D, 0xFCBC, 0xFC25, 0xFD04, 0xFD67, 0xFE4C, 0xFDBF, 0xFDC4,
    0xFF50, 0xFE90, 0x0075, 0x01D3, 0x0337, 0x0430, 0x032E, 0x01F6,
    0xFF51, 0xFFF4, 0xFFA0, 0xFFBC, 0x0291, 0x03DA, 0x04C5, 0x03EF,
    0x037F, 0x030B, 0x00C2, 0xFFD4, 0xFE67, 0xFEE3, 0xFE5C, 0xFDA2,
    0xFE39, 0xFD48, 0xFD96, 0xFCF3, 0xFEBD, 0xFF8C, 0xFF32, 0x0127,
    0x0107, 0x0231, 0x0358, 0x0260, 0x0166, 0x006A, 0xFFEB, 0xFC71,
    0xFA56, 0xFB03, 0xFA32, 0xFB48, 0xFCC0, 0xFEC7, 0xFE8C, 0xFE45,
    0xFF55, 0xFD8B, 0xFDC5, 0xFDC1, 0xFE88, 0x001F, 0x00FB, 0x01ED,
    0x0000, 0x0096, 0x013A, 0xFF63, 0xFFD6, 0x0151, 0x02DB, 0x026D,
    0x03F3, 0x04F2, 0x0308, 0x0381, 0x02C5, 0x01F7, 0x0195, 0x01C1,
    0x00BC, 0xFF58, 0x0203, 0x0112, 0x011D, 0x0370, 0x03E7, 0x0445,
    0x044F, 0x0640, 0x057A, 0x0571, 0x06F2, 0x05DE, 0x04E0, 0x02A2,
    0x0104, 0xFF58, 0xFE3C, 0xFEC2, 0xFDB2, 0xFF17, 0x015D, 0x01BA,
    0x0116, 0x001B, 0xFFFD, 0xFE59, 0xFE14, 0xFF02, 0xFDDC, 0xFE5B,
    0xFE46, 0xFDC9, 0xFDC7, 0xFD0F, 0xFCCC, 0xFC91, 0xFE9F, 0xFE5C,
    0xFDE2, 0xFF59, 0xFED9, 0xFEF0, 0xFD8E, 0xFD3B, 0xFC3D, 0xFA7B,
    0xFAE1, 0xF924, 0xFA05, 0xFB02, 0xFB2C, 0xFCE9, 0xFDCA, 0xFFE9,
    0xFF39, 0xFFE1, 0x0126, 0x010A, 0x01FA, 0x022C, 0x0415, 0x02A9,
    0x00DC, 0x0038, 0xFE78, 0xFE27, 0xFCAC, 0xFE22, 0x002C, 0x00AB,
    0x02AA, 0x02A4, 0x0232, 0x010B, 0x011E, 0x00D9, 0xFF77, 0x00CC,
    0x0046, 0x007F, 0x020A, 0x02C8, 0x0216, 0x0009, 0x01D4, 0x019E,
    0xFFDE, 0x0054, 0xFFFB, 0x00A2, 0xFFAA, 0x000B, 0xFFAE, 0xFD18,
    0xFC78, 0xFA3B, 0xF97F, 0xF8F8, 0xF8EE, 0xFA1D, 0xFA88, 0xFD88,
    0xFD6D, 0xFD82, 0xFE24, 0xFD96, 0xFF0E, 0xFE67, 0xFF64, 0x0018,
    0x0064, 0x0022, 0xFE98, 0xFFA0, 0xFD69, 0xFBEB, 0xFD40, 0xFE88,
    0xFF80, 0x0034, 0x024A, 0x01DD, 0x0199, 0x0278, 0x0099, 0xFFE1,
    0xFFF9, 0x00E0, 0x00B5, 0x00ED, 0x039A, 0x038A, 0x03F4, 0x04B5,
    0x04A0, 0x03AF, 0x02F3, 0x03D4, 0x0365, 0x035C, 0x0368, 0x02F5,
    0x02BF, 0x00CC, 0x0031, 0xFF73, 0xFE20, 0xFE30, 0xFEBA, 0x011B,
    0x017E, 0x02AB, 0x0459, 0x030E, 0x0334, 0x036D, 0x031F, 0x01E8,
    0x0257, 0x038A, 0x015E, 0x0193, 0x0114, 0xFFBC, 0xFEC9, 0xFE65,
    0xFF42, 0xFD63, 0xFE72, 0xFFA2, 0xFF56, 0xFFE4, 0xFFF1, 0xFFBE,
    0xFDFF, 0xFD9E, 0xFDCD, 0xFCD4, 0xFDC4, 0xFDFE, 0xFEF0, 0xFFFB,
    0x007E, 0x00ED, 0x005A, 0x008F, 0xFF49, 0xFFDE, 0x0056, 0xFE91,
    0xFFB7, 0xFFC9, 0xFE79, 0xFD23, 0xFC97, 0xFC7C, 0xFB3C, 0xFD44,
    0xFE35, 0xFE3B, 0x00B4, 0x01AE, 0x025E, 0x020F, 0x02CF, 0x0214,
    0x003C, 0x00B2, 0x003D, 0x0058, 0xFF57, 0xFFB8, 0x003D, 0xFECA,
    0xFFF2, 0xFF83, 0xFEE1, 0xFE77, 0xFEC2, 0xFF2C, 0xFE37, 0xFF7E,
    0xFE3D, 0xFD9A, 0xFDD9, 0xFC67, 0xFC15, 0xFBD0, 0xFD05, 0xFDC1,
    0xFE80, 0xFF1B, 0xFF23, 0x0126, 0xFFFC, 0xFF1C, 0xFF5A, 0xFED5,
    0xFE5F, 0xFD32, 0xFDDE, 0xFD15, 0xFBD7, 0xFBE6, 0xFBA0, 0xFBBA,
    0xFC37, 0xFCAE, 0xFE2C, 0xFEE0, 0xFFF5, 0x00CD, 0x0124, 0x019F,
    0x0111, 0x0100, 0xFFF3, 0x00FD, 0x0120, 0x008B, 0x01AD, 0x0298,
    0x0371, 0x01EB, 0x0226, 0x0288, 0x01BF, 0x01E0, 0x0110, 0x0249,
    0x0202, 0x0119, 0x0112, 0x0046, 0x00E9, 0xFF27, 0xFF67, 0x0007,
    0xFFB8, 0x0119, 0x0132, 0x02DE, 0x026F, 0x021C, 0x01BD, 0x007C,
    0x014B, 0xFED0, 0xFDB0, 0xFDBB, 0xFD6C, 0xFCE3, 0xFB4D, 0xFC64,
    0xFCAA, 0xFC7C, 0xFC7B, 0xFDEC, 0xFF8D, 0xFF33, 0x008A, 0x01B3,
    0x01A4, 0x0129, 0x00D6, 0x00AD, 0x005D, 0x00DE, 0x00BF, 0x00F2,
    0x0369, 0x0384, 0x0338, 0x0355, 0x02FD, 0x02C0, 0x0181, 0x015E,
    0x01C0, 0x0248, 0x017B, 0x00B0, 0x02C9, 0x0247, 0x010E, 0x020B,
    0x0254, 0x01BA, 0x0108, 0x0385, 0x03DC, 0x02CB, 0x03CC, 0x0302,
    0x033D, 0x026C, 0x0123, 0xFE9C, 0xFD8F, 0xFF44, 0xFD80, 0xFD25,
    0xFD90, 0xFE36, 0xFD8A, 0xFC5D, 0xFE14, 0xFD28, 0xFD19, 0xFDDF,
    0xFEBD, 0xFF65, 0xFE2F, 0xFE73, 0xFDF5, 0xFD76, 0xFCBF, 0xFB87,
    0xFD3C, 0xFD3F, 0xFD76, 0xFE41, 0xFE6E, 0xFEF8, 0xFDF9, 0xFE90,
    0xFD79, 0xFDDF, 0xFE34, 0xFBA9, 0xFC56, 0xFD88, 0xFE45, 0xFDAB,
    0xFE1C, 0x0019, 0xFEBE, 0xFF4C, 0x009E, 0x0055, 0x00A9, 0x00BE,
    0x02C4, 0x024C, 0x0194, 0x0067, 0xFF2B, 0xFF32, 0xFDAD, 0xFE46,
    0xFDDA, 0xFE95, 0xFF9B, 0xFEEC, 0xFFA8, 0xFF9F, 0x009F, 0x0037,
    0xFFAE, 0x01DF, 0x00EB, 0xFFFD, 0xFFEA, 0x003A, 0xFFDE, 0xFEB1,
    0x0044, 0x0010, 0x007A, 0x00CB, 0x00B1, 0x01A0, 0x00F6, 0x01BB,
    0x00E6, 0x0021, 0x006B, 0xFE38, 0xFE72, 0xFE25, 0xFDC1, 0xFDFD,
    0xFD60, 0xFE86, 0xFE51, 0xFEF0, 0xFEC8, 0xFE83, 0xFFE1, 0xFF8D,
    0x007B, 0x014E, 0x01FF, 0x0009, 0xFE1D, 0xFF31, 0xFDD0, 0xFD61,
    0xFDF9, 0xFEAA, 0xFF4E, 0xFF3D, 0x00A9, 0xFF5A, 0xFFB9, 0x0150,
    0x009A, 0x01A2, 0x022D, 0x02ED, 0x02E7, 0x0356, 0x033B, 0x017B,
    0x02AD, 0x02F3, 0x03F8, 0x0447, 0x031E, 0x04A2, 0x0522, 0x060E,
    0x05B7, 0x0553, 0x052F, 0x02B1, 0x0292, 0x0162, 0x0036, 0x00B7,
    0x0077, 0x0186, 0x0104, 0x01BB, 0x01B1, 0x0060, 0x0092, 0xFFD8,
    0x003D, 0xFFC7, 0x008F, 0x00AF, 0xFE36, 0xFE1D, 0xFCCA, 0xFB98,
    0xFACF, 0xFB12, 0xFC01, 0xFB79, 0xFD21, 0xFCA4, 0xFD34, 0xFDE1,
    0xFCB7, 0xFD79, 0xFD40, 0xFD7D, 0xFCD1, 0xFD47, 0xFE07, 0xFC4F,
    0xFDE1, 0xFECA, 0xFEE8, 0xFF9A, 0xFF59, 0xFF71, 0xFE21, 0x0026,
    0x013D, 0x008D, 0x01C8, 0x0134, 0x0096, 0xFF7A, 0xFFA1, 0xFEA6,
    0xFD34, 0xFF1A, 0xFF6E, 0x002E, 0x00F2, 0x00E6, 0x00EB, 0xFFAA,
    0x00A9, 0x0084, 0x0089, 0x012F, 0x005C, 0x004C, 0xFEEC, 0xFEB6,
    0xFE70, 0xFE44, 0xFEAB, 0xFD8E, 0xFE33, 0xFE3B, 0xFE34, 0xFED2,
    0xFE9E, 0xFF21, 0xFDF3, 0xFE94, 0xFE92, 0xFCE7, 0xFCD4, 0xFBC0,
    0xFBF3, 0xFC50, 0xFDE2, 0xFED4, 0xFD46, 0xFEA9, 0xFEBC, 0xFE13,
    0xFEFE, 0xFFE0, 0x0093, 0x008B, 0x018F, 0x0040, 0xFF3B, 0xFEEB,
    0xFE7F, 0xFF6B, 0xFEBD, 0xFFE0, 0x00CB, 0x00DF, 0x01CF, 0x005E,
    0x0077, 0x0047, 0x00D8, 0x026A, 0x00FB, 0x0146, 0x00D1, 0x0098,
    0x0070, 0x007F, 0x00B5, 0xFFA6, 0x00C8, 0x00BC, 0x0185, 0x01B6,
    0x011A, 0x02B5, 0x01ED, 0x0245, 0x0224, 0x00A2, 0x0046, 0xFEBE,
    0xFEFB, 0xFF37, 0xFF94, 0x00EF, 0x00EB, 0x0184, 0x0095, 0x0048,
    0x0055, 0x0077, 0x016C, 0x01E8, 0x034F, 0x024D, 0x0247, 0x0205,
    0xFF96, 0x001E, 0xFFC3, 0xFF4C, 0xFF74, 0x0097, 0x0211, 0x0082,
    0x0064, 0x0024, 0xFF87, 0x0016, 0x001D, 0x0050, 0xFEBB, 0xFEC9,
    0xFFB5, 0x001E, 0x010F, 0xFFE5, 0x0027, 0xFF9A, 0x002E, 0x018B,
    0x0045, 0x014A, 0x01CB, 0x0280, 0x023B, 0x006B, 0x002E, 0xFDE1,
    0xFD34, 0xFD8C, 0xFDBC, 0xFE40, 0xFE1A, 0x0070, 0x00DB, 0x0085,
    0xFFC8, 0xFEDA, 0x0027, 0x001F, 0x011D, 0x0020, 0xFF0A, 0xFF46,
    0xFE78, 0xFF55, 0xFDFE, 0xFDCF, 0xFD92, 0xFD45, 0xFF4A, 0xFEEC,
    0xFE4A, 0xFD97, 0xFE56, 0xFF63, 0xFE22, 0xFD93, 0xFC60, 0xFC5E,
    0xFC3B, 0xFC28, 0xFDD9, 0xFCF0, 0xFD9B, 0xFE46, 0xFE8F, 0xFE19,
    0xFCF7, 0xFDDD, 0xFCC9, 0xFE10, 0xFFE6, 0xFE86, 0xFDFC, 0xFDA7,
    0xFDA5, 0xFC88, 0xFCA4, 0xFE37, 0xFD62, 0xFE23, 0xFFD9, 0x00CC,
    0x001E, 0xFFEB, 0x0149, 0x009A, 0x0118, 0x0168, 0x008B, 0x0008,
    0x00B3, 0x0230, 0x00D0, 0x00DB, 0x0162, 0x003B, 0x01A3, 0x01D3,
    0x015C, 0x0032, 0x002D, 0x0224, 0x0201, 0x0248, 0x0032, 0xFF54,
    0x000A, 0xFF5D, 0xFFF3, 0xFF73, 0x002A, 0xFFD5, 0x0062, 0x01BA,
    0xFFB5, 0xFFBF, 0xFF39, 0xFFDF, 0xFFC2, 0xFE87, 0xFF06, 0xFD24,
    0xFDAD, 0xFE2A, 0xFCEA, 0xFC6B, 0xFCC1, 0xFE82, 0xFDC9, 0xFEA9,
    0x004D, 0xFF51, 0xFFFD, 0x0195, 0x0339, 0x020D, 0x0150, 0x0166,
    0x008E, 0x0147, 0x00FE, 0x015E, 0x011C, 0x0141, 0x029C, 0x01BD,
    0x0187, 0x0135, 0x00F2, 0x021D, 0x0228, 0x032C, 0x0252, 0x01DF,
    0x02EA, 0x0280, 0x0264, 0x0105, 0x01F6, 0x0255, 0x01A9, 0x0280,
    0x0208, 0x028E, 0x0198, 0x01FE, 0x025D, 0x0082, 0x0034, 0xFE8C,
    0xFE52, 0xFE0A, 0xFDEA, 0xFEC0, 0xFDC3, 0xFF08, 0xFF10, 0xFECE,
    0xFEFD, 0xFE81, 0x001D, 0xFF15, 0x0022, 0x00F9, 0xFFC5, 0xFF4C,
    0xFDBE, 0xFE9D, 0xFD45, 0xFC8A, 0xFCF1, 0xFD3D, 0xFE09, 0xFDB4,
    0xFEC9, 0xFDAE, 0xFCC4, 0xFDFF, 0xFDCE, 0xFDAF, 0xFDB1, 0xFE14,
    0xFDC8, 0xFDDE, 0x0077, 0xFF76, 0xFE63, 0xFFF7, 0x0033, 0xFFC3,
    0xFF6C, 0x00E7, 0x00AD, 0x00C9, 0x01F4, 0x0109, 0xFFEF, 0xFEAF,
    0xFEF6, 0xFD85, 0xFD36, 0xFE7B, 0xFD3A, 0xFEAF, 0xFF88, 0xFF1B,
    0xFEC2, 0xFE09, 0xFEF3, 0xFE51, 0xFF7D, 0x00AE, 0xFF94, 0x0095,
    0x0005, 0xFF93, 0xFE8C, 0xFE91, 0xFDD7, 0xFCED, 0xFF9F, 0xFECD,
    0xFEAB, 0xFF15, 0xFEEF, 0xFF18, 0xFE1A, 0xFE4C, 0xFCB9, 0xFCA7,
    0xFE87, 0xFDF4, 0xFEC0, 0xFF9E, 0x0033, 0x00A5, 0x004F, 0x00B9,
    0xFF4B, 0xFF79, 0x0093, 0x01B9, 0x01F7, 0x01D6, 0x02B5, 0x011A,
    0x0058, 0xFEC3, 0xFCD8, 0xFE04, 0xFE73, 0xFF58, 0x0020, 0x0119,
    0x01DB, 0x00DC, 0x020A, 0x0164, 0x0154, 0x0252, 0x0236, 0x0310,
    0x0310, 0x0450, 0x0344, 0x031B, 0x0336, 0x018B, 0x021A, 0x0123,
    0x01F8, 0x01E8, 0x00CE, 0x020A, 0x01F7, 0x01DE, 0xFF97, 0xFE91,
    0xFE7E, 0xFD06, 0xFDC8, 0xFE4C, 0xFF58, 0x004D, 0x0135, 0x0192,
    0xFFE8, 0x0048, 0xFFAC, 0xFF2F, 0xFFDF, 0x009E, 0x0157, 0x0081,
    0x018D, 0x00BC, 0xFDD9, 0xFD5B, 0xFD55, 0xFD3C, 0xFD3C, 0xFEA5,
    0xFF7A, 0xFF6E, 0x00DE, 0x010D, 0x00D1, 0x010D, 0x00AE, 0x0068,
    0xFFF1, 0x013C, 0x011B, 0x00EC, 0x02A1, 0x0292, 0x0357, 0x02D9,
    0x022B, 0x01E4, 0x0105, 0x01AE, 0x0105, 0x0187, 0x014A, 0xFFB0,
    0xFFAE, 0xFEF2, 0xFE40, 0xFD54, 0xFF39, 0x009F, 0x0018, 0x019B,
    0x00A4, 0x00CD, 0x00AF, 0xFFAD, 0xFFA1, 0xFE42, 0xFFCA, 0xFF13,
    0xFEF2, 0xFE5D, 0xFC0E, 0xFC54, 0xFC14, 0xFD00, 0xFC42, 0xFBEC,
    0xFC61, 0xFD19, 0xFEBA, 0xFD64, 0xFD9B, 0xFE13, 0xFD88, 0xFE67,
    0xFCCF, 0xFCBD, 0xFC7D, 0xFC3B, 0xFDCF, 0xFD49, 0xFE9A, 0xFE4A,
    0xFE08, 0xFE67, 0xFDB2, 0xFDB4, 0xFCF3, 0xFE46, 0xFEE4, 0xFEF4,
    0xFECE, 0xFE71, 0xFECB, 0xFD8B, 0xFF26, 0x00B1, 0x00ED, 0x02FF,
    0x027E, 0x02CC, 0x03CC, 0x02F7, 0x0250, 0x0188, 0x020E, 0x0131,
    0x0192, 0x01CA, 0x0014, 0xFFC2, 0xFFEA, 0x00EF, 0x0049, 0x007D,
    0x00AB, 0xFFF9, 0x01E1, 0x01C0, 0x0178, 0x02C5, 0x02D1, 0x033C,
    0x0211, 0x013C, 0x002B, 0xFE4D, 0xFF01, 0xFFD6, 0x00D6, 0x00E2,
    0x0165, 0x01A4, 0x00FA, 0x013C, 0xFF2A, 0xFE94, 0xFE85, 0xFE60,
    0xFF56, 0xFED7, 0xFF26, 0xFE47, 0xFE7C, 0xFFE4, 0xFFC4, 0x007A,
    0x001B, 0x003C, 0x00D7, 0x00D8, 0x0037, 0xFE32, 0xFF22, 0xFE77,
    0xFE13, 0xFDF0, 0xFBA3, 0xFB70, 0xFB2D, 0xFCF5, 0xFDA3, 0xFDA5,
    0xFF5F, 0xFF38, 0x008C, 0x016C, 0x0146, 0x01C8, 0x0264, 0x03D1,
    0x0329, 0x03E8, 0x0384, 0x01FE, 0x0296, 0x01C1, 0x0234, 0x02B9,
    0x043D, 0x0472, 0x0349, 0x043B, 0x0328, 0x023A, 0x01B8, 0x013C,
    0x0126, 0x0054, 0x0118, 0x0017, 0x004E, 0x0182, 0x01CC, 0x035D,
    0x02A9, 0x02D4, 0x0255, 0x0185, 0x01B7, 0xFFE8, 0xFEDC, 0xFD80,
    0xFD4C, 0xFD2B, 0xFB64, 0xFA50, 0xF900, 0xF9A9, 0xFA07, 0xFACE,
    0xFC89, 0xFC3E, 0xFD10, 0xFDB0, 0xFDCA, 0xFDB2, 0xFD29, 0xFE30,
    0xFE52, 0xFE9E, 0xFEEB, 0xFDBD, 0xFD74, 0xFD13, 0xFDA2, 0xFD46,
    0xFDD7, 0xFED9, 0xFF2B, 0xFFFC, 0xFEA4, 0xFF3D, 0xFECF, 0xFD0A,
    0xFDD9, 0xFDE1, 0xFD48, 0xFD28, 0xFEAA, 0xFFAB, 0xFF96, 0x01FE,
    0x0326, 0x02FB, 0x0356, 0x02EC, 0x01DE, 0x0075, 0x0149, 0x007A,
    0xFFD2, 0x00D4, 0xFF49, 0xFE4C, 0xFC93, 0xFCC9, 0xFCE8, 0xFC34,
    0xFE71, 0xFFB6, 0x0107, 0x01DF, 0x01ED, 0x01D5, 0x01B7, 0x017D,
    0xFFB3, 0x0036, 0x00EA, 0xFFFF, 0x007E, 0x004A, 0x0056, 0x0004,
    0x00F3, 0x01A1, 0x005B, 0x011E, 0x0023, 0x001A, 0x00C7, 0xFFEA,
    0xFED9, 0xFE29, 0xFF87, 0xFE1D, 0xFD5B, 0xFEAD, 0xFF8C, 0x0125,
    0x01AC, 0x03B7, 0x0464, 0x03F8, 0x0453, 0x023D, 0x0186, 0x0092,
    0xFF48, 0xFF5E, 0xFF2C, 0xFF34, 0xFD82, 0xFDA1, 0xFD5E, 0xFCAD,
    0xFDFD, 0xFE6E, 0xFF9F, 0x0070, 0x016E, 0x00E6, 0x006B, 0x0247,
    0x0032, 0xFEC5, 0xFF5C, 0xFE9A, 0xFDC9, 0xFD9F, 0xFED6, 0xFEDA,
    0xFF58, 0x015D, 0x01C6, 0x0253, 0x01D1, 0x0135, 0x00F8, 0x00BB,
    0x00F0, 0xFED5, 0xFFBE, 0x004D, 0xFFEE, 0x00CB, 0x00B6, 0x020D,
    0x02B9, 0x0429, 0x0502, 0x04CF, 0x05AE, 0x0350, 0x0239, 0x0280,
    0x00F4, 0xFEDE, 0xFE5C, 0xFFC2, 0xFDA2, 0xFD7C, 0xFE52, 0xFD3A,
    0xFE31, 0xFE90, 0x000E, 0x0006, 0x00BE, 0x01E1, 0xFFBE, 0x00A0,
    0x007E, 0xFE79, 0xFCC3, 0xFDC1, 0xFE85, 0xFBAE, 0xFCF6, 0xFDFA,
    0xFE3F, 0xFF3B, 0x0037, 0x0142, 0xFFC8, 0x0003, 0xFF10, 0xFD75,
    0xFE11, 0xFCAF, 0xFC05, 0xFCA8, 0xFCFF, 0xFCD3, 0xFC59, 0xFE44,
    0xFF4C, 0x000B, 0x00D2, 0x012A, 0x02C0, 0x01F6, 0x0130, 0x0015,
    0xFF02, 0xFE99, 0xFC0B, 0xFC33, 0xFC83, 0xFC0B, 0xFBF0, 0xFC28,
    0xFE08, 0xFD8D, 0xFEA4, 0x0037, 0x003C, 0x00CA, 0x004A, 0x0080,
    0x0093, 0x00F6, 0xFF9E, 0xFDAE, 0xFF4B, 0xFE25, 0xFDA1, 0xFE41,
    0xFE94, 0x0018, 0x004B, 0x0278, 0x02CA, 0x033D, 0x0307, 0x0131,
    0x0110, 0xFF77, 0xFEAB, 0xFE24, 0xFF35, 0x00D1, 0x0063, 0x01E2,
    0x02DB, 0x03FF, 0x047E, 0x03D0, 0x051A, 0x0453, 0x03B6, 0x02B1,
    0x015F, 0x0157, 0xFF28, 0xFD9D, 0xFC90, 0xFC81, 0xFBAD, 0xFABF,
    0xFC50, 0xFD07, 0xFE8D, 0xFFB1, 0x004D, 0x0121, 0x009F, 0x0068,
    0xFEE8, 0xFF23, 0xFEA4, 0xFCA5, 0xFD81, 0xFE3F, 0xFDC6, 0xFD63,
    0xFDE0, 0xFEC3, 0xFE7E, 0xFFCE, 0x006A, 0x00A3, 0x0206, 0x01B0,
    0x0042, 0xFED0, 0xFF7A, 0xFDEC, 0xFC41, 0xFDC4, 0xFE1F, 0xFF3B,
    0x016E, 0x039A, 0x0475, 0x0460, 0x05DA, 0x052E, 0x04F0, 0x04B3,
    0x0283, 0x01B4, 0x0146, 0x014B, 0xFF3F, 0xFF35, 0xFFF6, 0xFEDB,
    0xFF89, 0xFF38, 0x007A, 0x01B2, 0x02AB, 0x0444, 0x0305, 0x03CE,
    0x02F0, 0x0169, 0x00F1, 0xFFA5, 0xFE70, 0xFD32, 0xFEEB, 0xFECB,
    0xFEB2, 0xFFB6, 0xFF56, 0xFFC1, 0x007C, 0x0091, 0xFF86, 0xFFD4,
    0x0028, 0xFDBD, 0xFDCE, 0xFE0F, 0xFBF6, 0xFC1F, 0xFC6C, 0xFCB3,
    0xFD1A, 0xFEFE, 0x007C, 0x00A0, 0x0221, 0x01AB, 0x0104, 0x0135,
    0x004F, 0xFE71, 0xFC67, 0xFC8D, 0xFB8F, 0xFAC0, 0xFB1E, 0xFA7F,
    0xFB86, 0xFB39, 0xFCA1, 0xFE29, 0xFEA0, 0x00E1, 0x0054, 0x01DB,
    0x027C, 0x012F, 0x0050, 0xFF1F, 0xFF05, 0xFCD9, 0xFD18, 0xFDC0,
    0xFDA9, 0xFFE1, 0xFFE8, 0x0070, 0x008D, 0x0192, 0x0144, 0x0023,
    0x01FF, 0xFF90, 0xFEEB, 0xFFDD, 0xFF72, 0xFEEF, 0xFE0B, 0xFED5,
    0xFED9, 0x0088, 0x01CC, 0x01F5, 0x03E3, 0x0476, 0x0403, 0x0342,
    0x0351, 0x020B, 0xFF16, 0xFE8F, 0xFD5D, 0xFC5D, 0xFCAF, 0xFC61,
    0xFD2B, 0xFD6F, 0xFE74, 0xFF30, 0xFF90, 0x01FC, 0x019A, 0x0158,
    0x02F3, 0x030E, 0x01C5, 0xFFFE, 0x001E, 0xFE23, 0xFCD1, 0xFCF1,
    0xFC22, 0xFD9E, 0xFE35, 0xFFA9, 0xFFE3, 0x00C7, 0x01EB, 0xFFDA,
    0x0138, 0x0049, 0xFE99, 0xFEB6, 0xFE7B, 0xFFB0, 0xFECC, 0xFFDB,
    0xFFAE, 0x006C, 0x029D, 0x01FE, 0x027E, 0x02AC, 0x03D8, 0x028D,
    0x02D0, 0x03D6, 0x0022, 0xFF03, 0xFD87, 0xFC7E, 0xFC1A, 0xFAF4,
    0xFB94, 0xFBA8, 0xFDA8, 0xFEE3, 0xFF2C, 0x0145, 0x01B0, 0x0132,
    0x011D, 0x01BB, 0x0152, 0xFFEA, 0x0003, 0xFF29, 0xFEC3, 0xFE49,
    0xFD5B, 0xFEBD, 0xFEDE, 0x0057, 0x004A, 0x009A, 0x03AF, 0x032B,
    0x0320, 0x0335, 0x01BB, 0x009D, 0xFFAD, 0x009B, 0xFF89, 0x000B,
    0x00F1, 0x009B, 0x02F1, 0x03D0, 0x043D, 0x03A9, 0x057E, 0x04C2,
    0x025A, 0x0487, 0x02F4, 0x0147, 0xFFA0, 0xFD77, 0xFD30, 0xFC3A,
    0xFC57, 0xFB11, 0xFC1B, 0xFE54, 0xFE7B, 0x005D, 0x0139, 0x0200,
    0x00E2, 0x00F6, 0x015E, 0xFF26, 0xFEBE, 0xFDD6, 0xFD6B, 0xFCD5,
    0xFBC9, 0xFC07, 0xFBC0, 0xFD35, 0xFDE1, 0xFC6E, 0xFE17, 0xFF68,
    0xFF4F, 0xFEE6, 0xFEE5, 0xFE01, 0xFC77, 0xFD2F, 0xFC69, 0xFC74,
    0xFD64, 0xFDB8, 0xFFD6, 0x013D, 0x02E2, 0x0231, 0x0287, 0x03A9,
    0x0172, 0x01F4, 0x017F, 0x0054, 0xFFA3, 0xFE17, 0xFD71, 0xFC39,
    0xFCCE, 0xFC06, 0xFBC9, 0xFD73, 0xFE3D, 0x001C, 0x0125, 0x03E7,
    0x0367, 0x026B, 0x03CC, 0x0242, 0x01E0, 0x00D5, 0xFFFA, 0xFF45,
    0xFF1E, 0xFFC5, 0xFF1E, 0x0017, 0x00EE, 0x005F, 0x0017, 0x00C5,
    0x01A3, 0x00C3, 0x00E9, 0x0046, 0xFF39, 0xFF52, 0xFDCC, 0xFD65,
    0xFD92, 0xFD9B, 0xFDDF, 0xFEF8, 0x0143, 0x01F1, 0x0249, 0x038F,
    0x0289, 0x016E, 0x0122, 0x0030, 0xFEA9, 0xFD91, 0xFD05, 0xFB41,
    0xFBE7, 0xFC3D, 0xFB51, 0xFBB7, 0xFCBE, 0xFECF, 0xFE38, 0x0022,
    0x026E, 0x018F, 0x02C0, 0x0211, 0x017E, 0x00B7, 0xFFA7, 0xFEE7,
    0xFDBB, 0xFEA5, 0xFE56, 0xFF6F, 0x0008, 0x00A9, 0x011E, 0x0052,
    0x021C, 0x0172, 0x015B, 0x00EC, 0xFFCD, 0x00F9, 0xFFC8, 0xFF6B,
    0xFF51, 0xFFDD, 0x00CF, 0x009B, 0x0248, 0x0358, 0x0421, 0x047A,
    0x0537, 0x054C, 0x03E5, 0x03E7, 0x0252, 0x0127, 0x0006, 0xFDE7,
    0xFDD8, 0xFDD0, 0xFDC1, 0xFDA7, 0xFD76, 0xFE97, 0xFF8C, 0x0098,
    0x0164, 0x0174, 0x0303, 0x02CB, 0x01CC, 0x01C7, 0x012D, 0xFF0E,
    0xFDD3, 0xFF02, 0xFDB0, 0xFD99, 0xFEBC, 0xFF11, 0x000E, 0xFF64,
    0x007A, 0x0049, 0x0036, 0x00B7, 0xFE3F, 0xFE4B, 0xFDBB, 0xFD9A,
    0xFCC9, 0xFCDC, 0xFECE, 0xFE56, 0xFF7B, 0xFFC3, 0x014A, 0x0228,
    0x024F, 0x0345, 0x025C, 0x036E, 0x015E, 0x0027, 0x007C, 0xFD7E,
    0xFC7F, 0xFC3F, 0xFC48, 0xFBA7, 0xFBE6, 0xFDD7, 0xFDF0, 0xFF1A,
    0x009D, 0x0102, 0x01A0, 0x0233, 0x0218, 0x0037, 0xFFE4, 0xFF9D,
    0xFD8D, 0xFD2B, 0xFD42, 0xFD79, 0xFCDD, 0xFCBE, 0xFE79, 0xFE16,
    0xFEF0, 0xFFDF, 0xFFB2, 0x0065, 0xFF22, 0xFEDB, 0xFDAA, 0xFC74,
    0xFBFB, 0xFB7F, 0xFD32, 0xFD42, 0xFEDD, 0xFF6A, 0x0062, 0x021F,
    0x01A5, 0x02A1, 0x0167, 0x02C7, 0x022F, 0xFFCE, 0x006B, 0xFE3F,
    0xFD97, 0xFCD9, 0xFC98, 0xFCC7, 0xFC30, 0xFD02, 0xFD3B, 0xFF52,
    0x00A7, 0x017E, 0x031E, 0x040E, 0x04BA, 0x0349, 0x02F0, 0x01FE,
    0xFF9D, 0xFFC8, 0xFF35, 0xFF16, 0xFF4F, 0xFF28, 0x004F, 0x0037,
    0x0129, 0x0193, 0x008F, 0x01DE, 0x017D, 0xFFEB, 0xFF22, 0xFEE1,
    0xFDC6, 0xFC5D, 0xFDC1, 0xFE05, 0xFEB5, 0xFF5C, 0xFFAB, 0x014B,
    0x0144, 0x030F, 0x027A, 0x0314, 0x0384, 0x008F, 0x0125, 0xFF9A,
    0xFE41, 0xFCF3, 0xFCBF, 0xFCD6, 0xFB8B, 0xFCFF, 0xFD2F, 0xFE74,
    0xFF85, 0x009A, 0x01D8, 0x0215, 0x0440, 0x02C7, 0x01ED, 0x0216,
    0xFFE1, 0xFF18, 0xFE7E, 0xFF75, 0xFF72, 0xFEA6, 0xFFD2, 0xFFF1,
    0x00BE, 0x01DA, 0x0266, 0x0307, 0x0311, 0x028D, 0x01A1, 0x0125,
    0xFFB6, 0xFEB0, 0xFF10, 0xFE94, 0xFFD7, 0x00E1, 0x0125, 0x033D,
    0x03AB, 0x04E4, 0x04A4, 0x0461, 0x05DA, 0x038D, 0x0275, 0x0151,
    0x0030, 0xFED1, 0xFDB5, 0xFDF9, 0xFBC0, 0xFBAC, 0xFB62, 0xFBD2,
    0xFCBA, 0xFD4F, 0xFFE2, 0xFFEA, 0x022B, 0x0240, 0x00B6, 0x0137,
    0xFEB2, 0xFDDA, 0xFC9F, 0xFC26, 0xFC87, 0xFC57, 0xFD70, 0xFD49,
    0xFEB4, 0xFE87, 0xFE95, 0xFF3D, 0xFE75, 0xFE99, 0xFCFE, 0xFD47,
    0xFCB6, 0xFB77, 0xFC3F, 0xFB4E, 0xFC17, 0xFD24, 0xFD77, 0xFEE1,
    0xFF69, 0x0138, 0x02D6, 0x0311, 0x0432, 0x0430, 0x02B0, 0x0105,
    0x0096, 0xFF3F, 0xFDEE, 0xFE36, 0xFD1C, 0xFD4A, 0xFCEF, 0xFDA4,
    0xFED3, 0xFEA3, 0x00E9, 0x00E4, 0x023C, 0x041A, 0x0360, 0x036F,
    0x0238, 0x01B9, 0x001C, 0xFF21, 0xFF3A, 0xFE0A, 0xFE67, 0xFE47,
    0xFF6D, 0xFFFA, 0x0082, 0x01ED, 0x00A6, 0x018C, 0xFFEE, 0xFE54,
    0xFE11, 0xFC8F, 0xFCF4, 0xFBF3, 0xFC8C, 0xFCAE, 0xFD5D, 0xFF1A,
    0xFF62, 0x0045, 0x0105, 0x0224, 0x0240, 0x0359, 0x0405, 0x01BA,
    0x010C, 0x002C, 0xFEE5, 0xFE33, 0xFD0D, 0xFCEE, 0xFC05, 0xFC87,
    0xFDEC, 0xFDC4, 0xFF4E, 0x012D, 0x020A, 0x02C3, 0x03E8, 0x03E0,
    0x02AC, 0x02B7, 0x01D4, 0x00A6, 0x00B1, 0x006C, 0x0056, 0xFFA8,
    0x00DF, 0x01A1, 0x0157, 0x0332, 0x0271, 0x02A2, 0x02A2, 0x008D,
    0xFF9F, 0xFDD4, 0xFD4D, 0xFBF6, 0xFC0F, 0xFCC8, 0xFC6C, 0xFDFE,
    0xFE84, 0xFF9B, 0xFFFF, 0x01E5, 0x02DD, 0x02A5, 0x04B6, 0x030E,
    0x029A, 0x0244, 0x00FA, 0x0057, 0xFE79, 0xFEE1, 0xFD51, 0xFC46,
    0xFDF6, 0xFE45, 0xFEE5, 0xFFDD, 0x018B, 0x01AE, 0x0295, 0x03C2,
    0x0211, 0x0294, 0x0239, 0x00EC, 0x004D, 0x004B, 0x0035, 0xFEC7,
    0xFFC6, 0x0046, 0xFFFA, 0x01CC, 0x021F, 0x0238, 0x02B6, 0x018C,
    0xFFC2, 0xFE89, 0xFDE2, 0xFBBA, 0xFB15, 0xFBE5, 0xFBC3, 0xFC50,
    0xFD3A, 0xFF0F, 0xFEDD, 0xFF84, 0x01A1, 0x013C, 0x024E, 0x028E,
    0x01E0, 0x0131, 0x00B1, 0xFFEC, 0xFCD9, 0xFCB0, 0xFBC5, 0xF982,
    0xF9E4, 0xFAEC, 0xFBF1, 0xFC86, 0xFF6D, 0x008E, 0x0065, 0x01E5,
    0x000B, 0xFFC9, 0x0026, 0xFF54, 0xFE59, 0xFEEB, 0x00CE, 0xFE7E,
    0xFEB7, 0x0048, 0xFF9D, 0x0026, 0x0102, 0x0237, 0x01B6, 0x0232,
    0x020E, 0xFF96, 0xFF85, 0xFDA3, 0xFAF4, 0xFA49, 0xFB1F, 0xFBCC,
    0xFB61, 0xFE74, 0xFFE2, 0xFFBF, 0x01EA, 0x02EC, 0x03A2, 0x0396,
    0x0331, 0x023C, 0x02CE, 0x038B, 0x0052, 0xFF98, 0xFF98, 0xFD52,
    0xFB92, 0xFBF0, 0xFD13, 0xFBF5, 0xFE0D, 0x004A, 0x00D6, 0x0293,
    0x020B, 0x013E, 0x0042, 0x0050, 0xFF09, 0xFCEB, 0xFF60, 0xFF13,
    0xFE3D, 0xFF78, 0x0066, 0x0166, 0x0068, 0x0263, 0x02B7, 0x0216,
    0x0256, 0x002C, 0x0091, 0xFF7C, 0xFD7C, 0xFBB4, 0xFBBB, 0xFC9D,
    0xFAB9, 0xFCF8, 0xFEF3, 0xFF88, 0x0140, 0x025D, 0x0479, 0x038E,
    0x03F3, 0x0351, 0x01FC, 0x0345, 0x00C7, 0xFF6E, 0xFF07, 0xFEDB,
    0xFD10, 0xFB95, 0xFDB6, 0xFC77, 0xFC63, 0xFEA1, 0x0092, 0x023E,
    0x01F7, 0x02A4, 0x0127, 0x0084, 0x00A5, 0xFE4E, 0xFF9F, 0x0054,
    0x0027, 0x0040, 0x0187, 0x03DD, 0x02B3, 0x039B, 0x0461, 0x03FE,
    0x0401, 0x031F, 0x0210, 0x006D, 0xFFEB, 0xFD6D, 0xFBC4, 0xFD7E,
    0xFB99, 0xFB4C, 0xFD77, 0xFEE5, 0xFF9E, 0x0034, 0x0473, 0x048E,
    0x0407, 0x0431, 0x0251, 0x01D0, 0x00F2, 0x0110, 0xFED2, 0xFF21,
    0xFF8C, 0xFC49, 0xFD12, 0xFDD6, 0xFDA1, 0xFD8D, 0xFEDF, 0x012F,
    0xFFDF, 0x0093, 0x005C, 0xFF18, 0xFF15, 0xFD31, 0xFCAB, 0xFC57,
    0xFD73, 0xFD0F, 0xFD65, 0x0030, 0x00B7, 0x0121, 0x0182, 0x0298,
    0x01F8, 0x0057, 0x004E, 0xFE3F, 0xFDFF, 0xFE1A, 0xFC1E, 0xFC71,
    0xFC0D, 0xFB8A, 0xFABF, 0xFBF0, 0xFEA4, 0xFE7D, 0x00D4, 0x02AE,
    0x030D, 0x034B, 0x0364, 0x03C6, 0x01F1, 0x0178, 0xFF8F, 0xFDFD,
    0xFE6C, 0xFCBF, 0xFCC8, 0xFCAC, 0xFDA4, 0xFDE0, 0xFDEB, 0x00B0,
    0x00E4, 0x01C1, 0x01CC, 0x00F2, 0x006F, 0xFECF, 0xFEA2, 0xFCE2,
    0xFCCA, 0xFD1D, 0xFD07, 0xFFF7, 0x0204, 0x0370, 0x02FA, 0x03A9,
    0x03EE, 0x0141, 0x0175, 0xFFC3, 0xFE28, 0xFE19, 0xFD09, 0xFD0E,
    0xFBFC, 0xFD5D, 0xFCF6, 0xFC80, 0xFE07, 0xFD0A, 0xFE37, 0xFFDA,
    0x021D, 0x027C, 0x0266, 0x0428, 0x028E, 0x0258, 0x015F, 0xFF42,
    0xFEF1, 0xFDB7, 0xFE75, 0xFD4D, 0xFDD3, 0xFECC, 0xFDC4, 0x0022,
    0x00BA, 0x01CD, 0x023F, 0x0300, 0x02CD, 0x008F, 0x00E9, 0xFEB3,
    0xFCDB, 0xFC83, 0xFC82, 0xFDA3, 0xFE6E, 0x01CB, 0x02B3, 0x0428,
    0x0699, 0x0572, 0x0486, 0x0268, 0x0041, 0xFD8B, 0xFC1E, 0xFD2F,
    0xFC10, 0xFCE2, 0xFE9E, 0xFED9, 0xFFA8, 0xFFAD, 0x008B, 0x004D,
    0x010E, 0x01F1, 0x01B3, 0x033F, 0x02C2, 0x028D, 0x0223, 0x01B1,
    0x017C, 0xFF52, 0x0061, 0xFFFA, 0xFE7F, 0xFF04, 0xFDA5, 0xFF10,
    0xFFCC, 0x0157, 0x023F, 0x0248, 0x0403, 0x0241, 0x02A3, 0x01EF,
    0x0076, 0xFDFB, 0xFC53, 0xFDDA, 0xFC53, 0xFD9B, 0xFF93, 0x0183,
    0x048F, 0x0561, 0x0683, 0x0458, 0x0298, 0x0067, 0xFC48, 0xFB9A,
    0xF965, 0xF8B0, 0xF951, 0xFB01, 0xFCB2, 0xFCC1, 0xFE91, 0xFFA3,
    0x01FA, 0x0221, 0x0100, 0x01B9, 0x005C, 0xFF7F, 0xFDF9, 0xFD4A,
    0xFDEB, 0xFD10, 0xFDEB, 0xFEEF, 0xFF3E, 0xFFB0, 0xFF0F, 0xFF93,
    0xFF07, 0xFE79, 0xFE3E, 0xFDBE, 0xFF3E, 0xFF05, 0x004B, 0x00A6,
    0x01EC, 0x0243, 0xFF0F, 0xFF3D, 0xFD6E, 0xFBEB, 0xFAF7, 0xFB3A,
    0xFEF3, 0x012C, 0x0450, 0x058E, 0x059C, 0x0578, 0x0237, 0x0146,
    0xFEA9, 0xFBF0, 0xF9B5, 0xF87B, 0xFA7A, 0xFA6C, 0xFD90, 0xFFDB,
    0x0282, 0x051E, 0x04A0, 0x0651, 0x04F9, 0x0361, 0x00BD, 0xFCCC,
    0xFBBF, 0xFABA, 0xFA87, 0xFA75, 0xFCDB, 0xFEEB, 0xFEBC, 0x018D,
    0x03A4, 0x03C7, 0x013C, 0xFEFC, 0xFD66, 0xFA19, 0xFB1A, 0xFC7B,
    0xFDF3, 0x00AF, 0x0143, 0x0228, 0x035A, 0x03DC, 0x0187, 0xFE7D,
    0xFD4D, 0xFC6F, 0xFD2B, 0xFE5A, 0x0174, 0x040B, 0x0425, 0x04C5,
    0x047A, 0x0489, 0x02BE, 0xFE54, 0xFBF6, 0xF932, 0xF839, 0xF8FC,
    0xFD09, 0x0220, 0x0370, 0x0624, 0x07DE, 0x08F2, 0x0953, 0x06D5,
    0x0282, 0xFCF4, 0xFA98, 0xF709, 0xF5FF, 0xFA38, 0xFCAD, 0xFFC7,
    0x032C, 0x0722, 0x08D4, 0x07EF, 0x0719, 0x0237, 0xFCF9, 0xF8BF,
    0xF6BD, 0xF872, 0xFABB, 0xFDF7, 0xFFFD, 0x0355, 0x05D0, 0x05F3,
    0x05EA, 0x0330, 0x0049, 0xFBA7, 0xF900, 0xF9FB, 0xFC17, 0xFFC0,
    0x0116, 0x032F, 0x04D3, 0x04D3, 0x052D, 0x0310, 0x012E, 0xFC70,
    0xF91D, 0xF97C, 0xFAB9, 0xFEB9, 0x0176, 0x05DF, 0x0865, 0x08CC,
    0x0954, 0x0782, 0x050C, 0xFFF3, 0xF93B, 0xF457, 0xF265, 0xF540,
    0xF91A, 0xFE7F, 0x03FF, 0x0723, 0x09EB, 0x0A76, 0x0A0B, 0x0662,
    0x000D, 0xF824, 0xF2A9, 0xF317, 0xF52F, 0xF98D, 0xFED1, 0x02FF,
    0x066B, 0x07A8, 0x09CA, 0x080E, 0x0372, 0xFEBE, 0xF730, 0xF430,
    0xF51B, 0xF8BA, 0xFC1F, 0xFF38, 0x03BA, 0x03EA, 0x047B, 0x0599,
    0x044C, 0x01B2, 0xFC59, 0xF887, 0xF619, 0xF8F5, 0xFD71, 0xFFA8,
    0x0458, 0x0548, 0x0604, 0x0653, 0x05C8, 0x02F7, 0xFC8C, 0xF69C,
    0xF0B4, 0xF173, 0xF6D0, 0xFB44, 0x00D3, 0x05DD, 0x0A74, 0x0A23,
    0x0B02, 0x0AF4, 0x03DB, 0xFDDA, 0xF556, 0xF04C, 0xF113, 0xF679,
    0xFC64, 0xFFF1, 0x06E0, 0x0ACC, 0x0A6A, 0x0B1E, 0x08FB, 0x03CA,
    0xFC47, 0xF510, 0xF19A, 0xF351, 0xF939, 0xFBA2, 0x0061, 0x0562,
    0x07BB, 0x0930, 0x0A3D, 0x0A05, 0x04FC, 0xFD97, 0xF7A1, 0xF4CD,
    0xF879, 0xFC4B, 0xFD77, 0x0170, 0x0562, 0x064C, 0x04D0, 0x0705,
    0x03F1, 0xFE11, 0xF85F, 0xF2F7, 0xF414, 0xF7BF, 0xFDDC, 0x0166,
    0x0681, 0x0CA5, 0x0A82, 0x09D7, 0x0954, 0x0486, 0xFD1D, 0xF3C4,
    0xF1F0, 0xF2F9, 0xF8B0, 0xFDFD, 0x023A, 0x095F, 0x0BD0, 0x0BAF,
    0x0A78, 0x09BF, 0x0464, 0xFB3B, 0xF379, 0xEFD1, 0xF2D8, 0xF7E7,
    0xFBEF, 0x01D0, 0x082C, 0x0B50, 0x0B09, 0x0D07, 0x0C9C, 0x05D9,
    0xFCB3, 0xF5AD, 0xF3EE, 0xF4E9, 0xF82A, 0xFC1C, 0x009E, 0x0613,
    0x0732, 0x0731, 0x0A2B, 0x07CE, 0x0237, 0xF937, 0xF4BD, 0xF5A2,
    0xF7EE, 0xFD74, 0x0110, 0x06A5, 0x095B, 0x0849, 0x093E, 0x08AE,
    0x05CA, 0xFD4E, 0xF448, 0xF23C, 0xF371, 0xF91A, 0xFD13, 0x0252,
    0x06A3, 0x08E6, 0x0936, 0x0880, 0x0883, 0x02AE, 0xFA75, 0xF1CF,
    0xEFEE, 0xF370, 0xF783, 0xFD2F, 0x02C8, 0x08CD, 0x0B7C, 0x0BA1,
    0x0DAE, 0x09F4, 0x03FA, 0xF960, 0xF027, 0xEEFC, 0xF0F5, 0xF511,
    0xF7ED, 0xFF24, 0x0555, 0x0784, 0x0A76, 0x0C3F, 0x09CC, 0x02E5,
    0xF7C8, 0xF208, 0xF2BB, 0xF698, 0xF99A, 0xFDB8, 0x0465, 0x06EC,
    0x078D, 0x0940, 0x0A24, 0x05B7, 0xFE6A, 0xF604, 0xF1D0, 0xF446,
    0xF7FF, 0xFA4A, 0x005A, 0x06C2, 0x08B7, 0x0661, 0x0855, 0x0889,
    0x0217, 0xFB73, 0xF25F, 0xF1B9, 0xF511, 0xFA02, 0xFE13, 0x02E4,
    0x09D9, 0x0964, 0x0A03, 0x0C1D, 0x0809, 0x0153, 0xF697, 0xEF1C,
    0xED6A, 0xF07C, 0xF5AA, 0xF90D, 0x02CF, 0x0914, 0x09DD, 0x0C0B,
    0x0EC4, 0x0B3A, 0x029D, 0xF97B, 0xF1B1, 0xF0E9, 0xF4B3, 0xF7F8,
    0xFC6B, 0x0413, 0x0998, 0x086F, 0x0A7F, 0x0DD0, 0x085E, 0x000E,
    0xF6C7, 0xF2A8, 0xF375, 0xF74C, 0xFB97, 0xFFC2, 0x06DF, 0x094D,
    0x07CC, 0x0B22, 0x0B2E, 0x06AF, 0xFDE2, 0xF659, 0xF53D, 0xF62F,
    0xFC7F, 0xFE73, 0x0332, 0x09A3, 0x08D2, 0x0830, 0x09AF, 0x085F,
    0x006E, 0xF6B8, 0xF085, 0xEED5, 0xF363, 0xF902, 0xFDFD, 0x04D3,
    0x0A79, 0x0BEA, 0x0AF0, 0x0EFE, 0x0BB9, 0x027D, 0xF835, 0xF133,
    0xF182, 0xF33A, 0xF8F0, 0xFE28, 0x045B, 0x099F, 0x0957, 0x0AF4,
    0x0D48, 0x09AA, 0x001B, 0xF5A7, 0xF2B0, 0xF2C2, 0xF65D, 0xFA9C,
    0xFEAB, 0x05CD, 0x0876, 0x091F, 0x0BBD, 0x0D50, 0x094F, 0xFECD,
    0xF63A, 0xF371, 0xF3F9, 0xF8A0, 0xFAFD, 0xFF9C, 0x041D, 0x058B,
    0x0550, 0x0773, 0x085E, 0x01C9, 0xF963, 0xF15D, 0xF193, 0xF4C9,
    0xF857, 0xFE11, 0x03B5, 0x0904, 0x091D, 0x0972, 0x0CD5, 0x0907,
    0x019D, 0xF5FC, 0xF062, 0xF1F9, 0xF49E, 0xF966, 0xFC6C, 0x04F9,
    0x0911, 0x08D6, 0x0A71, 0x0C25, 0x099F, 0x0002, 0xF665, 0xF1A5,
    0xF202, 0xF609, 0xF980, 0xFF53, 0x0653, 0x0943, 0x0A6B, 0x0D75,
    0x1032, 0x0B0B, 0x0152, 0xF704, 0xF246, 0xF303, 0xF5B0, 0xF7B1,
    0xFC5F, 0x02B1, 0x04F0, 0x0527, 0x0A28, 0x0B98, 0x0563, 0xFD11,
    0xF48A, 0xF3C2, 0xF4B2, 0xF88B, 0xFC2D, 0x015D, 0x0801, 0x0718,
    0x0734, 0x0A09, 0x090E, 0x0297, 0xF823, 0xF25E, 0xF105, 0xF40C,
    0xF83D, 0xFC37, 0x0409, 0x0653, 0x073F, 0x07C9, 0x0BC4, 0x08D8,
    0xFF8D, 0xF720, 0xEF90, 0xF0EC, 0xF4D3, 0xF932, 0xFDD7, 0x04E4,
    0x09AA, 0x0977, 0x0C32, 0x0F35, 0x09C1, 0xFF65, 0xF4E6, 0xEFE5,
    0xEEE1, 0xF1DC, 0xF601, 0xFA88, 0x0390, 0x073A, 0x0886, 0x0D21,
    0x1011, 0x0B46, 0x00F7, 0xF7C7, 0xF443, 0xF46D, 0xF8A5, 0xFBDD,
    0x0060, 0x06D0, 0x070C, 0x0772, 0x0BFD, 0x0E41, 0x05D7, 0xFBE8,
    0xF541, 0xF2D8, 0xF5C5, 0xF83C, 0xFC98, 0x01D8, 0x06E5, 0x0867,
    0x0841, 0x0D5E, 0x0AD5, 0x02A3, 0xF94F, 0xF2C4, 0xF2A6, 0xF50E,
    0xFA17, 0xFD1F, 0x0464, 0x08C3, 0x0830, 0x0AF1, 0x0CA1, 0x08A0,
    0xFDB5, 0xF2A9, 0xEDAA, 0xECC8, 0xF188, 0xF681, 0xFC06, 0x0468,
    0x0861, 0x09C4, 0x0CF1, 0x1063, 0x0AC2, 0xFFC6, 0xF5F8, 0xF21E,
    0xF2E2, 0xF59E, 0xF975, 0xFEC8, 0x0509, 0x0844, 0x08D3, 0x0CB2,
    0x0E43, 0x069F, 0xFDED, 0xF55E, 0xF2EC, 0xF466, 0xF7FF, 0xFBA8,
    0x0091, 0x06FF, 0x07E1, 0x09A8, 0x0E79, 0x0D71, 0x058D, 0xFB03,
    0xF4FF, 0xF2F8, 0xF5A1, 0xFADE, 0xFD2D, 0x03BF, 0x05C4, 0x068F,
    0x08DC, 0x0AC2, 0x0823, 0xFDFB, 0xF4CE, 0xEF92, 0xF0FC, 0xF575,
    0xF9F1, 0xFFCB, 0x0612, 0x09BB, 0x0A16, 0x0CD3, 0x0E51, 0x07E9,
    0xFEFF, 0xF4A7, 0xF0B2, 0xF1E6, 0xF577, 0xFA4A, 0xFF09, 0x0528,
    0x07F3, 0x08E7, 0x0DD0, 0x0E9A, 0x07D9, 0xFDCB, 0xF447, 0xF1B6,
    0xF2C4, 0xF83B, 0xFBF2, 0x015F, 0x05D9, 0x07AD, 0x0BB7, 0x0F13,
    0x0EA8, 0x068A, 0xFC27, 0xF4A8, 0xF235, 0xF57E, 0xF7EE, 0xFA50,
    0xFFF2, 0x02D7, 0x046E, 0x061B, 0x0A50, 0x06A6, 0xFF53, 0xF7F0,
    0xF215, 0xF3BF, 0xF774, 0xFC2B, 0xFEE4, 0x047A, 0x0702, 0x062E,
    0x0A90, 0x0BFE, 0x06D3, 0xFE15, 0xF3C8, 0xF03E, 0xF28D, 0xF7E2,
    0xFAC7, 0xFE80, 0x04A2, 0x05B5, 0x0830, 0x0C82, 0x0C10, 0x05E7,
    0xFC69, 0xF3B2, 0xF0DF, 0xF439, 0xF7FD, 0xF9E1, 0x015F, 0x06F7,
    0x08F1, 0x0B71, 0x0F4E, 0x0E31, 0x0563, 0xFC79, 0xF3F1, 0xF1B7,
    0xF425, 0xF68F, 0xFABF, 0xFF6E, 0x03A3, 0x04F4, 0x092C, 0x0EA2,
    0x0AB7, 0x0434, 0xFA50, 0xF64C, 0xF745, 0xF9B8, 0xFD44, 0xFECA,
    0x046B, 0x051A, 0x0632, 0x0AE5, 0x0B2D, 0x06FC, 0xFE9B, 0xF6AD,
    0xF303, 0xF3A5, 0xF81C, 0xFA66, 0xFF28, 0x04A7, 0x064B, 0x0847,
    0x0B18, 0x0B59, 0x0554, 0xFCF7, 0xF4DE, 0xF11E, 0xF522, 0xF939,
    0xFD0B, 0x01C7, 0x0521, 0x0801, 0x0A26, 0x0D2E, 0x09C0, 0x01B5,
    0xF707, 0xEE7F, 0xEF0D, 0xF2A8, 0xF649, 0xF9BE, 0xFF8C, 0x04B7,
    0x0689, 0x0B49, 0x0D11, 0x0A84, 0x0446, 0xF9B7, 0xF570, 0xF4B8,
    0xF8A1, 0xFA6F, 0xFD8A, 0x03CD, 0x0540, 0x07A6, 0x0A3E, 0x0BF0,
    0x0909, 0xFF92, 0xF656, 0xF310, 0xF698, 0xFA0E, 0xFBA5, 0x0135,
    0x0511, 0x079B, 0x0993, 0x0CBC, 0x0C70, 0x0573, 0xFC34, 0xF3AA,
    0xF42C, 0xF7FD, 0xF9E8, 0xFE48, 0x03A0, 0x079E, 0x080A, 0x0937,
    0x0AA7, 0x0610, 0xFF2B, 0xF423, 0xEEE8, 0xF0F4, 0xF40E, 0xF851,
    0xFD45, 0x044B, 0x060C, 0x0836, 0x0C43, 0x0B31, 0x0874, 0xFF34,
    0xF5B3, 0xF1A5, 0xF2A9, 0xF6DE, 0xF83C, 0xFE1C, 0x027F, 0x047B,
    0x07A0, 0x09DB, 0x0933, 0x040C, 0xFBEF, 0xF3CD, 0xF1E1, 0xF5DB,
    0xF853, 0xFBFD, 0x0188, 0x05F6, 0x0948, 0x0ACA, 0x0C0E, 0x0900,
    0x049B, 0xFB37, 0xF30A, 0xF437, 0xF915, 0xFC45, 0xFF65, 0x0462,
    0x0745, 0x071C, 0x0807, 0x06CC, 0x0394, 0xFD7F, 0xF46D, 0xF207,
    0xF53A, 0xFB74, 0xFE42, 0x02D9, 0x0925, 0x0B4E, 0x0D4B, 0x0D30,
    0x0C57, 0x0951, 0xFF06, 0xF5C8, 0xF426, 0xF89F, 0xFAD4, 0xFCE1,
    0x02EB, 0x0627, 0x08AE, 0x08E7, 0x0981, 0x07BC, 0x02EA, 0xF9A6,
    0xF0C4, 0xF275, 0xF68C, 0xF84D, 0xFD05, 0x0332, 0x0796, 0x0811,
    0x08D7, 0x0883, 0x052E, 0xFF45, 0xF4D9, 0xF0E9, 0xF32C, 0xF69D,
    0xF882, 0xFC6C, 0x0151, 0x0225, 0x0365, 0x0447, 0x0283, 0x0055,
    0xF911, 0xF205, 0xF1F6, 0xF787, 0xFBC0, 0xFDCD, 0x03D3, 0x071C,
    0x0771, 0x0760, 0x06B2, 0x03D0, 0xFEA7, 0xF805, 0xF19F, 0xF26A,
    0xF82A, 0xF9D2, 0xFEF2, 0x03A6, 0x0785, 0x086C, 0x08EF, 0x08ED,
    0x0520, 0x005E, 0xF5DB, 0xF298, 0xF58D, 0xFA1B, 0xFDF6, 0x00E0,
    0x0748, 0x09C3, 0x0A32, 0x0C02, 0x077E, 0x04A0, 0xFDF6, 0xF3B9,
    0xF2FC, 0xF638, 0xF9F0, 0xFBF8, 0xFF95, 0x0558, 0x07A4, 0x086D,
    0x0787, 0x055D, 0x017F, 0xFAE6, 0xF620, 0xF6D6, 0xFBC7, 0xFD92,
    0x016C, 0x05CE, 0x0775, 0x08EF, 0x0727, 0x0682, 0x04F8, 0xFEA6,
    0xF760, 0xF29A, 0xF700, 0xFB91, 0xFDC3, 0x021F, 0x0575, 0x0A4A,
    0x0AE9, 0x0972, 0x0770, 0x02CC, 0xFC18, 0xF3C8, 0xF350, 0xF7CD,
    0xFA7F, 0xFF2F, 0x033A, 0x0868, 0x0B47, 0x0A50, 0x080C, 0x041A,
    0x0035, 0xF775, 0xF080, 0xF1B1, 0xF606, 0xF98A, 0xFE4C, 0x04C4,
    0x07CD, 0x08F0, 0x092E, 0x07B1, 0x0565, 0xFF29, 0xF813, 0xF3E8,
    0xF733, 0xFB73, 0xFC76, 0x016D, 0x03A9, 0x0683, 0x0823, 0x0689,
    0x0527, 0x004F, 0xFAEC, 0xF3BE, 0xF291, 0xF7CB, 0xF849, 0xFD1E,
    0x02CD, 0x06BF, 0x0A55, 0x0948, 0x086B, 0x0405, 0xFFA8, 0xF912,
    0xF1F6, 0xF3A4, 0xF79E, 0xFBF9, 0x0153, 0x05AB, 0x0977, 0x0A73,
    0x099D, 0x0620, 0x0159, 0xF9DD, 0xF106, 0xEED6, 0xF279, 0xF767,
    0xFC3F, 0x0312, 0x085C, 0x0C5F, 0x0FFF, 0x0E31, 0x0ADD, 0x06B8,
    0x009B, 0xFAD2, 0xF908, 0xFDE8, 0xFEAA, 0x01EF, 0x07B0, 0x0A20,
    0x0CBF, 0x0B09, 0x099F, 0x05FC, 0x0075, 0xFABC, 0xF35D, 0xF540,
    0xF972, 0xFC12, 0x01D3, 0x04FC, 0x0944, 0x0B07, 0x0B7B, 0x088D,
    0x0252, 0xFD33, 0xF4D5, 0xF1D3, 0xF581, 0xF8F9, 0xFC11, 0x00EC,
    0x0676, 0x083A, 0x0833, 0x067B, 0xFFE2, 0xF96B, 0xF3C0, 0xEECF,
    0xEE86, 0xF4E4, 0xFA31, 0xFEA0, 0x062F, 0x0A1D, 0x0B50, 0x0A07,
    0x06E5, 0x0228, 0xFAF2, 0xF519, 0xEF0F, 0xF042, 0xF66B, 0xF901,
    0xFEC3, 0x03B2, 0x07B6, 0x08CB, 0x0869, 0x071D, 0xFF4E, 0xF93C,
    0xF351, 0xF051, 0xF516, 0xF8F4, 0xFD7C, 0x0212, 0x07EB, 0x0C27,
    0x0B05, 0x0B50, 0x06DA, 0xFFA9, 0xF8AD, 0xF3F3, 0xF3A4, 0xF640,
    0xFBC1, 0x0090, 0x0560, 0x0972, 0x0A70, 0x08D7, 0x0690, 0x0293,
    0xFB51, 0xF542, 0xF3DE, 0xF65A, 0xFBBC, 0x00D6, 0x0613, 0x09E5,
    0x0CEB, 0x0DF5, 0x0ABC, 0x083F, 0x016B, 0xF932, 0xF3BC, 0xF23D,
    0xF66E, 0xF904, 0xFF19, 0x04EC, 0x07F6, 0x0C03, 0x0AFA, 0x093C,
    0x04D1, 0xFE6E, 0xF7E0, 0xF135, 0xF324, 0xF5E3, 0xF839, 0xFE79,
    0x038F, 0x088A, 0x09A0, 0x0A1F, 0x073C, 0x00F2, 0xFB47, 0xF34D,
    0xF11D, 0xF3A8, 0xF659, 0xF999, 0xFE86, 0x03F6, 0x0628, 0x064A,
    0x04B1, 0x0209, 0xFE55, 0xF924, 0xF5FF, 0xF75E, 0xFBB6, 0xFDA9,
    0x000E, 0x04FC, 0x08E2, 0x0A0B, 0x07BC, 0x054E, 0x011E, 0xFBA5,
    0xF843, 0xF66C, 0xF9FB, 0xFC45, 0xFDD9, 0x021A, 0x05B6, 0x0942,
    0x0861, 0x062D, 0x0397, 0xFF15, 0xFC5D, 0xFA5D, 0xF998, 0xFAE7,
    0xFBAC, 0xFF7D, 0x0336, 0x070E, 0x09DE, 0x085D, 0x05A4, 0xFF95,
    0xFC56, 0xFA5E, 0xF7D2, 0xF712, 0xF7C8, 0xFB00, 0xFCC9, 0xFF5B,
    0x02C4, 0x03CA, 0x0252, 0xFEA1, 0xFE3F, 0x0004, 0x00AE, 0xFFA0,
    0x009B, 0x05BC, 0x0651, 0x068B, 0x0780, 0x0813, 0x0565, 0xFF40,
    0xFDD9, 0xFE64, 0xFFBE, 0xFD96, 0xFCAA, 0x0178, 0x02EE, 0x0311,
    0x0305, 0x041F, 0x038A, 0xFEF2, 0xFEB6, 0x00CC, 0x0180, 0xFF4D,
    0xFD60, 0x00B9, 0x02BB, 0x02A9, 0x0278, 0x0361, 0x0388, 0x001A,
    0xFDFB, 0xFF8F, 0xFF81, 0xFB84, 0xFA5F, 0xFCEF, 0xFD7C, 0xFDA0,
    0xFD88, 0xFDCA, 0xFE0C, 0xFC47, 0xFC25, 0xFE48, 0x0162, 0xFF89,
    0xFE20, 0x01AB, 0x00E2, 0xFF9D, 0xFF27, 0xFDC1, 0xFA96, 0xF6F4,
    0xF7E9, 0xF98E, 0xFCE0, 0xFDCB, 0xFC5D, 0x0079, 0x0251, 0x0162,
    0x00D8, 0xFF0D, 0xFC3A, 0xF793, 0xF86F, 0xFCBF, 0xFEBC, 0xFFE1,
    0x007D, 0x0365, 0x0483, 0x03FC, 0x030D, 0x00C6, 0xFE66, 0xFABC,
    0xFB12, 0xFE8C, 0x00DE, 0x009F, 0x0159, 0x03E5, 0x02FF, 0x02DA,
    0x02FE, 0x0060, 0xFD69, 0xFB57, 0xFC93, 0xFE67, 0x020A, 0x0432,
    0x04F8, 0x0949, 0x0919, 0x07D1, 0x075C, 0x04A4, 0xFF92, 0xF9D5,
    0xFA32, 0xFB13, 0xFC1E, 0xFEE9, 0x01D7, 0x065C, 0x0683, 0x064B,
    0x06D9, 0x03A3, 0xFE07, 0xF776, 0xF6FE, 0xF872, 0xF8CB, 0xFA99,
    0xFE73, 0x0404, 0x0505, 0x0572, 0x05B6, 0x02D7, 0xFDA9, 0xF834,
    0xF6FB, 0xF85B, 0xF9DE, 0xF9D8, 0xFC54, 0x0346, 0x0431, 0x02BD,
    0x0322, 0x0158, 0xFCCA, 0xF822, 0xF963, 0xFA89, 0xFB61, 0xFDC8,
    0x010F, 0x06C8, 0x09A6, 0x09A2, 0x07BC, 0x0504, 0x00CB, 0xFA47,
    0xF883, 0xF942, 0xF993, 0xFA52, 0xFD2F, 0x02E9, 0x05C2, 0x0809,
    0x081A, 0x0535, 0x020D, 0xFCBF, 0xF97E, 0xF8F5, 0xF94D, 0xF917,
    0xFB8C, 0x0278, 0x04F5, 0x0721, 0x0976, 0x0779, 0x0240, 0xFD1A,
    0xFB06, 0xF948, 0xFA4E, 0xFA43, 0xFA1C, 0xFDF8, 0x00AB, 0x01A6,
    0x0279, 0x0121, 0xFD5A, 0xF90B, 0xF967, 0xFB01, 0xFBC7, 0xFDCF,
    0x0096, 0x059D, 0x0887, 0x0AFC, 0x0B29, 0x09DC, 0x054F, 0xFF42,
    0xFD42, 0xFCFA, 0xFD41, 0xFC1A, 0xFE1E, 0x0300, 0x03F7, 0x056F,
    0x077A, 0x07B4, 0x0511, 0x0030, 0xFEFE, 0xFD92, 0xFDB8, 0xFD32,
    0xFD9A, 0x029E, 0x04FD, 0x0651, 0x07C2, 0x0917, 0x07B4, 0x016B,
    0xFF31, 0xFD85, 0xFC9F, 0xFC3E, 0xFAD2, 0xFF42, 0x0001, 0x0079,
    0x0173, 0x0136, 0x003C, 0xFC12, 0xFA28, 0xF9FA, 0xFACF, 0xFA49,
    0xFAB1, 0xFF77, 0x0269, 0x040B, 0x0435, 0x02AF, 0x001D, 0xFB4C,
    0xF92F, 0xF6BF, 0xF78B, 0xF8DF, 0xF892, 0xFCFD, 0x006B, 0x01E7,
    0x00E4, 0x0007, 0xFF1C, 0xFC37, 0xFCCD, 0xFB5B, 0xFB0B, 0xFBDA,
    0xFB76, 0xFEDA, 0x0034, 0x02FE, 0x036B, 0x0223, 0x02A1, 0xFEFE,
    0xFE31, 0xFDC7, 0xFDA7, 0xFF0B, 0xFF09, 0x010B, 0x0143, 0x022C,
    0x0309, 0x0184, 0xFFB6, 0xFDC1, 0xFD62, 0xFCB4, 0xFFD8, 0x00C8,
    0xFFBC, 0x038E, 0x05A9, 0x0740, 0x080E, 0x07BA, 0x0554, 0x0021,
    0xFE33, 0xFC10, 0xFD0C, 0xFF2C, 0xFE98, 0x0110, 0x0327, 0x0562,
    0x0418, 0x02CA, 0x0226, 0xFCFD, 0xFB66, 0xF9E5, 0xFAC9, 0xFD8C,
    0xFC43, 0xFF54, 0x015E, 0x025D, 0x02AE, 0x0098, 0x0181, 0xFE9D,
    0xFBB9, 0xFA10, 0xFB03, 0xFEA6, 0xFEA8, 0x0032, 0x012C, 0x021C,
    0x011B, 0xFE88, 0xFE60, 0xFC22, 0xFA72, 0xF910, 0xFAE5, 0xFE71,
    0xFF90, 0x0227, 0x03E1, 0x06AA, 0x0710, 0x05A3, 0x0449, 0x0139,
    0xFF43, 0xFB3D, 0xFACB, 0xFC98, 0xFCF0, 0x0077, 0x022E, 0x0458,
    0x0540, 0x0330, 0x0165, 0xFCF2, 0xFC5F, 0xFB34, 0xF960, 0xFB8B,
    0xFC69, 0xFFCE, 0x02B2, 0x0404, 0x0530, 0x044B, 0x02FA, 0xFEEC,
    0xFD46, 0xFD0C, 0xFB80, 0xFD1B, 0xFD64, 0xFF4A, 0x0109, 0x017D,
    0x009A, 0xFE08, 0xFC8F, 0xF767, 0xF5D3, 0xF742, 0xF970, 0xFC14,
    0xFD1F, 0x0160, 0x04F0, 0x08B3, 0x099D, 0x084A, 0x0847, 0x038D,
    0x00A7, 0xFE31, 0xFEAE, 0x0113, 0xFF7B, 0x020B, 0x03BB, 0x0688,
    0x07A1, 0x05FB, 0x0579, 0x00CB, 0xFE5D, 0xFC4F, 0xFCB4, 0x0060,
    0xFFA0, 0x00D2, 0x0406, 0x06E0, 0x07D9, 0x07DB, 0x0751, 0x02B5,
    0xFF77, 0xFCD4, 0xFB6F, 0xFE66, 0x00E8, 0x01CE, 0x021F, 0x03FF,
    0x046D, 0x023D, 0x0119, 0xFC1B, 0xF748, 0xF5A9, 0xF60E, 0xF89E,
    0xFB6A, 0xFF5C, 0x00BC, 0x02A5, 0x0467, 0x03DF, 0x03AE, 0xFE73,
    0xFA9F, 0xF86C, 0xF6F2, 0xF984, 0xF9DB, 0xFDF0, 0x0047, 0xFFEC,
    0x0196, 0x0117, 0x019B, 0xFDC5, 0xFAC4, 0xF948, 0xF892, 0xF9E5,
    0xF9D3, 0xFD04, 0x0099, 0x0322, 0x01D2, 0x01D8, 0x04CE, 0x0068,
    0xFD3C, 0xFC59, 0xFB7B, 0xFD09, 0xFD9B, 0x0103, 0x03EF, 0x06B8,
    0x05D5, 0x0301, 0x036F, 0xFFCB, 0xFC16, 0xF952, 0xF9FF, 0xFBA2,
    0xFB19, 0xFF19, 0x02E7, 0x0714, 0x090D, 0x078A, 0x07CE, 0x045E,
    0x004E, 0xFD76, 0xFC09, 0xFE79, 0xFE4F, 0xFF7F, 0x02BD, 0x04A3,
    0x05C9, 0x0517, 0x042D, 0xFF29, 0xFB54, 0xFAD4, 0xFAAE, 0xFC02,
    0xFB30, 0xFB6E, 0xFCFE, 0x0027, 0x0207, 0x01B5, 0x0331, 0xFEDC,
    0xFA93, 0xFAF4, 0xFB86, 0xFD1E, 0xFD7D, 0x0091, 0x0286, 0x03A3,
    0x050D, 0x047D, 0x04D2, 0xFF46, 0xFA2D, 0xF8B9, 0xF946, 0xFB78,
    0xFB72, 0xFEAC, 0x01A6, 0x03AF, 0x056A, 0x06A7, 0x08EF, 0x056B,
    0xFF86, 0xFC5A, 0xFC01, 0xFD1F, 0xFE03, 0x0172, 0x0374, 0x03C4,
    0x0359, 0x035D, 0x04DA, 0x015B, 0xFCDA, 0xFA03, 0xF9A8, 0xFBCB,
    0xFC62, 0xFF0F, 0x011C, 0x016C, 0x016F, 0x0119, 0x0343, 0x0192,
    0xFD62, 0xFC0C, 0xFB19, 0xFC8B, 0xFD9E, 0x0069, 0x028F, 0x02CA,
    0x0282, 0xFF2C, 0xFF41, 0xFBB2, 0xF734, 0xF6FB, 0xF6D3, 0xF769,
    0xF79B, 0xFC62, 0x00E9, 0x02BE, 0x0461, 0x0493, 0x0650, 0x04FA,
    0x027E, 0x007E, 0xFFAD, 0xFF9B, 0xFD44, 0x00BD, 0x0507, 0x06BA,
    0x062D, 0x0518, 0x0612, 0x0255, 0xFF19, 0xFDD2, 0xFE29, 0xFF5B,
    0xFE48, 0x012C, 0x03CB, 0x05C1, 0x05C2, 0x0491, 0x05BD, 0x02E4,
    0xFEEA, 0xFCBE, 0xFDBE, 0xFF42, 0xFF5A, 0x0182, 0x0398, 0x055C,
    0x05E5, 0x049E, 0x043B, 0xFFDD, 0xFA75, 0xF80B, 0xF7BF, 0xF967,
    0xF942, 0xFC06, 0xFE3A, 0xFF4C, 0x015B, 0x01FD, 0x036D, 0x00A6,
    0xFD3C, 0xFAED, 0xF9B8, 0xFAA8, 0xF946, 0xFC8D, 0xFF8C, 0xFF12,
    0x004D, 0x0126, 0x038F, 0x0072, 0xFC4E, 0xFABD, 0xF8F6, 0xF949,
    0xF94D, 0xFD97, 0x00A6, 0xFFEE, 0xFEEA, 0xFFD0, 0x02FF, 0x00E2,
    0xFDF6, 0xFB36, 0xFA37, 0xFB3C, 0xFBA7, 0x008B, 0x047F, 0x04D3,
    0x03ED, 0x03FC, 0x0656, 0x0429, 0xFF67, 0xFC38, 0xFA92, 0xFAA1,
    0xF9F4, 0xFDFA, 0x022D, 0x02F7, 0x029F, 0x01D5, 0x0546, 0x0473,
    0x022F, 0x0187, 0xFE92, 0xFE25, 0xFC91, 0xFF0B, 0x02C9, 0x02AF,
    0x0378, 0x021A, 0x035B, 0x031B, 0x0101, 0xFF89, 0xFDA6, 0xFC5D,
    0xF944, 0xFC59, 0xFFA8, 0xFFA2, 0xFECB, 0xFE7F, 0x00FE, 0xFE93,
    0xFDDC, 0xFE1D, 0xFC7F, 0xFC16, 0xFA41, 0xFE27, 0x029C, 0x03EF,
    0x034D, 0x037E, 0x063C, 0x02DF, 0xFF68, 0xFE50, 0xFCAB, 0xFB75,
    0xF9B7, 0xFCA4, 0x0031, 0x01D3, 0x02A5, 0x0216, 0x0546, 0x04F7,
    0x0094, 0xFFA7, 0xFFFB, 0xFF10, 0xFC76, 0xFD91, 0x0192, 0x01D2,
    0x00CD, 0x0120, 0x0348, 0x037A, 0x001E, 0xFDD4, 0xFD14, 0xFDC4,
    0xFB5D, 0xFC3B, 0xFFB3, 0x0013, 0xFFAA, 0xFE9B, 0x0132, 0x015D,
    0xFFC8, 0xFE60, 0xFC69, 0xFDA3, 0xFC73, 0xFE3A, 0x0128, 0x01CB,
    0x0160, 0xFF2A, 0x021F, 0x0185, 0xFED5, 0xFBD5, 0xF889, 0xF8AB,
    0xF73D, 0xF9E3, 0xFE28, 0x0046, 0x01E6, 0x0230, 0x0495, 0x0611,
    0x04FF, 0x0392, 0x00B5, 0xFFF1, 0xFF08, 0x0020, 0x03C3, 0x04F3,
    0x0474, 0x037B, 0x04BD, 0x04FB, 0x0451, 0x034A, 0x00D6, 0x0044,
    0xFEC3, 0xFF3F, 0x026F, 0x0457, 0x04E7, 0x027A, 0x03C4, 0x0407,
    0x022E, 0x01D1, 0xFF78, 0xFEF6, 0xFC87, 0xFDA7, 0x013B, 0x01BF,
    0x0379, 0x024A, 0x02B3, 0x0230, 0x017F, 0xFFDB, 0xFC45, 0xFBF6,
    0xF866, 0xF823, 0xFA62, 0xFC6A, 0xFEC9, 0xFFD6, 0x01CE, 0x0132,
    0x0088, 0xFF87, 0xFCFF, 0xFBE2, 0xF9E6, 0xF8C9, 0xF9A3, 0xFC6D,
    0xFDFB, 0xFE8E, 0x0171, 0x0111, 0x0050, 0xFFC3, 0xFE92, 0xFDD1,
    0xFC23, 0xFC04, 0xFC3C, 0xFD15, 0xFF89, 0xFFA9, 0x00D7, 0x0285,
    0x0106, 0xFF50, 0xFD96, 0xFE3E, 0xFD52, 0xFD5F, 0xFF9C, 0x0018,
    0x01AF, 0x020C, 0x03A1, 0x04FD, 0x0469, 0x02C8, 0xFEE6, 0xFEFF,
    0xFE4F, 0xFD4F, 0xFDEB, 0xFD73, 0xFF31, 0x0038, 0x02AC, 0x0424,
    0x0536, 0x04B0, 0x0095, 0xFFAE, 0xFF95, 0xFF5B, 0xFDC1, 0xFDFF,
    0xFFAC, 0xFEEB, 0x0136, 0x0266, 0x02FB, 0x038B, 0x0124, 0xFF71,
    0xFDA8, 0xFE9A, 0xFEA1, 0xFC64, 0xFD4A, 0xFDAD, 0xFD9C, 0xFEBA,
    0x00AA, 0x01AB, 0xFF67, 0xFE78, 0xFD9F, 0xFE00, 0x006F, 0x0029,
    0x0089, 0x001D, 0x00D8, 0x0172, 0x01C2, 0x0287, 0x0045, 0xFFA1,
    0xFDF3, 0xFD2E, 0xFE80, 0xFF1B, 0xFFC6, 0xFE96, 0x0048, 0x01C2,
    0x01A2, 0x02EE, 0x0239, 0x0257, 0x0020, 0xFED6, 0xFE8A, 0xFE57,
    0x0014, 0xFE10, 0xFDA2, 0xFE44, 0xFFB3, 0x0004, 0xFF09, 0x00FE,
    0x0074, 0xFE85, 0xFE00, 0xFE93, 0xFFC7, 0xFF37, 0xFE9A, 0xFE6C,
    0xFF71, 0x0076, 0xFF41, 0xFFCF, 0x0116, 0x0083, 0xFF92, 0xFFD9,
    0x0150, 0x00ED, 0xFF9A, 0xFE56, 0xFD53, 0xFD13, 0xFAF9, 0xFAFD,
    0xFC15, 0xFD55, 0xFE4E, 0xFD86, 0xFF9D, 0x00A2, 0x0224, 0x0321,
    0x029C, 0x02A2, 0x01CC, 0x028B, 0x0290, 0x03E5, 0x04B6, 0x038D,
    0x0396, 0x01F4, 0x0348, 0x0377, 0x0231, 0x01E4, 0x0020, 0x0177,
    0x0181, 0x0213, 0x0420, 0x04EB, 0x045A, 0x0257, 0x0257, 0x0365,
    0x033A, 0x019A, 0xFF62, 0xFF32, 0xFFAA, 0x0088, 0x0170, 0x02C3,
    0x03C6, 0x00D2, 0xFF5F, 0x0099, 0x00ED, 0xFED5, 0xFB92, 0xFA24,
    0xFA4C, 0xFA83, 0xFB86, 0xFD11, 0xFF46, 0xFFAC, 0xFE6E, 0xFEF3,
    0x0027, 0x0024, 0xFCB2, 0xFBB3, 0xFB02, 0xFB4B, 0xFBE9, 0xFC04,
    0xFF92, 0xFF24, 0xFE5A, 0xFDD5, 0xFDDD, 0xFFB9, 0xFDD2, 0xFCA4,
    0xFBF2, 0xFC25, 0xFD49, 0xFE1A, 0x00AD, 0x009B, 0x00FA, 0x00A0,
    0xFFEE, 0xFFCE, 0xFFFA, 0xFFF5, 0xFD38, 0xFE0B, 0x0032, 0x0106,
    0x02A0, 0x036B, 0x039F, 0x0372, 0x0291, 0x0124, 0xFF3E, 0xFF0A,
    0xFDF3, 0xFCBE, 0xFCFF, 0xFEA6, 0xFFED, 0x0068, 0x0258, 0x0354,
    0x03AA, 0x020B, 0xFFEC, 0x0091, 0x005B, 0xFF65, 0xFED6, 0xFECE,
    0x00F0, 0x0077, 0x0114, 0x0259, 0x01AC, 0x015B, 0xFF8B, 0xFEEF,
    0xFE3C, 0xFEAC, 0xFE21, 0xFCA3, 0xFEB0, 0xFEE5, 0xFEA9, 0xFF98,
    0x016A, 0x010B, 0xFE92, 0xFEB2, 0xFD51, 0xFEA0, 0x00D6, 0x00A5,
    0x00EE, 0x013B, 0x022F, 0x01E2, 0x0237, 0x017D, 0xFF5E, 0xFDB9,
    0xFBE2, 0xFC2E, 0xFE39, 0xFF55, 0xFF1C, 0xFEE5, 0x017A, 0x02DC,
    0x033B, 0x03F0, 0x020F, 0x00E4, 0xFED0, 0xFDC8, 0xFF1C, 0x007E,
    0x01A6, 0xFF8F, 0xFF98, 0x01EC, 0x0152, 0x00AA, 0x0026, 0x0012,
    0xFDA3, 0xFBD6, 0xFCAB, 0xFDB7, 0xFFF1, 0xFE88, 0xFE29, 0xFF81,
    0x0198, 0x0215, 0xFFEA, 0x017D, 0x003C, 0xFE55, 0xFE6B, 0xFF84,
    0x0121, 0x000D, 0xFF6E, 0xFE28, 0xFEA8, 0xFE20, 0xFBB9, 0xFB08,
    0xF974, 0xF917, 0xF847, 0xF8F4, 0xFBCC, 0xFD0F, 0xFF2A, 0x0074,
    0x01A2, 0x037D, 0x031E, 0x02B0, 0x0223, 0x014B, 0x014F, 0x0087,
    0x017B, 0x0228, 0x030F, 0x03A1, 0x02ED, 0x0377, 0x02B8, 0x033A,
    0x0219, 0x00DC, 0x0224, 0x0191, 0x0122, 0x008A, 0x0230, 0x038C,
    0x0364, 0x0452, 0x030C, 0x0416, 0x038B, 0x0293, 0x02D3, 0x02CD,
    0x0329, 0x008C, 0x017F, 0x01B1, 0x0161, 0x0073, 0xFD75, 0xFDA2,
    0xFCA3, 0xFC3F, 0xFB96, 0xFC27, 0xFE2F, 0xFCD2, 0xFCBD, 0xFE05,
    0x0062, 0x012F, 0xFF32, 0xFEBB, 0xFE0D, 0xFDEB, 0xFD1C, 0xFC7D,
    0xFDC2, 0xFDC9, 0xFC95, 0xFBE2, 0xFD7F, 0xFF7D, 0xFE07, 0xFCA3,
    0xFC9C, 0xFD38, 0xFE2D, 0xFD77, 0xFE13, 0xFE36, 0xFDFB, 0xFC3F,
    0xFBD5, 0xFFFA, 0xFFB8, 0xFE52, 0xFE26, 0xFFF5, 0x0256, 0x0182,
    0x02CF, 0x028E, 0x0325, 0x01F1, 0xFEF3, 0x0009, 0xFF2C, 0xFECB,
    0xFC81, 0xFD0F, 0xFF09, 0xFE6B, 0xFFD0, 0xFF9C, 0x014A, 0x0116,
    0xFFBA, 0x00D5, 0x011E, 0x0235, 0x0047, 0xFFBB, 0x00E1, 0x00C5,
    0x01AF, 0x01F7, 0x0275, 0x00F4, 0x0115, 0x013A, 0xFFBA, 0xFFB4,
    0xFF1B, 0xFEAB, 0xFE33, 0xFEA1, 0x0021, 0xFF7D, 0xFF2B, 0xFF03,
    0xFE22, 0xFF75, 0xFE2E, 0xFD66, 0xFDD3, 0xFF45, 0x00B7, 0x001B,
    0x02A2, 0x03F7, 0x0437, 0x03AF, 0x0192, 0x0163, 0xFE9E, 0xFC06,
    0xFA92, 0xFB8D, 0xFE56, 0xFC4E, 0xFE42, 0x0136, 0x02CF, 0x0271,
    0x0148, 0x0354, 0x01A3, 0x0117, 0xFF2E, 0xFEC8, 0x0122, 0x00FA,
    0x00ED, 0x005B, 0x037E, 0x02BD, 0x001E, 0x0101, 0x0055, 0xFFB8,
    0xFCC1, 0xFC6C, 0xFDE9, 0xFE48, 0xFF31, 0xFE52, 0xFF61, 0x004D,
    0xFF95, 0xFFAF, 0xFFA4, 0xFFB2, 0xFDC6, 0xFCCB, 0xFED6, 0xFFBE,
    0x0129, 0x00C8, 0x00A6, 0x01F2, 0x0120, 0xFFEB, 0xFCA3, 0xFA70,
    0xF8A1, 0xF5C4, 0xF68C, 0xF758, 0xF97F, 0xFBD2, 0xFDAB, 0xFF32,
    0xFFEA, 0x030B, 0x01D1, 0x011A, 0x012E, 0x0059, 0x00B0, 0xFF94,
    0x0200, 0x02A1, 0x0431, 0x049D, 0x02AB, 0x04C6, 0x044B, 0x0333,
    0x011C, 0x00D8, 0x01A5, 0x001C, 0x01EE, 0x02D6, 0x0470, 0x046D,
    0x02EC, 0x0454, 0x040B, 0x045C, 0x01FF, 0x0100, 0x02A0, 0x01E6,
    0x024D, 0x0313, 0x04F2, 0x0557, 0x0433, 0x0391, 0x0215, 0x007A,
    0xFDF8, 0xFAB1, 0xFA13, 0xFA7B, 0xFAC4, 0xFB14, 0xFE80, 0x013D,
    0x00A4, 0x01EC, 0x0191, 0x00B4, 0xFFCA, 0xFE75, 0xFD7E, 0xFBF9,
    0xFD44, 0xFC65, 0xFC06, 0xFE63, 0xFE45, 0xFE5D, 0xFDAF, 0xFE33,
    0xFCE0, 0xFC6B, 0xFDCD, 0xFAD8, 0xFBA8, 0xFCBD, 0xFC64, 0xFC6E,
    0xFCA7, 0xFF37, 0xFDC6, 0xFE20, 0xFECE, 0xFDD7, 0xFFB2, 0xFF43,
    0xFF68, 0xFF94, 0x0144, 0x0151, 0x006B, 0x0340, 0x02E3, 0x0112,
    0xFF44, 0xFDFF, 0xFD7F, 0xFC3E, 0xFC8C, 0xFC9B, 0xFDC7, 0x0014,
    0x0014, 0x0200, 0x0450, 0x0467, 0x0231, 0x01EB, 0x0308, 0x0116,
    0x0116, 0x011A, 0x0060, 0x0058, 0x008F, 0x01AC, 0x00C5, 0x01EE,
    0x0227, 0xFFBB, 0x010A, 0x0079, 0x006B, 0x0004, 0xFF7D, 0xFECC,
    0xFCB3, 0xFEAB, 0xFD82, 0xFD55, 0xFECE, 0xFED8, 0xFFE7, 0x0000,
    0x0236, 0x0233, 0x0228, 0x020D, 0xFFAE, 0x00E0, 0x0022, 0xFE9F,
    0xFDCC, 0xFDFD, 0xFDDC, 0xFBB3, 0xFD66, 0xFEAA, 0xFEBA, 0xFE96,
    0xFEB3, 0x0082, 0x00CF, 0x01D2, 0x018B, 0x01A4, 0x0381, 0x0252,
    0x0202, 0x02BE, 0x0370, 0x018D, 0xFF59, 0x003F, 0xFEC2, 0xFD89,
    0xFDDC, 0xFDF0, 0xFF6F, 0xFFCF, 0x004F, 0x009D, 0x019A, 0x025E,
    0xFEA7, 0xFEAF, 0xFEC1, 0xFD4D, 0xFD26, 0xFD9D, 0xFF33, 0xFF15,
    0x01C3, 0x02C4, 0x0278, 0x0370, 0x019A, 0xFFF4, 0xFE1C, 0xFCC6,
    0xFA87, 0xF83B, 0xF93F, 0xF848, 0xF884, 0xFA82, 0xFB9B, 0xFC31,
    0xFD5B, 0xFFC3, 0xFEE5, 0xFF89, 0x00B6, 0x0015, 0x00C5, 0x011D,
    0x02C9, 0x02E2, 0x03F6, 0x0409, 0x01CC, 0x0316, 0x021A, 0xFFF7,
    0xFF7E, 0x0026, 0x00A4, 0xFFCB, 0x0201, 0x045D, 0x04DD, 0x05A8,
    0x04A2, 0x04B4, 0x03F0, 0x0292, 0x00C4, 0xFFC6, 0x01B5, 0x0010,
    0x017A, 0x0434, 0x052C, 0x065D, 0x04E1, 0x04A9, 0x0395, 0x0206,
    0xFFB9, 0xFC96, 0xFC1E, 0xFACF, 0xFA9F, 0xFBA4, 0xFD91, 0xFECB,
    0xFEE1, 0x00F7, 0x0162, 0x01CD, 0x0104, 0xFF90, 0xFFBB, 0xFE4C,
    0xFE6B, 0xFDE8, 0xFE05, 0xFF73, 0xFE36, 0xFE3D, 0xFD96, 0xFD7F,
    0xFC55, 0xFB6D, 0xFB28, 0xF9EC, 0xFB88, 0xFC51, 0xFD4C, 0xFE99,
    0xFEA1, 0xFF12, 0xFE51, 0xFE5E, 0xFEAA, 0xFD0C, 0xFD38, 0xFBE7,
    0xFCEA, 0xFF74, 0x0076, 0x01B1, 0x0214, 0x03D6, 0x0339, 0x029F,
    0x01E1, 0x0008, 0xFE28, 0xFBE4, 0xFB97, 0xFBB4, 0xFCF2, 0xFE09,
    0xFE0E, 0x00B9, 0x01E9, 0x029A, 0x0381, 0x0424, 0x042C, 0x019C,
    0x018A, 0x0156, 0x00BD, 0x0159, 0x0099, 0x0064, 0x0007, 0x00CD,
    0x00B7, 0xFFC9, 0x0120, 0xFFB5, 0xFEFB, 0xFF1F, 0x000E, 0x0042,
    0xFE94, 0xFEE6, 0xFE28, 0xFE5C, 0xFFBA, 0xFF79, 0xFFB7, 0xFF6E,
    0xFF67, 0xFF73, 0xFFD5, 0x0167, 0x0050, 0x00C3, 0x00A7, 0x0050,
    0x00DA, 0x0049, 0xFF71, 0xFD2C, 0xFDCB, 0xFCB0, 0xFBAD, 0xFCD9,
    0xFCBB, 0xFE2D, 0xFEA7, 0x0053, 0x01E5, 0x02CD, 0x05B0, 0x043A,
    0x03E0, 0x03B0, 0x024C, 0x0188, 0x003A, 0x00F6, 0xFEFA, 0xFE7F,
    0xFF32, 0xFF05, 0x0017, 0xFF88, 0x0018, 0x0085, 0x00F0, 0x0135,
    0xFF55, 0xFFAB, 0xFED0, 0xFDC5, 0xFE0A, 0xFE8C, 0xFFC1, 0xFEB8,
    0xFFE2, 0x0107, 0x0174, 0x01DA, 0x0098, 0x00B5, 0x0065, 0xFFC6,
    0xFE10, 0xFBEC, 0xFC20, 0xF9A9, 0xF976, 0xFA38, 0xFA96, 0xFB41,
    0xFA0A, 0xFBF8, 0xFC1C, 0xFCFC, 0xFE51, 0xFED4, 0x0181, 0x0162,
    0x023A, 0x032B, 0x03BA, 0x03C2, 0x0161, 0x01D1, 0x0107, 0xFFFF,
    0xFFE5, 0xFFD8, 0x00FC, 0x0037, 0x0178, 0x02C6, 0x0442, 0x05E8,
    0x051E, 0x04AD, 0x03A0, 0x02FB, 0x0204, 0x0114, 0x0216, 0x016C,
    0x0126, 0x0281, 0x0415, 0x04C5, 0x0416, 0x045C, 0x0369, 0x0264,
    0x01AA, 0x000C, 0xFF81, 0xFD0F, 0xFBB5, 0xFBE5, 0xFC2E, 0xFE58,
    0xFD25, 0xFE3E, 0xFFB1, 0xFF4D, 0x008E, 0xFF6A, 0x0033, 0xFFB1,
    0xFF44, 0xFF7D, 0xFED4, 0xFFC9, 0xFE28, 0xFE2E, 0xFD68, 0xFC9D,
    0xFC83, 0xFB85, 0xFCFB, 0xFB90, 0xFB39, 0xFC4D, 0xFCB5, 0xFE70,
    0xFD84, 0xFEDA, 0xFF4F, 0xFE9A, 0xFE78, 0xFD6C, 0xFE45, 0xFCCA,
    0xFD08, 0xFD08, 0xFEB3, 0x00F7, 0xFFF7, 0x01F3, 0x0234, 0x0266,
    0x028C, 0x0181, 0x021A, 0xFF80, 0xFDF9, 0xFD75, 0xFCC3, 0xFEC5,
    0xFEC8, 0xFF83, 0x0083, 0x0188, 0x027D, 0x0289, 0x038E, 0x02BB,
    0x0214, 0x0142, 0x00DF, 0x0246, 0x00C5, 0xFFC0, 0xFFA1, 0xFF42,
    0xFFAF, 0xFF41, 0x0033, 0xFFDF, 0xFF5E, 0xFF62, 0xFEB9, 0xFF48,
    0xFF70, 0xFF52, 0xFEE2, 0xFEFE, 0xFF71, 0xFEDA, 0xFF5A, 0xFEC8,
    0xFF04, 0xFF8D, 0xFEC7, 0x0030, 0xFFA0, 0x0096, 0x004B, 0xFF83,
    0x0098, 0xFFC6, 0x00B8, 0xFFC6, 0xFEC8, 0xFE35, 0xFC74, 0xFC98,
    0xFC09, 0xFD7A, 0xFE26, 0xFE3F, 0x00F1, 0x01AF, 0x033F, 0x032F,
    0x0368, 0x03DB, 0x0293, 0x02D0, 0x0123, 0x0091, 0xFF85, 0xFE7E,
    0xFE63, 0xFDDB, 0x0009, 0xFF61, 0xFF54, 0x00D4, 0x0101, 0x020C,
    0x00AB, 0x0018, 0xFF5D, 0xFF40, 0xFFB8, 0xFEC6, 0xFF88, 0xFEE0,
    0xFF2B, 0x0055, 0x00E6, 0x028F, 0x01CF, 0x0160, 0xFFE7, 0xFEE1,
    0xFF48, 0xFCCA, 0xFCDF, 0xFC8D, 0xFBEA, 0xFB92, 0xFAEB, 0xFBD4,
    0xFB23, 0xFB67, 0xFB5F, 0xFB20, 0xFD0A, 0xFEC4, 0xFFCD, 0xFFF4,
    0x0128, 0x022A, 0x01A8, 0x0342, 0x0371, 0x02B5, 0x00C1, 0xFEB9,
    0xFF04, 0xFE48, 0xFF61, 0xFFEF, 0x00AE, 0x0220, 0x02B8, 0x046C,
    0x04D9, 0x0593, 0x0466, 0x0225, 0x0236, 0x01E0, 0x02AE, 0x0150,
    0x008A, 0x0163, 0x01F9, 0x0417, 0x047F, 0x05AA, 0x0556, 0x02D4,
    0x01D2, 0x003D, 0xFF5D, 0xFE46, 0xFD4B, 0xFD0E, 0xFC78, 0xFD99,
    0xFDE7, 0xFE99, 0xFF4D, 0xFEFE, 0xFF4A, 0xFEC1, 0xFFD1, 0xFFAB,
    0xFEA9, 0xFEFD, 0xFE76, 0xFECE, 0xFF23, 0xFFA1, 0xFF93, 0xFE5A,
    0xFD92, 0xFB4D, 0xFAB7, 0xFB5D, 0xFB64, 0xFC15, 0xFBEC, 0xFDAF,
    0xFE5A, 0xFFB4, 0x0098, 0xFEEF, 0xFFA2, 0xFE70, 0xFD71, 0xFC9B,
    0xFC97, 0xFD33, 0xFCD1, 0xFE98, 0xFF72, 0x01BD, 0x0368, 0x029B,
    0x033D, 0x023C, 0x01A0, 0xFF11, 0xFDC8, 0xFE53, 0xFD11, 0xFD8E,
    0xFDB2, 0xFF82, 0x0052, 0x00FA, 0x027E, 0x02CA, 0x0423, 0x026F,
    0x00F9, 0x00E8, 0x0136, 0x013E, 0xFF75, 0x007C, 0x008E, 0xFFF6,
    0x00F7, 0x0069, 0x006C, 0xFEED, 0xFD99, 0xFD5B, 0xFDC3, 0xFF1E,
    0xFE8E, 0xFF10, 0xFFFC, 0xFF4F, 0xFF83, 0xFFAC, 0x00C1, 0x005A,
    0xFED5, 0xFDD3, 0xFCE2, 0xFE91, 0xFF1F, 0xFFD4, 0x00B2, 0x0083,
    0x0177, 0x0166, 0x0258, 0x01BB, 0xFF6E, 0xFDC8, 0xFBA6, 0xFBE1,
    0xFBA1, 0xFD4B, 0xFE42, 0xFDED, 0xFF9A, 0x010D, 0x043B, 0x052F,
    0x0522, 0x041F, 0x0245, 0x022D, 0x0149, 0x01E0, 0x015B, 0xFFE4,
    0x0003, 0xFF59, 0x0126, 0x01C7, 0x0161, 0x0111, 0xFFFC, 0xFFBA,
    0xFE91, 0xFFB2, 0x00D5, 0x006A, 0xFFC2, 0xFF61, 0x0052, 0x00E1,
    0x0156, 0x0170, 0x005C, 0x0001, 0xFED6, 0xFEB8, 0x00A2, 0x0058,
    0xFFAB, 0xFE39, 0xFE47, 0xFE49, 0xFDC5, 0xFDAA, 0xFB69, 0xFAD7,
    0xF92D, 0xF834, 0xF9CE, 0xFB29, 0xFCA3, 0xFC56, 0xFED8, 0x003A,
    0x010F, 0x0320, 0x0294, 0x036E, 0x01B0, 0x00B0, 0xFFD5, 0xFEC6,
    0x0012, 0xFEC6, 0xFFE6, 0x0055, 0x0084, 0x022F, 0x02F3, 0x047B,
    0x030B, 0x031C, 0x02A4, 0x01EC, 0x02EC, 0x02C4, 0x031C, 0x0231,
    0x024F, 0x02F3, 0x037B, 0x057C, 0x0558, 0x046E, 0x03C2, 0x02A5,
    0x019D, 0x0162, 0x0262, 0x0148, 0xFF50, 0xFF32, 0xFED7, 0xFF02,
    0xFEC9, 0xFE32, 0xFE18, 0xFD41, 0xFD17, 0xFC75, 0xFED3, 0x006C,
    0xFF20, 0xFF8C, 0xFF60, 0x00A5, 0x00CF, 0x0165, 0x007A, 0xFD36,
    0xFBD9, 0xF967, 0xFA8C, 0xFC18, 0xFC0C, 0xFC08, 0xFBE1, 0xFE4E,
    0xFE5B, 0xFF69, 0x0058, 0xFF31, 0xFE42, 0xFC39, 0xFD3B, 0xFD36,
    0xFCE9, 0xFDA8, 0xFD37, 0xFDFB, 0xFEBD, 0x0106, 0x02AB, 0x0309,
    0x0280, 0x0053, 0x0014, 0x005A, 0xFFF6, 0x000D, 0xFF3C, 0xFE6C,
    0xFDA6, 0xFE39, 0x005B, 0x0121, 0x01DE, 0x00B8, 0x00C2, 0x00D5,
    0x0098, 0x01D3, 0x0134, 0x0213, 0x0150, 0x019C, 0x0382, 0x0379,
    0x0303, 0x0053, 0xFFBC, 0xFE5B, 0xFC7B, 0xFD50, 0xFD58, 0xFEB3,
    0xFE2A, 0xFEC9, 0xFFC3, 0x0088, 0x02B1, 0x00DA, 0x005F, 0xFEA1,
    0xFC9C, 0xFC3C, 0xFC09, 0xFE43, 0xFE73, 0xFF4A, 0x0033, 0x0160,
    0x033D, 0x0261, 0x0213, 0x012C, 0xFFB5, 0xFE2B, 0xFD36, 0xFDD6,
    0xFD07, 0xFCB2, 0xFC98, 0xFD1D, 0xFF10, 0x0037, 0x0200, 0x02C7,
    0x028C, 0x02C4, 0x0140, 0x01F3, 0x0299, 0x02C6, 0x02FA, 0x019F,
    0x0202, 0x0101, 0x0171, 0x0195, 0x0075, 0x0003, 0xFDDA, 0xFEBC,
    0xFEDE, 0xFF43, 0x000B, 0xFF80, 0x00F6, 0x0089, 0x022E, 0x0299,
    0x01C8, 0x01AD, 0xFF4C, 0xFF1A, 0xFE94, 0xFEDF, 0xFFA6, 0x0010,
    0x00AD, 0xFF84, 0xFFDC, 0x0029, 0x0070, 0xFFB2, 0xFD52, 0xFB92,
    0xF976, 0xF93C, 0xF8A1, 0xF87F, 0xFA1D, 0xF9F3, 0xFB6B, 0xFDA2,
    0xFF8F, 0x0158, 0x00F6, 0x00C6, 0x000F, 0xFFFB, 0x008A, 0xFFB2,
    0x009F, 0x0025, 0xFF4F, 0xFF85, 0x0070, 0x017D, 0x000D, 0x010E,
    0x00AB, 0x0015, 0x0173, 0x00DD, 0x0261, 0x0317, 0x040C, 0x038B,
    0x0270, 0x04C1, 0x0366, 0x02DC, 0x02F2, 0x02BE, 0x0237, 0x01BC,
    0x037E, 0x0272, 0x02F6, 0x01D8, 0x0111, 0x0280, 0x01BB, 0x01AF,
    0xFFBF, 0xFF59, 0xFE88, 0xFBF3, 0xFCAC, 0xFC14, 0xFCA7, 0xFD8C,
    0xFE1D, 0xFF9D, 0x008B, 0x01D9, 0x0184, 0x0189, 0x019F, 0xFF46,
    0xFDD6, 0xFD32, 0xFCE7, 0xFC0D, 0xFBB9, 0xFD20, 0xFC51, 0xFD51,
    0xFE26, 0xFDEA, 0xFE6C, 0xFD2E, 0xFD5B, 0xFD40, 0xFE26, 0xFEBF,
    0xFDD2, 0xFF21, 0xFEDB, 0xFEA8, 0xFF1E, 0xFFD0, 0x0018, 0xFF0D,
    0x000D, 0xFFAD, 0x0085, 0x00E4, 0x0065, 0x021F, 0x0186, 0x0167,
    0xFFC6, 0xFFFD, 0x013C, 0xFE93, 0xFE5F, 0xFDC4, 0xFDEF, 0xFDD0,
    0xFDAB, 0xFFC7, 0x0046, 0x01A1, 0x0195, 0x027C, 0x0494, 0x0406,
    0x02DD, 0x015B, 0x0106, 0xFF6A, 0xFDA9, 0xFE8D, 0xFDD7, 0xFDC1,
    0xFD95, 0xFE1A, 0xFFEA, 0xFFE6, 0x0073, 0xFF92, 0x0012, 0x0060,
    0xFE60, 0xFE7C, 0xFED1, 0xFF0D, 0xFE25, 0xFEBA, 0x000B, 0xFF7A,
    0x010B, 0x00F3, 0x00F2, 0x013F, 0x0093, 0x012A, 0xFFC1, 0x0061,
    0xFF4D, 0xFDC0, 0xFF06, 0xFDC1, 0xFE25, 0xFE3D, 0xFE65, 0xFE3F,
    0xFE40, 0x0002, 0xFFA0, 0x0124, 0x022B, 0x0339, 0x0465, 0x048E,
    0x0518, 0x03C4, 0x03ED, 0x029E, 0x0048, 0x0007, 0xFEDB, 0xFE1E,
    0xFD93, 0xFE69, 0xFFB0, 0xFEFA, 0x0025, 0x00B6, 0x01B3, 0x0234,
    0x0176, 0x0179, 0x004E, 0x0035, 0xFF05, 0xFF03, 0x0034, 0xFEFC,
    0xFF5E, 0xFF55, 0x0007, 0x00BC, 0xFFC4, 0x002E, 0xFEEA, 0xFEA4,
    0xFD82, 0xFB7E, 0xFC21, 0xFAAE, 0xF9F3, 0xF96B, 0xFA16, 0xFB46,
    0xFB52, 0xFCE5, 0xFCEE, 0xFDEC, 0xFE6B, 0xFF2E, 0x00E6, 0x0132,
    0x0298, 0x0257, 0x02B0, 0x0275, 0x01A6, 0x0211, 0x003C, 0xFF72,
    0xFE4F, 0xFE1C, 0xFF95, 0xFFA9, 0x010F, 0x01BB, 0x034C, 0x0421,
    0x043E, 0x0536, 0x03CB, 0x033A, 0x01B0, 0x00F2, 0x01E4, 0x00F8,
    0x0181, 0x01B7, 0x0278, 0x0336, 0x0267, 0x0431, 0x03E1, 0x02C6,
    0x0277, 0x00CD, 0x006F, 0xFE9E, 0xFDC6, 0xFC88, 0xFC62, 0xFD17,
    0xFBEF, 0xFCF8, 0xFD81, 0xFE88, 0xFE75, 0xFF0B, 0x00CD, 0xFFDC,
    0x00B0, 0x0063, 0x0019, 0x0049, 0xFF90, 0xFF8F, 0xFDF1, 0xFE86,
    0xFCEE, 0xFB71, 0xFCD7, 0xFC0A, 0xFC08, 0xFB9C, 0xFD8F, 0xFE14,
    0xFE26, 0x007D, 0xFF4D, 0xFF44, 0xFEEE, 0xFE53, 0xFE7C, 0xFE02,
    0xFE6F, 0xFD25, 0xFECC, 0x00C3, 0x0064, 0x0224, 0x0318, 0x02E8,
    0x02D0, 0x031B, 0x02BA, 0x00E4, 0x001D, 0xFE04, 0xFC48, 0xFC8B,
    0xFBE7, 0xFBF4, 0xFCC7, 0xFEEE, 0xFF2C, 0x0016, 0x027A, 0x0214,
    0x029E, 0x0281, 0x01B3, 0x0123, 0x0089, 0x00EB, 0xFF7B, 0xFFFD,
    0xFFB2, 0xFDEB, 0xFECD, 0xFF0A, 0xFF59, 0xFE31, 0xFE86, 0xFED7,
    0xFE4F, 0x0051, 0xFF6E, 0xFF27, 0xFF6D, 0xFE9F, 0xFEC2, 0xFE23,
    0xFF68, 0xFEBB, 0xFEE2, 0x0071, 0xFFFB, 0x016B, 0x016F, 0x016B,
    0x0123, 0x01A4, 0x01BB, 0x009E, 0x0106, 0xFFCA, 0xFEEA, 0xFE1E,
    0xFD03, 0xFCE8, 0xFC50, 0xFD71, 0xFE05, 0xFF5B, 0x0283, 0x02A4,
    0x045E, 0x05D8, 0x0575, 0x0431, 0x025F, 0x0210, 0x001D, 0xFF75,
    0xFF27, 0xFE65, 0xFF9F, 0x0002, 0x00DE, 0x008C, 0x0101, 0x010F,
    0xFF0D, 0xFFCB, 0xFF0C, 0xFEC9, 0xFEE0, 0xFE47, 0xFF40, 0xFEDB,
    0xFF89, 0xFF5D, 0xFF92, 0x00EB, 0xFFAC, 0x009A, 0x0021, 0xFF4D,
    0xFE71, 0xFDFD, 0xFE8F, 0xFCA5, 0xFDE9, 0xFD19, 0xFC30, 0xFC04,
    0xFB1C, 0xFB18, 0xF940, 0xF9FB, 0xFA35, 0xFA5C, 0xFD3B, 0xFE34,
    0x005C, 0x0223, 0x0383, 0x0439, 0x0331, 0x0442, 0x0209, 0x0038,
    0xFF33, 0xFE61, 0xFEBC, 0xFE92, 0x0089, 0x0216, 0x03E9, 0x04A8,
    0x042A, 0x0537, 0x045B, 0x02FB, 0x01C1, 0x00D6, 0x0134, 0x001B,
    0x0155, 0x01F8, 0x0264, 0x03CC, 0x031F, 0x03D1, 0x0495, 0x0463,
    0x01D9, 0x000A, 0x0078, 0xFF23, 0xFEFF, 0xFF72, 0xFFBC, 0xFFD6,
    0xFEBF, 0xFFA0, 0xFE1F, 0xFD54, 0xFD19, 0xFAD2, 0xFB60, 0xFB80,
    0xFCCC, 0xFE50, 0x0022, 0x0260, 0x0199, 0x0212, 0x0173, 0x0026,
    0xFE9A, 0xFC00, 0xFB27, 0xFA20, 0xFB9A, 0xFCD1, 0xFE79, 0x0084,
    0x0002, 0x0110, 0x007B, 0xFF8F, 0xFE94, 0xFD2E, 0xFC96, 0xF9F7,
    0xFA74, 0xFC66, 0xFD76, 0xFF1E, 0xFFC8, 0x021D, 0x0303, 0x0441,
    0x0427, 0x02CC, 0x0315, 0x00D0, 0xFFE1, 0xFF57, 0xFFB5, 0xFFEC,
    0xFE66, 0xFFFC, 0xFFB2, 0xFEC9, 0xFF24, 0xFDD7, 0xFE0D, 0xFD2C,
    0xFCFA, 0xFD66, 0xFEBC, 0x013E, 0x0101, 0x02D8, 0x03DC, 0x03D9,
    0x02C5, 0x0101, 0x00CC, 0xFE1D, 0xFD6B, 0xFCFE, 0xFD79, 0xFF8B,
    0xFFAE, 0x0130, 0x010C, 0x0183, 0x00C9, 0xFEEB, 0xFF03, 0xFD01,
    0xFC8D, 0xFC99, 0xFD76, 0xFECB, 0x0013, 0x02B1, 0x0315, 0x0468,
    0x04DA, 0x030B, 0x02BA, 0x0120, 0x005E, 0xFF41, 0xFE88, 0xFE06,
    0xFCA4, 0xFECD, 0xFF39, 0xFEC7, 0xFFE1, 0x0062, 0x003D, 0xFF93,
    0x0064, 0x013B, 0x01A8, 0x02A9, 0x0197, 0x0279, 0x0360, 0x02EA,
    0x01F1, 0x00F1, 0x0115, 0xFE5F, 0xFDD8, 0xFE0E, 0xFDB7, 0xFE9B,
    0xFE5D, 0xFFB8, 0x0090, 0x016B, 0x00F5, 0xFF7A, 0x005D, 0xFEC3,
    0xFD41, 0xFD8A, 0xFE5F, 0xFE4B, 0xFD55, 0xFEC4, 0xFE42, 0xFFDD,
    0x0135, 0xFF0E, 0xFF6E, 0xFF78, 0xFE8E, 0xFD86, 0xFE00, 0xFE34,
    0xFBA0, 0xFC0C, 0xFC11, 0xFB5A, 0xFCA9, 0xFDB2, 0xFE47, 0xFDD3,
    0xFFCC, 0xFFCD, 0xFF83, 0x014F, 0x0066, 0xFFE4, 0xFFA8, 0xFFE1,
    0xFFF6, 0x002A, 0x0211, 0x0182, 0x027F, 0x0422, 0x031E, 0x0366,
    0x037E, 0x03F1, 0x02FD, 0x03D8, 0x0488, 0x0365, 0x03F2, 0x02C0,
    0x0126, 0x0076, 0x0141, 0x00EB, 0xFF90, 0x01D2, 0x0182, 0x00BA,
    0x0287, 0x0250, 0x02D7, 0x02A6, 0x02C5, 0x011A, 0x009A, 0x0152,
    0xFF1E, 0xFF92, 0xFEFB, 0xFD99, 0xFCA8, 0xFB82, 0xFB71, 0xFAEC,
    0xFCB7, 0xFD24, 0xFDCC, 0x0115, 0x00CB, 0x0074, 0x006F, 0x00AF,
    0xFE8B, 0xFC41, 0xFC9E, 0xFB4D, 0xFC7A, 0xFE52, 0xFF1A, 0xFFFA,
    0x00CE, 0x0193, 0xFF81, 0xFE18, 0xFDC2, 0xFBC0, 0xFAA1, 0xFA35,
    0xFBD9, 0xFCB1, 0xFE0E, 0x0037, 0x0168, 0x0361, 0x01D8, 0x0109,
    0x012C, 0xFF1B, 0xFF1F, 0xFFBF, 0x0116, 0x01DF, 0x0393, 0x04A6,
    0x017E, 0x01A5, 0x00E4, 0xFE0C, 0xFC7A, 0xFC75, 0xFD59, 0xFB40,
    0xFCF2, 0x008D, 0x024D, 0x03DF, 0x03AD, 0x041B, 0x01D1, 0xFF7E,
    0xFF9F, 0xFD48, 0xFCC4, 0xFD4B, 0xFECE, 0xFE5C, 0xFEA3, 0x0124,
    0x0003, 0x000C, 0x0099, 0x013A, 0x0067, 0xFEA6, 0x00F3, 0x019A,
    0x001E, 0xFEC5, 0xFE62, 0xFEA8, 0xFCC6, 0x001B, 0x01EE, 0x00D7,
    0x02A4, 0x03EC, 0x0345, 0xFFD8, 0xFFBA, 0xFEAE, 0xFB34, 0xFC60,
    0xFE93, 0xFFE1, 0x0009, 0x0201, 0x05E0, 0x03B4, 0x01D1, 0xFF6E,
    0xFD32, 0xFABD, 0xFAA4, 0xFEDA, 0xFF77, 0x030D, 0x0823, 0x0967,
    0x061A, 0x02E4, 0x00AF, 0xFB2E, 0xF7C1, 0xFA51, 0xFBAC, 0xFC68,
    0xFE96, 0x04CB, 0x084A, 0x0632, 0x0550, 0x029C, 0xFEB9, 0xF9A4,
    0xFAE6, 0xFB3B, 0xFA3C, 0xFECB, 0x02C0, 0x027F, 0x0148, 0x0242,
    0xFFD8, 0xFAE3, 0xFCA4, 0xFE21, 0xFBA7, 0xFC81, 0xFFB6, 0x035D,
    0x005E, 0xFF5B, 0xFE93, 0xFB6D, 0xF8A2, 0xF9CB, 0xFD87, 0xFB99,
    0xFCE3, 0x0156, 0x025C, 0x0031, 0xFF9E, 0xFF44, 0xFC20, 0xFB21,
    0x00B0, 0x0140, 0x004E, 0x01F4, 0x0589, 0x0667, 0x0321, 0x02BB,
    0xFF72, 0xFC24, 0xFBCD, 0x004E, 0x0197, 0x01C6, 0x0825, 0x0BE6,
    0x0850, 0x05AD, 0x038F, 0xFE84, 0xF912, 0xFBFB, 0xFF6B, 0xFD58,
    0x008F, 0x055A, 0x0A26, 0x08D7, 0x0773, 0x04EA, 0xFF23, 0xFB21,
    0xF945, 0xFA68, 0xF99B, 0xFC64, 0x01CC, 0x0322, 0x02BB, 0x01B5,
    0xFF31, 0xFA56, 0xF884, 0xFD1C, 0xFB45, 0xFA4C, 0xFEB1, 0x04A3,
    0x05DE, 0x0354, 0x0380, 0xFECB, 0xF9AB, 0xF8A6, 0xFB53, 0xFB07,
    0xFA7B, 0xFF81, 0x0393, 0x02BD, 0x0233, 0xFF4F, 0xFAAE, 0xF848,
    0xFAF0, 0xFD4B, 0xFBE9, 0xFF45, 0x028A, 0x05C1, 0x0592, 0x0343,
    0x0039, 0xFB99, 0xF8A9, 0xF9BE, 0xFE07, 0xFF67, 0x01F7, 0x09D5,
    0x0B2D, 0x0611, 0x0283, 0xFD8E, 0xF747, 0xF48C, 0xF995, 0xF88B,
    0xF9D2, 0x00B5, 0x06A7, 0x0ACD, 0x091B, 0x066F, 0xFFB1, 0xFAC9,
    0xF910, 0xF930, 0xFA32, 0xFA1F, 0xFF58, 0x0686, 0x0779, 0x0650,
    0x01F0, 0xFD2D, 0xF919, 0xF8ED, 0xFAE4, 0xF891, 0xFB61, 0x0176,
    0x07FD, 0x080F, 0x0544, 0x042C, 0xFF1B, 0xFB65, 0xFCF1, 0xFDF2,
    0xFC03, 0xFD45, 0x0502, 0x070E, 0x03F4, 0x0377, 0xFFD6, 0xFCB1,
    0xFC00, 0xFF1B, 0xFDAE, 0xFD30, 0x00E6, 0x0393, 0x05B1, 0x02EA,
    0x0011, 0xFCC4, 0xF9B2, 0xFB35, 0xFF10, 0x01B1, 0x02C6, 0x0749,
    0x0D73, 0x09BA, 0x043F, 0xFF3D, 0xF96D, 0xF5EA, 0xF84D, 0xFC4B,
    0xFB46, 0xFF76, 0x06A5, 0x0B7C, 0x0A2D, 0x058B, 0x00A4, 0xF943,
    0xF551, 0xF876, 0xFA17, 0xFAB7, 0xFEA9, 0x06E4, 0x0A60, 0x07C8,
    0x05C2, 0xFE72, 0xF8AC, 0xF601, 0xF748, 0xF77A, 0xF88C, 0xFF34,
    0x05AB, 0x08B5, 0x0698, 0x02E8, 0xFE05, 0xF748, 0xF5AD, 0xF651,
    0xF500, 0xF663, 0xFD53, 0x0652, 0x05BB, 0x0535, 0x0423, 0xFFA1,
    0xFCDE, 0xFD7F, 0xFECF, 0xFB66, 0xFD15, 0x022C, 0x05E0, 0x06FE,
    0x05D2, 0x0212, 0xFDFA, 0xFC1C, 0xFE66, 0xFF70, 0x0035, 0x02ED,
    0x0815, 0x0A76, 0x06BC, 0x051B, 0xFF9B, 0xFAC6, 0xFB60, 0xFE32,
    0xFEA5, 0xFF42, 0x0538, 0x0ADE, 0x0AF6, 0x0889, 0x04BC, 0xFF59,
    0xF953, 0xF8DB, 0xFB45, 0xFA43, 0xFC7F, 0x01F2, 0x087F, 0x05F7,
    0x0253, 0xFE4C, 0xF6F9, 0xF5B0, 0xF6C9, 0xF8D1, 0xFB25, 0x00B8,
    0x06E0, 0x09EC, 0x0B05, 0x07E4, 0x00B6, 0xF9B2, 0xF598, 0xF64E,
    0xF51F, 0xF683, 0xFCB0, 0x04D5, 0x08B4, 0x0476, 0x03A8, 0xFEC2,
    0xF818, 0xF75C, 0xF968, 0xFA08, 0xFAC6, 0xFFE0, 0x05DE, 0x0842,
    0x06F6, 0x0302, 0xFE2F, 0xF9F7, 0xF9F5, 0xFC71, 0xFD31, 0x00AB,
    0x05BA, 0x0A72, 0x07AE, 0x0364, 0xFFC5, 0xF864, 0xF628, 0xF8A1,
    0xF938, 0xFB46, 0xFF6A, 0x0536, 0x0954, 0x07E6, 0x057F, 0x012F,
    0xFD35, 0xF8E5, 0xFAC9, 0xFC73, 0xFC02, 0x00AF, 0x07A0, 0x09C7,
    0x03BD, 0x002B, 0xFB20, 0xF50C, 0xF620, 0xF83C, 0xF957, 0xFDC8,
    0x0324, 0x0884, 0x0AF7, 0x0B03, 0x0592, 0xFF09, 0xFA8E, 0xF7DC,
    0xF8AB, 0xF7BE, 0xFBE4, 0x03A3, 0x0A52, 0x0900, 0x0575, 0x04D1,
    0xFF82, 0xFBC6, 0xFC38, 0xFB29, 0xF9FB, 0xFB73, 0x0192, 0x0688,
    0x0629, 0x0498, 0x0094, 0xFD8D, 0xFBCB, 0xFDBB, 0xFEA7, 0xFF4C,
    0x0476, 0x0991, 0x09B5, 0x05DE, 0x030D, 0xFDDE, 0xF948, 0xF991,
    0xFA94, 0xFB0C, 0xFEF3, 0x0281, 0x07AD, 0x08D4, 0x0501, 0x0181,
    0xFDE8, 0xFA5F, 0xF8E7, 0xFBD5, 0xFC42, 0xFE9B, 0x06DE, 0x0AD9,
    0x05D9, 0x00F3, 0xFD64, 0xF61D, 0xF296, 0xF6FD, 0xF86C, 0xFAE7,
    0x0069, 0x079F, 0x0D89, 0x0AAB, 0x0568, 0xFD2C, 0xF6AF, 0xF197,
    0xF03C, 0xF316, 0xF589, 0xFD7F, 0x073A, 0x09E4, 0x07BE, 0x0610,
    0x0134, 0xF9A4, 0xF9C2, 0xFA32, 0xF6E1, 0xF9A7, 0xFFA0, 0x088E,
    0x0AB1, 0x0834, 0x06E9, 0x0279, 0xFD04, 0xFA63, 0xFC2C, 0xFB8A,
    0xFE11, 0x06E8, 0x0B4F, 0x090F, 0x07B5, 0x04D5, 0xFE33, 0xFB70,
    0xFDDA, 0xFB3C, 0xFB24, 0x002D, 0x05B1, 0x0A1F, 0x08AC, 0x073D,
    0x030B, 0xFE59, 0xFC2D, 0xFCBB, 0xFD6C, 0xFBCF, 0x010E, 0x06DE,
    0x03B0, 0x003B, 0xFD89, 0xF810, 0xF357, 0xF747, 0xFC1E, 0xFBBF,
    0x0126, 0x0737, 0x0D3A, 0x0D36, 0x07F8, 0x0211, 0xF96F, 0xF407,
    0xF20F, 0xF577, 0xF7E8, 0xFBFB, 0x062B, 0x0929, 0x0652, 0x0477,
    0xFFB0, 0xF840, 0xF573, 0xF8AD, 0xF6D3, 0xF85B, 0xFFEE, 0x0726,
    0x0B89, 0x090E, 0x06A0, 0x0163, 0xFAE3, 0xF71D, 0xF79F, 0xFA0C,
    0xFA7B, 0x019E, 0x0B15, 0x09FF, 0x07CD, 0x04D3, 0xFD71, 0xF814,
    0xF880, 0xF898, 0xF567, 0xF915, 0x0013, 0x0720, 0x095F, 0x08EB,
    0x07CC, 0x01E7, 0xFCC2, 0xFC2E, 0xFD3E, 0xFC22, 0xFC4E, 0x0398,
    0x047D, 0xFF38, 0x002F, 0xFCE9, 0xF799, 0xF74C, 0xFB69, 0xFAB2,
    0xFC32, 0x03BB, 0x094C, 0x0BFA, 0x08D0, 0x06A7, 0x01AF, 0xF9B5,
    0xF81C, 0xF902, 0xF9E2, 0xFA91, 0x01B3, 0x0A66, 0x06E2, 0x060A,
    0x0488, 0xFCD9, 0xF85A, 0xFA03, 0xFA45, 0xF7E3, 0xFD4C, 0x044C,
    0x0941, 0x08FB, 0x072D, 0x050C, 0xFCC8, 0xF810, 0xFA76, 0xFBEA,
    0xFC36, 0x006B, 0x0AC7, 0x0C2B, 0x086E, 0x08DD, 0x0267, 0xF9A1,
    0xF78F, 0xF8AC, 0xF620, 0xF7BE, 0xFF1E, 0x05CC, 0x087B, 0x0886,
    0x07BB, 0x0343, 0xFADC, 0xFA2B, 0xFC42, 0xFA8A, 0xFC0E, 0x0349,
    0x086B, 0x029C, 0x013F, 0x0076, 0xF89D, 0xF569, 0xF8A8, 0xF8CB,
    0xF916, 0xFF51, 0x06B2, 0x0A47, 0x095C, 0x059D, 0xFFDF, 0xF6EA,
    0xF1D2, 0xF535, 0xF59E, 0xF5AB, 0xFC1E, 0x06ED, 0x0781, 0x0524,
    0x071A, 0x0112, 0xF87A, 0xF8BF, 0xFA71, 0xF8DE, 0xFBA5, 0x02F1,
    0x085E, 0x091B, 0x08A1, 0x05AA, 0xFF3F, 0xF7A9, 0xF872, 0xFACB,
    0xFA91, 0xFF2F, 0x087D, 0x0C40, 0x087D, 0x08C2, 0x07CD, 0xFEB0,
    0xFB12, 0xFD7E, 0xFAD7, 0xF98D, 0xFDC9, 0x06F3, 0x097B, 0x0894,
    0x08A2, 0x058C, 0xFD3F, 0xF9CE, 0xFE47, 0xFBDE, 0xFA36, 0x00BE,
    0x057C, 0x021D, 0x0012, 0x0128, 0xFAB9, 0xF479, 0xFA03, 0xFB48,
    0xFC43, 0x00B8, 0x0751, 0x0B36, 0x08CF, 0x0827, 0x0397, 0xFAF1,
    0xF25F, 0xF48D, 0xF822, 0xF66B, 0xFB4F, 0x0556, 0x0699, 0x024B,
    0x0354, 0x0176, 0xF6A3, 0xF5B0, 0xF924, 0xF732, 0xF902, 0xFFDD,
    0x083A, 0x082D, 0x0854, 0x068A, 0xFF4A, 0xF69A, 0xF666, 0xFAF8,
    0xF924, 0xFBC9, 0x0771, 0x0BBF, 0x08A4, 0x08AC, 0x080F, 0xFF2E,
    0xF731, 0xFA45, 0xF874, 0xF6A7, 0xFA89, 0x024D, 0x07BA, 0x07B8,
    0x09C1, 0x082A, 0x0043, 0xFB4D, 0xFE59, 0xFEE2, 0xFA3A, 0x0067,
    0x073A, 0x02A8, 0x018B, 0x03B4, 0xFFB2, 0xF599, 0xF797, 0xFC71,
    0xF979, 0xFC45, 0x0535, 0x0A6F, 0x0893, 0x0862, 0x0892, 0xFFBC,
    0xF80A, 0xF994, 0xFBDB, 0xFA66, 0xFC36, 0x06C3, 0x0710, 0x0561,
    0x0634, 0x035E, 0xFC56, 0xF768, 0xFD5A, 0xFAC2, 0xF941, 0xFF31,
    0x05BF, 0x06EA, 0x051B, 0x07F0, 0x03F5, 0xF752, 0xF6AD, 0xFDB4,
    0xFD5B, 0xFD5A, 0x06C2, 0x0D13, 0x089E, 0x086F, 0x0873, 0xFFF3,
    0xF5F2, 0xF8AD, 0xF83E, 0xF623, 0xFAA0, 0x01DE, 0x0540, 0x03A7,
    0x05CC, 0x057A, 0xFC72, 0xF773, 0xFBA3, 0xFBF6, 0xFA5F, 0xFFCA,
    0x0805, 0x0516, 0x02E4, 0x0373, 0x004D, 0xF4E3, 0xF34D, 0xFA6A,
    0xF944, 0xF89F, 0x01C9, 0x07DA, 0x0668, 0x05CA, 0x063A, 0xFE35,
    0xF099, 0xF46B, 0xF5C2, 0xF586, 0xF838, 0x0277, 0x064A, 0x02A2,
    0x0701, 0x05E3, 0xFC87, 0xF6C6, 0xFA49, 0xF9FC, 0xF7F7, 0xFD68,
    0x0530, 0x0447, 0x02C9, 0x042D, 0x0317, 0xF7CA, 0xF40B, 0xFA25,
    0xF8BF, 0xF9D4, 0x01E4, 0x09F5, 0x0701, 0x05DD, 0x09EE, 0x034B,
    0xF9D4, 0xFABE, 0xFD53, 0xFB38, 0xFB83, 0x045F, 0x063C, 0x02A2,
    0x0623, 0x0663, 0xFF24, 0xF712, 0xFCBE, 0xFEC5, 0xFA92, 0xFFAD,
    0x0538, 0x045B, 0xFFA3, 0x0185, 0x00B0, 0xF619, 0xF60D, 0xFBC1,
    0xFDDF, 0xFE85, 0x04C8, 0x0CCE, 0x07F0, 0x06CD, 0x079F, 0x01DB,
    0xF6C9, 0xF480, 0xFAD5, 0xF814, 0xFAF8, 0x04E6, 0x06D4, 0x02B0,
    0x02B0, 0x054E, 0xFC0C, 0xF589, 0xFA11, 0xFABB, 0xFB14, 0xFFE4,
    0x09D9, 0x08D7, 0x04D1, 0x0858, 0x0437, 0xF9B9, 0xF48F, 0xFA86,
    0xFAA8, 0xF79C, 0x019C, 0x08DE, 0x07BD, 0x0709, 0x092E, 0x041E,
    0xF7F0, 0xF7C6, 0xFA1D, 0xF874, 0xFA09, 0x00DB, 0x06A2, 0x0371,
    0x06DC, 0x09F1, 0x0199, 0xFBA5, 0xFC8C, 0xFF66, 0xFA9B, 0xFE3E,
    0x06EA, 0x0323, 0x0022, 0x0152, 0x013B, 0xF7C7, 0xF56C, 0xFAAF,
    0xFA98, 0xFBAB, 0x023A, 0x0948, 0x077C, 0x05E9, 0x0969, 0x043A,
    0xFAD8, 0xFAB3, 0xFE3D, 0xFD81, 0xFD10, 0x0691, 0x0795, 0x03BF,
    0x04A9, 0x054B, 0xFEA1, 0xF6BF, 0xFB04, 0xFC4A, 0xFBEC, 0x018F,
    0x0704, 0x0778, 0x0409, 0x04E2, 0x04A0, 0xFA83, 0xF8E0, 0xFBC6,
    0xFD38, 0xFD7A, 0x0433, 0x0C6D, 0x08C0, 0x0965, 0x0A92, 0x0444,
    0xFB86, 0xF90B, 0xFA9F, 0xF824, 0xFB00, 0x012A, 0x01A3, 0x024A,
    0x043A, 0x05BD, 0xFF82, 0xFB9E, 0xFD98, 0xFBED, 0xFC04, 0xFFFD,
    0x056D, 0x0440, 0x02B2, 0x04D4, 0xFF80, 0xFBF1, 0xF993, 0xF89C,
    0xF949, 0xF9AA, 0xFFAC, 0xFFD3, 0x035B, 0x05A3, 0x0333, 0x004D,
    0xFBB7, 0xFA44, 0xF783, 0xF77B, 0xFB9D, 0xFE54, 0x0125, 0x0432,
    0x05EB, 0x0469, 0x0157, 0xFFF7, 0xFAFA, 0xFA7D, 0xFCE6, 0x003F,
    0x0273, 0x0498, 0x06AF, 0x0225, 0x0215, 0x004E, 0xFB08, 0xF8D3,
    0xF923, 0xFCB4, 0xFFD2, 0x0585, 0x09D0, 0x0826, 0x086F, 0x067E,
    0x0259, 0xFEC3, 0xFCC6, 0xFFC1, 0x0070, 0x0310, 0x02E1, 0x0271,
    0x03FB, 0x01B7, 0x006C, 0xFBF6, 0xFB7D, 0xFBDE, 0xFDC9, 0x02C8,
    0x0193, 0x019F, 0x00AA, 0xFD00, 0xF9EC, 0xF8F3, 0xF974, 0xF80F,
    0xFD8B, 0x0348, 0x0247, 0x0288, 0x04C4, 0x0341, 0xFC7D, 0xFBA1,
    0xFB65, 0xF8F9, 0xFBEA, 0xFFC4, 0xFFE5, 0xFE58, 0xFFA2, 0xFF66,
    0xF981, 0xF963, 0xF9E6, 0xF8D9, 0xFC3B, 0x001A, 0x02D7, 0x00A1,
    0x01A4, 0x01D2, 0xFE66, 0xFD2E, 0xFC62, 0xFD70, 0xFE33, 0xFF57,
    0xFFC0, 0xFCFA, 0xFEEE, 0xFF43, 0xFE7A, 0xFF8C, 0xFF0E, 0x01A6,
    0x0289, 0x0533, 0x01F0, 0xFE4B, 0xFD77, 0xF882, 0xF802, 0xF92C,
    0xFD5A, 0x0104, 0x0591, 0x0AEE, 0x0749, 0x0341, 0x0076, 0xFC3B,
    0xF8F7, 0xF7B5, 0xFB36, 0xFBF8, 0x006D, 0x05D8, 0x04B7, 0x0058,
    0xFC62, 0xFA88, 0xF526, 0xF568, 0xFB4A, 0xFF08, 0x0499, 0x0A2D,
    0x0B69, 0x0740, 0x0327, 0x0061, 0xF99A, 0xF8BB, 0xFB40, 0xFE28,
    0x03E4, 0x0822, 0x096F, 0x04DB, 0x016F, 0xFCCB, 0xF882, 0xF940,
    0xF96E, 0xFDEC, 0x0521, 0x0ABC, 0x0AC4, 0x0561, 0x03A3, 0xFC8B,
    0xF694, 0xF831, 0xFAE0, 0x016C, 0x081A, 0x111F, 0x1037, 0x0A57,
    0x082E, 0xFFEA, 0xF84C, 0xF51D, 0xF79D, 0xF887, 0xFDE9, 0x09E5,
    0x0B0E, 0x0788, 0x0448, 0x0005, 0xF956, 0xF548, 0xF89D, 0xFB0E,
    0x0210, 0x0ABE, 0x0C96, 0x0B22, 0x05F0, 0xFF93, 0xF82F, 0xF3CF,
    0xF3CC, 0xF667, 0xFDC7, 0x03D5, 0x071F, 0x072D, 0x0422, 0xFE7F,
    0xF875, 0xF78F, 0xF605, 0xF70B, 0xFEB3, 0x03BF, 0x06A8, 0x050A,
    0x0408, 0xFFBF, 0xF80D, 0xF8EE, 0xF8E0, 0xFAB9, 0x0122, 0x087D,
    0x0941, 0x0496, 0x05A8, 0x0130, 0xF8B1, 0xF6B5, 0xF7A7, 0xF958,
    0xFC4D, 0x05E3, 0x085D, 0x0584, 0x06EA, 0x0348, 0xFF49, 0xFB3C,
    0xFD81, 0x019F, 0x054A, 0x0C0E, 0x0C8B, 0x08C1, 0x03D2, 0x0094,
    0xFD5F, 0xF9C2, 0xFA9E, 0xFDA5, 0x0360, 0x08C5, 0x0969, 0x0734,
    0x027C, 0xFF49, 0xFA15, 0xF8D9, 0xFA50, 0xFA33, 0x00E5, 0x05C6,
    0x057C, 0x03CE, 0x020E, 0xFDD1, 0xF800, 0xFA34, 0xFC95, 0xFC18,
    0x02A7, 0x09A8, 0x0A12, 0x0391, 0x0013, 0xFBCF, 0xF48C, 0xF4B2,
    0xF6A0, 0xFA7E, 0xFE1C, 0x04D6, 0x0852, 0x02D8, 0x0197, 0xFE9C,
    0xF7B9, 0xF5EC, 0xF9E1, 0xFFC6, 0x026E, 0x084D, 0x0A93, 0x034F,
    0xFDC8, 0xF93E, 0xF608, 0xF3BD, 0xF6FF, 0xFC95, 0x031B, 0x0A69,
    0x0A10, 0x0724, 0x02CA, 0xFCE1, 0xF7ED, 0xF392, 0xF4F4, 0xF961,
    0x00B9, 0x094B, 0x09DB, 0x085D, 0x04E5, 0x0004, 0xF9F3, 0xF746,
    0xF905, 0xF9D8, 0x0150, 0x0988, 0x0AF1, 0x04F1, 0x0080, 0xFC42,
    0xF307, 0xF1E4, 0xF470, 0xF60C, 0xFCF1, 0x0624, 0x0B3C, 0x06A5,
    0x04B1, 0x02B9, 0xFB22, 0xF9FD, 0xFA5A, 0xFC57, 0x00E1, 0x0736,
    0x0A30, 0x0615, 0x0326, 0xFD98, 0xF80F, 0xF74B, 0xF7D3, 0xFB03,
    0xFF03, 0x05C1, 0x0850, 0x0628, 0x04E8, 0xFE5B, 0xF971, 0xF6B6,
    0xF699, 0xF9C5, 0xFF6E, 0x0888, 0x0A29, 0x0836, 0x07ED, 0x035C,
    0xFD10, 0xFA09, 0xFBF7, 0xFCAD, 0x0080, 0x072E, 0x062E, 0x0360,
    0xFFC2, 0xFCEE, 0xF74F, 0xF536, 0xF8D5, 0xF9B2, 0x00B7, 0x07ED,
    0x09BE, 0x0666, 0x0291, 0x01AD, 0xFC73, 0xF943, 0xF941, 0xFABB,
    0xFF13, 0x03A5, 0x06AB, 0x01A4, 0xFD67, 0xFB67, 0xF6B4, 0xF653,
    0xF727, 0xFB1C, 0xFF46, 0x04FB, 0x0996, 0x03BB, 0xFF2F, 0xFAF6,
    0xF657, 0xF570, 0xF694, 0xFADF, 0x001D, 0x0833, 0x0AEF, 0x0627,
    0x0248, 0xFD5B, 0xF8EA, 0xF6AC, 0xF939, 0xFC20, 0xFF0A, 0x0629,
    0x07B0, 0x040B, 0xFF87, 0xFA96, 0xF6B3, 0xF52A, 0xF9F4, 0xFE23,
    0x03AE, 0x0CA9, 0x0FAB, 0x0C8C, 0x0726, 0x03E3, 0xFCA0, 0xF727,
    0xF96F, 0xFB5B, 0x017E, 0x0901, 0x0C9D, 0x092F, 0x039F, 0x00F5,
    0xF94E, 0xF616, 0xF821, 0xF9C3, 0x0056, 0x07DD, 0x0B80, 0x06B4,
    0x027E, 0xFF0D, 0xF73F, 0xF458, 0xF4B8, 0xF847, 0xFF5F, 0x0853,
    0x0DFD, 0x09F9, 0x062F, 0x022D, 0xFB9F, 0xF7C6, 0xF5A1, 0xF735,
    0xFB06, 0x0322, 0x0869, 0x0505, 0x01EC, 0xFE6E, 0xFA69, 0xF5AD,
    0xF56E, 0xF895, 0xFC82, 0x06A5, 0x0B6F, 0x09E4, 0x054B, 0x0016,
    0xFB1D, 0xF5B9, 0xF639, 0xF657, 0xFA43, 0x0329, 0x084F, 0x083D,
    0x0451, 0x0194, 0xFD27, 0xF882, 0xF7C7, 0xF842, 0xFD48, 0x02EF,
    0x076D, 0x07DF, 0x03A4, 0x0285, 0xFCB0, 0xF971, 0xFA24, 0xFA91,
    0xFE42, 0x045D, 0x0B40, 0x0961, 0x055F, 0x039B, 0xFD17, 0xF7B6,
    0xF602, 0xF625, 0xF91F, 0xFF08, 0x043C, 0x022E, 0x01C1, 0x0117,
    0xFD51, 0xFB21, 0xFA1B, 0xFCC7, 0xFFFD, 0x06F6, 0x0BBA, 0x0916,
    0x056C, 0x0159, 0xFED6, 0xFB76, 0xF929, 0xFA55, 0xFD3B, 0x03E9,
    0x0774, 0x06EB, 0x0372, 0x00B9, 0xFEF0, 0xFA8C, 0xFA14, 0xFA29,
    0xFD3C, 0x03B7, 0x073E, 0x075E, 0x0242, 0xFF77, 0xFECA, 0xFBE3,
    0xFC4A, 0xFC94, 0x0179, 0x0769, 0x0AED, 0x0AA9, 0x03B2, 0xFF93,
    0xFB68, 0xF8DC, 0xF7D0, 0xF8F6, 0xFD92, 0x01C9, 0x07C0, 0x0870,
    0x029F, 0xFF1A, 0xFC2D, 0xFAC1, 0xF96F, 0xFC57, 0x012E, 0x045C,
    0x0A52, 0x08AD, 0x02EA, 0xFD4C, 0xF97E, 0xF5C1, 0xF400, 0xF86A,
    0xFB13, 0x014D, 0x08D1, 0x0939, 0x04A6, 0xFEFD, 0xFC30, 0xF6F5,
    0xF4EC, 0xF82D, 0xFA4F, 0x0228, 0x079A, 0x081B, 0x0559, 0x010A,
    0xFDDD, 0xF849, 0xF810, 0xFAD4, 0xFE72, 0x04D6, 0x096B, 0x0A9B,
    0x052D, 0xFF66, 0xFBCA, 0xF744, 0xF664, 0xF608, 0xFA91, 0x02A5,
    0x0908, 0x0AFC, 0x06EE, 0x04C9, 0x0082, 0xFCA9, 0xFB63, 0xFB32,
    0xFFD1, 0x0590, 0x0B8D, 0x0C50, 0x08EB, 0x03D2, 0xFCC8, 0xFB53,
    0xF8D6, 0xF7EA, 0xFB1F, 0x019B, 0x0A6C, 0x0B86, 0x08D6, 0x029D,
    0xFD53, 0xF9C9, 0xF4BE, 0xF58F, 0xF81E, 0xFDDC, 0x0555, 0x087B,
    0x0844, 0x02E2, 0xFF8A, 0xFC49, 0xF9A2, 0xFA7F, 0xFB94, 0x0013,
    0x04D5, 0x08DD, 0x0742, 0x00C1, 0xFD55, 0xF9B3, 0xF707, 0xF6E7,
    0xF9B5, 0xFE8D, 0x0269, 0x07CF, 0x072E, 0x0319, 0xFF44, 0xFB5B,
    0xFA05, 0xF85E, 0xFBED, 0x005B, 0x03D5, 0x069A, 0x0548, 0x026A,
    0xFD00, 0xFA22, 0xF905, 0xF7BA, 0xFC09, 0x0093, 0x05A3, 0x0851,
    0x0765, 0x0472, 0xFDAC, 0xFB12, 0xF89F, 0xF812, 0xFB23, 0xFF22,
    0x060F, 0x082F, 0x06E6, 0x03BD, 0x002B, 0xFEA9, 0xFAC7, 0xFA4C,
    0xFAF7, 0xFED8, 0x03DA, 0x04C9, 0x0506, 0x001E, 0xFBB0, 0xF83D,
    0xF72D, 0xF860, 0xF95E, 0xFF7E, 0x04F3, 0x093B, 0x0A76, 0x051A,
    0x00C0, 0xFD5C, 0xFCE5, 0xFB33, 0xFB69, 0x015E, 0x0573, 0x0909,
    0x078A, 0x0410, 0xFF53, 0xFA15, 0xF9A2, 0xFAB6, 0xFC58, 0xFF58,
    0x04CE, 0x0958, 0x0816, 0x057E, 0x000F, 0xF9FB, 0xF8E1, 0xF96E,
    0xFC46, 0xFEE5, 0x0609, 0x0ABB, 0x08E1, 0x06E1, 0x0227, 0xFE1B,
    0xFA50, 0xF9D0, 0xFD54, 0xFEED, 0x038F, 0x07DC, 0x0860, 0x04AD,
    0xFE61, 0xFB5B, 0xF63B, 0xF6BD, 0xFAA9, 0xFF2E, 0x046E, 0x07C9,
    0x0ACB, 0x0588, 0x001A, 0xFBA4, 0xF641, 0xF4BB, 0xF518, 0xFABC,
    0xFFAD, 0x03E5, 0x0769, 0x0475, 0x004B, 0xFB16, 0xF995, 0xF79E,
    0xF687, 0xFB60, 0x00C3, 0x05DC, 0x06FF, 0x069F, 0x027E, 0xFBCE,
    0xF8F0, 0xF6C3, 0xF7BD, 0xFB9A, 0x0099, 0x06C0, 0x08B1, 0x07E3,
    0x039C, 0xFEEA, 0xFB6E, 0xF9A9, 0xFAC7, 0xFA99, 0xFF26, 0x06A9,
    0x0882, 0x0673, 0x02B0, 0xFFAA, 0xFA8B, 0xF824, 0xFC73, 0xFE50,
    0x02C2, 0x08D7, 0x0CED, 0x0C3A, 0x0661, 0x01B2, 0xFBEF, 0xF9BD,
    0xF99A, 0xFB97, 0xFFCE, 0x03D9, 0x0B06, 0x0A7B, 0x0607, 0x0220,
    0xFCCB, 0xF8D0, 0xF5E2, 0xF902, 0xFB5F, 0xFE6D, 0x04B2, 0x0635,
    0x0511, 0x001E, 0xFBEC, 0xF95C, 0xF8AA, 0xFA29, 0xFC84, 0x0281,
    0x0499, 0x05CF, 0x05F7, 0x0250, 0xFE7B, 0xFAA2, 0xFA7D, 0xFA8E,
    0xFB5C, 0xFF89, 0x01EE, 0x0335, 0x024D, 0x0019, 0xFCFF, 0xF9B8,
    0xFB34, 0xFCC3, 0xFEC2, 0x02E5, 0x0686, 0x052E, 0x0114, 0x0117,
    0xFD7C, 0xF7AD, 0xF7E1, 0xF9B4, 0xFC60, 0xFF69, 0x0496, 0x083E,
    0x050A, 0x0268, 0xFEF7, 0xFC79, 0xFA6C, 0xF9E6, 0xFD25, 0xFF8E,
    0x0417, 0x06DB, 0x060C, 0x02A4, 0xFF8A, 0xFEB1, 0xF9D0, 0xF996,
    0xFCF8, 0xFED6, 0x0100, 0x0264, 0x0484, 0x0061, 0xFCDF, 0xFCE5,
    0xFBC7, 0xFABF, 0xFA4E, 0xFE19, 0x0075, 0x01E5, 0x0448, 0x02EE,
    0xFFCA, 0xFD25, 0xFF1F, 0xFF65, 0xFEAC, 0x02A6, 0x0372, 0x02FE,
    0x0211, 0x01FB, 0x0007, 0xFB62, 0xFC5C, 0xFD41, 0xFE4A, 0x0201,
    0x04FB, 0x0651, 0x04FE, 0x0464, 0x01C8, 0xFCFE, 0xFB36, 0xFC31,
    0xFECF, 0xFFAD, 0x025A, 0x053E, 0x02E7, 0x01F0, 0x0047, 0xFEED,
    0xFCEC, 0xFB2F, 0xFEB8, 0x012C, 0x04B6, 0x04E0, 0x03BE, 0x030F,
    0x0045, 0xFFBF, 0xFD65, 0xFBC7, 0xFB90, 0xFE4C, 0x0137, 0x012F,
    0x0370, 0x016F, 0xFEB7, 0xFDBC, 0xFCD5, 0xFC89, 0xF9C8, 0xFD3E,
    0x00B7, 0x0026, 0xFFE3, 0xFE64, 0xFD7A, 0xFAE3, 0xFB56, 0xFC73,
    0xFB56, 0xFDE1, 0x015C, 0x03A6, 0x0224, 0x00D6, 0xFF64, 0xFAA3,
    0xFAD8, 0xFBBA, 0xFCC5, 0xFE8A, 0xFF8C, 0x02A5, 0x0295, 0x015E,
    0x0029, 0xFDEE, 0xFD64, 0xFD1F, 0xFEF2, 0x004C, 0x00C5, 0x0330,
    0x0339, 0x01B4, 0xFF8B, 0xFF71, 0xFDE6, 0xFB66, 0xFEBF, 0x01F5,
    0x0443, 0x0443, 0x0627, 0x06EA, 0x034E, 0x020B, 0xFFBD, 0xFE59,
    0xFE9A, 0x0145, 0x041E, 0x0315, 0x03A8, 0x027F, 0x0046, 0xFF1F,
    0xFE6A, 0xFE01, 0xFB97, 0xFF42, 0x0393, 0x02D3, 0x015E, 0xFFE2,
    0xFFDE, 0xFD38, 0xFB92, 0xFCD4, 0xFBBD, 0xFCED, 0xFF7E, 0x0174,
    0x00AF, 0xFE77, 0xFF51, 0xFDC4, 0xFD9B, 0xFE7E, 0xFE77, 0xFE83,
    0xFFB9, 0x0305, 0x011B, 0xFE7E, 0xFD80, 0xFC2D, 0xFC26, 0xFC14,
    0xFEF6, 0x0027, 0x01EF, 0x0527, 0x036C, 0x021B, 0xFDE2, 0xFB06,
    0xFA2C, 0xF9E6, 0xFC5E, 0xFDDA, 0x01B0, 0x01E4, 0x01EA, 0x0197,
    0xFED1, 0xFD1D, 0xFB79, 0xFDAB, 0xFF10, 0x00CB, 0x0416, 0x0435,
    0x0464, 0x0296, 0x00BB, 0xFE97, 0xFBC5, 0xFCDD, 0xFCEA, 0xFE86,
    0x01CD, 0x0303, 0x01AE, 0x0010, 0x0044, 0xFE04, 0xFACC, 0xFA28,
    0xFB6B, 0xFE2E, 0xFFB0, 0x01DD, 0x021C, 0xFF18, 0xFE40, 0xFC3F,
    0xFCBC, 0xFC96, 0xFD91, 0x0284, 0x04A9, 0x075F, 0x06C8, 0x02D4,
    0xFFA6, 0xFD39, 0xFC33, 0xFA62, 0xFBC8, 0xFF16, 0x0286, 0x0519,
    0x04D8, 0x0554, 0x0175, 0xFF14, 0xFE58, 0xFD98, 0xFE38, 0xFD3E,
    0x019F, 0x04C0, 0x04A5, 0x04D1, 0x028B, 0xFF56, 0xFBD5, 0xFC64,
    0xFCB2, 0xFC01, 0xFFF3, 0x0389, 0x04EB, 0x0383, 0x03C2, 0x01BE,
    0xFCF1, 0xFE02, 0xFDAC, 0xFD9B, 0xFF21, 0x014B, 0x0368, 0x0072,
    0x00BC, 0x00E8, 0xFD77, 0xFD70, 0xFEF6, 0x0118, 0x0030, 0x006A,
    0x01E8, 0xFF58, 0xFD73, 0xFC10, 0xFB37, 0xF8E9, 0xF941, 0xFC5F,
    0xFD8D, 0x0087, 0x011D, 0x0129, 0x00CF, 0xFF26, 0xFF80, 0xFC9A,
    0xFB8E, 0xFCDA, 0xFF08, 0x00CC, 0x0029, 0x0227, 0x01BC, 0xFF77,
    0xFE56, 0xFE38, 0xFE64, 0xFD60, 0x008D, 0x0327, 0x01E5, 0x006D,
    0x0008, 0x0134, 0xFED7, 0xFEFD, 0x0024, 0xFD3A, 0xFEC7, 0x0170,
    0x01F7, 0x0011, 0x012B, 0x03B4, 0x0121, 0x0365, 0x05D8, 0x043C,
    0x02DF, 0x03B5, 0x0454, 0x003B, 0xFF9A, 0xFF2C, 0xFD9C, 0xFE37,
    0xFE97, 0x00DC, 0x0129, 0x025B, 0x0363, 0x0171, 0x00A6, 0xFDC5,
    0xFD56, 0xFE14, 0xFE31, 0xFF81, 0xFFE0, 0x0111, 0x0002, 0xFFFB,
    0xFFAC, 0xFD31, 0xFCA4, 0xFD41, 0xFF33, 0x000D, 0x01AA, 0x02F0,
    0xFF9C, 0xFECF, 0xFEE2, 0xFD17, 0xFB77, 0xFB22, 0xFDB1, 0xFD1C,
    0xFED7, 0x021A, 0x01B3, 0x01B5, 0x0160, 0x01CA, 0x000A, 0xFE76,
    0xFEDF, 0xFE79, 0x0081, 0x006E, 0x00CE, 0xFED9, 0xFC2F, 0xFD34,
    0xFB39, 0xFB8C, 0xFBFC, 0xFF24, 0x01BF, 0x01DD, 0x04B3, 0x030E,
    0x0130, 0xFFEA, 0xFF1A, 0xFF24, 0xFDB1, 0xFED0, 0xFF6E, 0x0104,
    0x01B4, 0x005D, 0x0107, 0xFF0E, 0xFE39, 0xFE83, 0xFE26, 0xFDB1,
    0xFD1B, 0xFF8E, 0xFF4C, 0xFE6D, 0xFFCC, 0xFDD9, 0xFBE2, 0xFBB0,
    0xFDA4, 0xFE2D, 0xFE1B, 0x0264, 0x03A1, 0x032C, 0x046E, 0x054C,
    0x027F, 0xFEBE, 0x009B, 0x0019, 0xFE7F, 0xFFFF, 0x00D4, 0x0011,
    0xFEBF, 0x0186, 0x00B2, 0xFEFA, 0x0175, 0x0181, 0x021D, 0x015F,
    0x01A1, 0x0161, 0x00E7, 0x02DD, 0x011B, 0x0016, 0xFEAA, 0xFF5C,
    0x00FC, 0xFF5E, 0xFFE8, 0x000D, 0x01E9, 0x02B2, 0x02CD, 0x03B7,
    0x00FC, 0x002F, 0xFFF0, 0x0006, 0xFFA1, 0xFD20, 0xFDFE, 0xFE2A,
    0xFE45, 0xFF99, 0x0064, 0x015D, 0x00B1, 0x0253, 0x01AE, 0xFF48,
    0xFFA0, 0xFF49, 0xFE73, 0xFD44, 0xFF3A, 0xFEA4, 0xFC1A, 0xFD84,
    0xFCA6, 0xFB08, 0xFA2A, 0xFC99, 0xFE3D, 0xFDED, 0x0101, 0x0098,
    0xFF9E, 0xFF91, 0xFF3E, 0xFF07, 0xFD44, 0xFE7D, 0xFDEA, 0xFDD5,
    0x002C, 0x0077, 0x01AB, 0x0098, 0x009D, 0x00D8, 0x000E, 0x00F5,
    0xFF41, 0xFF69, 0xFFE9, 0x007E, 0x01AE, 0x0059, 0xFF10, 0xFC96,
    0xFD48, 0xFE81, 0xFE26, 0x0113, 0x031C, 0x0535, 0x06A8, 0x073B,
    0x064B, 0x0248, 0x0253, 0x0155, 0x005B, 0xFFF9, 0xFF5A, 0x0152,
    0x0135, 0x0279, 0x018C, 0xFFCF, 0xFF5E, 0xFF59, 0x00E0, 0xFE56,
    0xFEE3, 0x006B, 0x0006, 0x019D, 0x012C, 0x0086, 0xFD6D, 0xFD77,
    0xFECB, 0xFCC8, 0xFDA0, 0xFE87, 0x003C, 0x016D, 0x022C, 0x0204,
    0xFF2E, 0xFECF, 0xFE1A, 0xFDAB, 0xFE1F, 0xFD20, 0xFDE9, 0xFD2F,
    0xFD5C, 0xFDFC, 0xFE18, 0xFF71, 0xFF28, 0x00AA, 0x01DB, 0x0201,
    0x02F8, 0x0187, 0x00EF, 0xFF72, 0xFE58, 0xFED6, 0xFC78, 0xFC6F,
    0xFC83, 0xFD55, 0xFDAB, 0xFECE, 0x0095, 0xFE92, 0x00A8, 0x0134,
    0xFFEB, 0xFEFF, 0xFEF7, 0x00E1, 0x0007, 0x015A, 0x0064, 0xFED6,
    0x0054, 0x009B, 0x0164, 0xFFC6, 0xFFC4, 0xFFF6, 0x002C, 0x01F2,
    0xFFFB, 0xFE73, 0xFCA1, 0xFDD4, 0xFF97, 0xFDDD, 0xFDC4, 0xFCAA,
    0xFD42, 0xFE13, 0xFE4C, 0xFF26, 0xFE7A, 0x0142, 0x032D, 0x037D,
    0x0464, 0x02CF, 0x02D5, 0x02C1, 0x01EF, 0x005D, 0xFDF1, 0xFEDD,
    0xFE8C, 0xFF72, 0x0058, 0xFFB3, 0x0154, 0x0194, 0x02BF, 0x017E,
    0x00F3, 0x00F6, 0xFFAF, 0x0180, 0x00AC, 0x00B2, 0x00AF, 0xFFE1,
    0x0054, 0xFF14, 0x0009, 0xFFED, 0x00BC, 0x01A4, 0x0167, 0x036E,
    0x0207, 0x01A5, 0xFFC6, 0xFEA6, 0xFF6B, 0xFE39, 0xFF0B, 0xFD85,
    0xFE37, 0xFEFD, 0xFEA3, 0x00EB, 0xFF33, 0xFF1C, 0xFFD1, 0x00C4,
    0x022F, 0x0083, 0xFFFB, 0xFEFF, 0xFF71, 0xFFD4, 0xFD36, 0xFC84,
    0xFB5E, 0xFBB3, 0xFC6E, 0xFC66, 0xFDB6, 0xFD8B, 0xFF8D, 0xFFB1,
    0xFFA5, 0xFEBD, 0xFC3A, 0xFEA7, 0xFF00, 0xFEF8, 0xFEF8, 0xFDC1,
    0xFEE6, 0xFFA3, 0x00D9, 0xFEF0, 0xFE39, 0x0071, 0x003B, 0x026F,
    0x029E, 0x01B7, 0xFFFE, 0xFFDF, 0x00CF, 0xFE39, 0xFEC6, 0xFD60,
    0xFD2B, 0xFF09, 0xFEE9, 0x00D9, 0x0019, 0x0214, 0x03DE, 0x0306,
    0x04B8, 0x03F3, 0x0404, 0x0301, 0x02ED, 0x0287, 0x0018, 0x0121,
    0x0010, 0xFF9F, 0xFF2B, 0xFF0F, 0x003D, 0xFF36, 0x016B, 0x011B,
    0x0060, 0x00D1, 0xFE78, 0xFE5E, 0xFD90, 0xFEE7, 0xFF3D, 0xFEA8,
    0xFFC0, 0xFEE5, 0x000A, 0x002A, 0xFFBD, 0xFF3C, 0xFED7, 0x00D9,
    0x00AA, 0x0185, 0x000E, 0xFD76, 0xFF41, 0xFED1, 0xFE59, 0xFCC7,
    0xFC70, 0xFCFD, 0xFD57, 0x0014, 0xFF28, 0xFEA9, 0x009F, 0x01DF,
    0x026F, 0x0143, 0x0161, 0xFFA7, 0xFE7F, 0x0033, 0xFEA9, 0xFD51,
    0xFC2C, 0xFD88, 0xFDD0, 0xFC78, 0xFDD4, 0xFD29, 0xFEB6, 0x00DF,
    0x0167, 0x00EE, 0xFF56, 0x0093, 0xFF6D, 0xFF32, 0xFFBE, 0xFEAD,
    0x008B, 0x0086, 0x01E6, 0x01A2, 0x005F, 0x0054, 0xFFA1, 0x018F,
    0xFFFC, 0xFF06, 0xFF3F, 0xFDB7, 0xFD95, 0xFD34, 0xFE15, 0xFD08,
    0xFC86, 0xFDBE, 0xFCCA, 0xFE6B, 0xFF54, 0x0047, 0x007F, 0x00C1,
    0x0370, 0x02B2, 0x028C, 0x01E6, 0x0129, 0x00AD, 0x004C, 0x01FF,
    0x007E, 0xFF33, 0x0009, 0xFFC4, 0xFFEF, 0xFF2C, 0x0028, 0x00CD,
    0x01C7, 0x03F3, 0x0258, 0x01DB, 0x0054, 0x0072, 0x00BE, 0xFE7A,
    0xFEC9, 0xFF16, 0x00F2, 0x01ED, 0x0233, 0x0237, 0x002C, 0x01D5,
    0x0290, 0x0198, 0x004C, 0xFE8F, 0xFEF1, 0xFDCB, 0xFF51, 0xFF64,
    0xFE8C, 0xFF40, 0xFEC0, 0x0021, 0xFF1B, 0xFF04, 0x0064, 0x00A0,
    0x01BE, 0x00D0, 0x00F7, 0x000E, 0xFEA5, 0xFF13, 0xFD46, 0xFD45,
    0xFCD2, 0xFDC6, 0xFE04, 0xFCB2, 0xFD9F, 0xFC99, 0xFC4F, 0xFCBD,
    0xFDC7, 0xFED2, 0xFD69, 0xFEBC, 0xFEE9, 0xFE29, 0xFEF2, 0xFF01,
    0xFFC9, 0xFE21, 0xFF58, 0x0006, 0xFF49, 0x0110, 0x0117, 0x018A,
    0x0124, 0x0289, 0x0254, 0xFFE4, 0x0057, 0xFEB3, 0xFE53, 0xFE29,
    0xFDCB, 0xFED1, 0xFE59, 0x00A6, 0x008B, 0x0154, 0x0227, 0x012A,
    0x03D8, 0x040B, 0x046D, 0x032C, 0x0208, 0x0266, 0x00BC, 0x0212,
    0x0182, 0x0108, 0x0116, 0x00CF, 0x018F, 0xFF6E, 0x000B, 0x00AB,
    0x0012, 0x0042, 0xFFDF, 0xFF90, 0xFDF4, 0xFEC1, 0xFF92, 0xFDF3,
    0xFEC5, 0xFF34, 0x001D, 0x0138, 0x0159, 0x0125, 0xFEFC, 0xFFA0,
    0xFFCC, 0xFF60, 0xFF20, 0xFE01, 0xFEE8, 0xFDCA, 0xFE62, 0xFEB1,
    0xFDEE, 0xFEA7, 0xFD76, 0xFDD7, 0xFDB1, 0xFE54, 0xFFDF, 0x000B,
    0x0233, 0x01CC, 0x0231, 0x02B5, 0x015F, 0x009E, 0xFE4B, 0xFE1C,
    0xFC66, 0xFCE7, 0xFED0, 0xFD77, 0xFEB7, 0xFF3C, 0xFF2F, 0xFDD6,
    0xFE93, 0x00EB, 0xFF57, 0xFF6E, 0xFF03, 0xFE95, 0xFEBC, 0xFF8A,
    0x010E, 0xFFB6, 0x00EE, 0x028A, 0x021F, 0x02FE, 0x01EC, 0x0163,
    0xFFFE, 0xFF80, 0xFF3D, 0xFCCA, 0xFD30, 0xFC8C, 0xFD4C, 0xFE4A,
    0xFE0F, 0xFEFB, 0xFE79, 0xFFBE, 0xFEDB, 0xFDFA, 0xFEB8, 0xFDF8,
    0x005B, 0x0158, 0x029F, 0x02DB, 0x01F6, 0x0311, 0x00D1, 0x0048,
    0xFF85, 0xFE9B, 0xFE9E, 0xFEA0, 0x0090, 0xFFBB, 0x009F, 0x01C8,
    0x01A2, 0x01F9, 0x00EA, 0x01C9, 0x00C2, 0x006F, 0x00A7, 0xFF4B,
    0x0026, 0xFF90, 0x00E4, 0x0168, 0x014E, 0x030E, 0x021D, 0x01DD,
    0x0160, 0x021E, 0x0183, 0xFF5A, 0xFFBB, 0xFDAE, 0xFD5A, 0xFEBD,
    0xFF38, 0x0074, 0x006F, 0x016B, 0x0119, 0x0101, 0x010E, 0xFF2F,
    0xFFC4, 0xFECE, 0xFF2A, 0x000F, 0xFF63, 0xFFEB, 0xFF2E, 0xFFB8,
    0xFE95, 0xFD91, 0xFDAB, 0xFC58, 0xFCAE, 0xFBAE, 0xFC2A, 0xFCEA,
    0xFC95, 0xFF2A, 0xFF3F, 0xFEF9, 0xFE6C, 0xFE9F, 0xFE9E, 0xFD32,
    0xFEEA, 0xFE04, 0xFDDC, 0xFFB5, 0x008F, 0x01DB, 0x00E6, 0x0247,
    0x01EA, 0x0049, 0x011D, 0xFF6B, 0xFF55, 0xFE75, 0xFE96, 0xFED2,
    0xFD85, 0xFF1E, 0xFF61, 0x004F, 0x0052, 0x0084, 0x014F, 0x0052,
    0x023F, 0x0274, 0x02B9, 0x02E0, 0x0202, 0x02DE, 0x00D8, 0x0107,
    0x00D2, 0x0088, 0x01BA, 0x011A, 0x02D4, 0x01C6, 0x0193, 0x014F,
    0xFF90, 0xFF97, 0xFDEA, 0xFF22, 0xFF84, 0xFF7A, 0x00AD, 0x0054,
    0x0106, 0xFFBB, 0x0086, 0x0050, 0xFE09, 0xFF59, 0xFF09, 0xFF28,
    0xFFE1, 0x0147, 0x01B9, 0xFF71, 0xFF84, 0xFE34, 0xFCA4, 0xFC7C,
    0xFCF2, 0xFD66, 0xFC37, 0xFF07, 0x0123, 0x00DE, 0x015C, 0x004C,
    0x0018, 0xFF3B, 0x006D, 0x00FC, 0xFF69, 0x013B, 0x008F, 0xFF7D,
    0xFE80, 0xFD72, 0xFD63, 0xFCF7, 0xFE6C, 0xFD6A, 0xFDF4, 0xFF33,
    0xFEAA, 0x00B9, 0xFFB8, 0xFE71, 0xFD59, 0xFD8C, 0xFEEA, 0xFE1F,
    0x00AA, 0x0104, 0x021D, 0x0444, 0x03E4, 0x037C, 0x00FF, 0x0099,
    0xFF85, 0xFE5B, 0xFF45, 0xFF48, 0x0010, 0xFF19, 0xFFCE, 0xFF67,
    0xFD1B, 0xFDF2, 0xFD38, 0xFD73, 0xFDB8, 0xFEB7, 0xFFC5, 0xFF8B,
    0x01BA, 0x0163, 0x00CF, 0x0123, 0x0023, 0x0098, 0xFF7E, 0x002D,
    0xFFE0, 0xFEEA, 0xFF5E, 0xFE59, 0x0073, 0x0010, 0x001F, 0x00AA,
    0x0010, 0x0169, 0x0174, 0x026E, 0x01A0, 0x006D, 0x010A, 0xFFBC,
    0x0053, 0x0012, 0x00C3, 0x0294, 0x02BD, 0x043A, 0x02C7, 0x0202,
    0x00D9, 0xFFEF, 0x000A, 0xFE7E, 0xFECC, 0xFE5E, 0xFF57, 0x00AF,
    0x0073, 0x0043, 0xFEE8, 0x005C, 0x00C4, 0xFFD3, 0x00E4, 0xFFF1,
    0x0053, 0x003C, 0x009F, 0x00D4, 0xFF32, 0xFF4D, 0xFE97, 0xFF4D,
    0xFF22, 0xFE01, 0xFEA0, 0xFDD6, 0xFE31, 0xFCF0, 0xFBAE, 0xFC16,
    0xFBEE, 0xFDBA, 0xFCED, 0xFEBA, 0xFFD4, 0xFE62, 0xFF67, 0xFE5F,
    0xFDF4, 0xFBFE, 0xFC01, 0xFE38, 0xFEE0, 0x01F2, 0x029A, 0x0321,
    0x028B, 0x0105, 0x00BF, 0xFE08, 0xFE7F, 0xFD71, 0xFCC0, 0xFE3F,
    0xFF22, 0x0176, 0x0050, 0x0117, 0x010C, 0xFF7C, 0x0045, 0xFF72,
    0x0061, 0x00E8, 0x025A, 0x03A4, 0x02E5, 0x0371, 0x0196, 0x016B,
    0x0088, 0xFF2C, 0x001C, 0x004E, 0x022D, 0x028F, 0x032C, 0x020D,
    0xFEBD, 0xFF55, 0xFE74, 0xFDEC, 0xFE9E, 0xFED5, 0x0059, 0x0114,
    0x036C, 0x026E, 0xFFEA, 0xFF91, 0xFE75, 0xFE6C, 0xFDEC, 0x0013,
    0x00F0, 0x009E, 0x02A6, 0x018B, 0x001A, 0xFDFA, 0xFC9B, 0xFC48,
    0xFA6C, 0xFC16, 0xFC5C, 0xFE2D, 0x013E, 0x019A, 0x0247, 0x0077,
    0x0021, 0xFF1A, 0xFEB7, 0xFF71, 0xFEE7, 0x00FE, 0x0061, 0x0027,
    0x0020, 0xFEA2, 0xFDAA, 0xFBC2, 0xFD94, 0xFD52, 0xFD7A, 0x0005,
    0xFF6D, 0xFF98, 0xFE83, 0xFE9B, 0xFD75, 0xFC09, 0xFDD6, 0xFDAC,
    0xFF09, 0x0166, 0x02BB, 0x033E, 0x0268, 0x0310, 0x0182, 0x0051,
    0xFF85, 0xFE4A, 0x002B, 0xFFEB, 0x012B, 0x0118, 0xFFF1, 0xFF9A,
    0xFDDE, 0xFE51, 0xFC86, 0xFBDE, 0xFCFC, 0xFD4D, 0xFF6E, 0x00B6,
    0x01E7, 0x00B7, 0x001F, 0x0176, 0xFFA1, 0xFF97, 0xFF91, 0x0021,
    0xFF8E, 0xFE58, 0xFFB2, 0xFDAB, 0xFE63, 0xFFA6, 0x0031, 0x0112,
    0x00C4, 0x028F, 0x016A, 0x01E5, 0x0179, 0xFED8, 0xFED0, 0xFE45,
    0xFFD4, 0x00BC, 0x0207, 0x0368, 0x03BE, 0x0541, 0x0322, 0x0278,
    0x0176, 0xFE93, 0xFE6B, 0xFE9E, 0xFFBE, 0xFFB2, 0x00DB, 0x020C,
    0x0044, 0x0035, 0xFFA8, 0xFF11, 0xFE1A, 0xFE11, 0xFF96, 0xFF4B,
    0x0102, 0x020A, 0x01EF, 0x01D1, 0x00C8, 0x00A7, 0xFF55, 0xFF3F,
    0xFF8E, 0xFE6D, 0xFECA, 0xFD78, 0xFCE2, 0xFC3E, 0xFB5D, 0xFCD3,
    0xFCF7, 0xFDE8, 0xFD8D, 0xFF29, 0x002C, 0xFDCA, 0xFE23, 0xFCB2,
    0xFBDE, 0xFAE3, 0xFBE3, 0xFE5A, 0xFE4E, 0x01B2, 0x0323, 0x035D,
    0x034E, 0x0179, 0x0097, 0xFDBE, 0xFE2F, 0xFE10, 0xFD4C, 0xFF45,
    0x0011, 0x0189, 0x0043, 0x00E0, 0x0093, 0xFE66, 0xFF04, 0xFE62,
    0x000B, 0x00C8, 0x017F, 0x0350, 0x02CD, 0x030F, 0x01B4, 0x01D3,
    0x01CB, 0x000A, 0x0079, 0x005F, 0x00E7, 0x00A3, 0x006D, 0x007F,
    0xFF61, 0x003B, 0x0026, 0x0040, 0x00A3, 0x0018, 0x013E, 0xFFFE,
    0x00AA, 0x0079, 0xFE78, 0xFED5, 0xFE3D, 0xFFC0, 0xFF94, 0x012C,
    0x0353, 0x022F, 0x0287, 0x0089, 0xFF71, 0xFE14, 0xFCB0, 0xFDB1,
    0xFC46, 0xFD5D, 0xFD57, 0xFE05, 0xFF32, 0xFE47, 0xFF4B, 0xFDDB,
    0xFF51, 0xFFFF, 0xFFE6, 0x0155, 0x00B4, 0x0110, 0xFFE1, 0xFFB9,
    0xFF94, 0xFDDE, 0xFEA9, 0xFE42, 0xFF08, 0xFF5B, 0xFF19, 0xFEFA,
    0xFDBC, 0xFE35, 0xFCC7, 0xFCAC, 0xFDA0, 0xFD61, 0xFEAC, 0xFF99,
    0x0189, 0x01CA, 0x008B, 0x0135, 0xFF3B, 0xFF33, 0xFF2A, 0xFF7C,
    0x0125, 0x0174, 0x03E2, 0x02CF, 0x0269, 0x0156, 0xFF06, 0xFE88,
    0xFD0A, 0xFD92, 0xFC94, 0xFD40, 0xFEF2, 0xFE31, 0xFF51, 0xFE6D,
    0xFF57, 0xFFB5, 0xFFC2, 0x0159, 0x002A, 0x0188, 0x00C8, 0x0064,
    0x0071, 0xFED6, 0xFE2C, 0xFCC5, 0xFE02, 0xFEE4, 0xFFE1, 0x0186,
    0x016E, 0x0239, 0x0120, 0x0067, 0xFF6B, 0xFD5A, 0xFE4B, 0xFE40,
    0x0013, 0x0227, 0x033A, 0x04D5, 0x0358, 0x02E9, 0x0198, 0xFF5F,
    0xFF0D, 0xFF85, 0x013E, 0x019D, 0x02FF, 0x0390, 0x0265, 0x02F2,
    0x010C, 0xFFFE, 0xFE49, 0xFDE8, 0xFE78, 0xFD96, 0xFF9B, 0xFEC9,
    0xFFB8, 0x00E7, 0x00D4, 0x0238, 0x0120, 0x01B1, 0x00C9, 0x0056,
    0x00D9, 0xFF47, 0xFED7, 0xFCF8, 0xFD1D, 0xFC6D, 0xFC47, 0xFE05,
    0xFD15, 0xFF0B, 0xFF81, 0xFF20, 0xFE05, 0xFC27, 0xFBA6, 0xF988,
    0xFAE1, 0xFC2C, 0xFCA7, 0xFF1C, 0x006E, 0x0138, 0x0115, 0x00C3,
    0xFFE2, 0xFE73, 0xFF8E, 0xFF38, 0xFFD9, 0x00C2, 0x00C7, 0x01A9,
    0x009F, 0x00CA, 0xFF90, 0xFE6E, 0xFEEF, 0xFE00, 0xFF23, 0xFEAB,
    0xFF35, 0x007F, 0x0097, 0x02D0, 0x021D, 0x028F, 0x0258, 0x028A,
    0x0351, 0x0244, 0x0341, 0x00EF, 0x005F, 0x0000, 0xFED1, 0xFF7A,
    0xFEB4, 0x00E8, 0x01AA, 0x02F3, 0x0428, 0x01A6, 0x00D2, 0xFE9C,
    0xFE1F, 0xFD81, 0xFD3E, 0xFF6E, 0xFFC2, 0x01E4, 0x025A, 0x028B,
    0x01CB, 0x0013, 0x0087, 0xFF1E, 0xFF56, 0xFF1B, 0xFE59, 0xFF90,
    0xFF84, 0x0007, 0xFEFA, 0xFDEE, 0xFE0F, 0xFCF9, 0xFDBD, 0xFD5E,
    0xFD8E, 0xFF40, 0xFFAC, 0x00D2, 0x006C, 0x0123, 0xFFC2, 0xFEC8,
    0x0096, 0xFFA8, 0x00AE, 0x0034, 0x003D, 0x0022, 0xFE24, 0xFE74,
    0xFC24, 0xFC33, 0xFCF5, 0xFDDE, 0x0052, 0x0018, 0x0106, 0xFF30,
    0xFED7, 0xFE96, 0xFD0D, 0xFDD5, 0xFCF3, 0xFF0C, 0x0058, 0x00DE,
    0x0229, 0x0231, 0x0324, 0x01E3, 0x0212, 0x01E9, 0xFFB1, 0x0009,
    0xFF95, 0x0050, 0xFFE0, 0xFF56, 0xFF3E, 0xFDBF, 0xFE77, 0xFD67,
    0xFD90, 0xFE15, 0xFE88, 0x009D, 0x0081, 0x011D, 0x005F, 0xFEF0,
    0xFF4E, 0xFE79, 0xFFFA, 0x0010, 0x0052, 0x0168, 0x00EF, 0x01DC,
    0xFF16, 0xFEEB, 0xFF01, 0xFDEC, 0xFF80, 0xFFE9, 0x0136, 0x001D,
    0x016C, 0x02CB, 0x00A5, 0x01A1, 0x0082, 0x0057, 0xFFFC, 0x008E,
    0x01A9, 0x0000, 0x02AE, 0x02C8, 0x030C, 0x031D, 0x022A, 0x0275,
    0x0046, 0x00D1, 0x009F, 0xFFE9, 0xFFDE, 0xFEDC, 0xFF9D, 0xFE9E,
    0xFEC0, 0xFF6D, 0x0001, 0x01C3, 0x0148, 0x02B9, 0x01E7, 0xFFEB,
    0xFFDB, 0xFE94, 0xFEE5, 0xFE2E, 0xFF68, 0x0008, 0xFEF5, 0x00D6,
    0xFFF9, 0xFE0C, 0xFCF9, 0xFC92, 0xFC4B, 0xFAE1, 0xFCC8, 0xFCB4,
    0xFC2E, 0xFDB9, 0xFE5D, 0xFF65, 0xFD14, 0xFD79, 0xFD83, 0xFCA3,
    0xFE1B, 0xFD4A, 0xFF33, 0xFFD6, 0x00BC, 0x01E8, 0x00CA, 0x0116,
    0xFFC5, 0x0088, 0x0027, 0xFF8C, 0x0098, 0xFEA3, 0xFF45, 0xFF3B,
    0xFF8B, 0xFE79, 0xFDA1, 0x0158, 0x0159, 0x025C, 0x0358, 0x0316,
    0x02DB, 0x00E6, 0x0181, 0x00A3, 0xFFFC, 0x0109, 0x0140, 0x032A,
    0x0312, 0x039A, 0x02D4, 0x0190, 0x01E4, 0xFF4F, 0xFE84, 0xFD61,
    0xFDEB, 0xFF39, 0xFF64, 0x0192, 0x01B2, 0x019A, 0x00A4, 0xFF79,
    0x003D, 0xFDFD, 0xFDCC, 0xFF48, 0x00C4, 0x013F, 0x00D1, 0x02EA,
    0x00A8, 0xFFD9, 0xFFBC, 0xFE6C, 0xFEBD, 0xFD43, 0xFE28, 0xFD95,
    0xFDD4, 0xFF1A, 0xFDAB, 0xFEB0, 0xFEB8, 0xFFF1, 0x001A, 0xFF4C,
    0x00C9, 0xFFDE, 0x00C0, 0x0024, 0xFFF6, 0xFFA9, 0xFD8B, 0xFF44,
    0xFF78, 0x002E, 0xFF68, 0xFE8E, 0x0017, 0xFEB8, 0xFE77, 0xFDC8,
    0xFD40, 0xFD31, 0xFD42, 0xFF6B, 0xFEE6, 0xFF07, 0xFFC6, 0xFFD3,
    0x0099, 0xFF69, 0xFFC5, 0xFF64, 0x004D, 0x022A, 0x011F, 0x015F,
    0x0156, 0x01C7, 0x00F0, 0xFF7B, 0xFFC8, 0xFE7F, 0xFEAA, 0xFF42,
    0x000E, 0xFF8F, 0xFD02, 0xFD90, 0xFDA4, 0xFEE6, 0xFF1B, 0xFECF,
    0x00FA, 0xFFD0, 0x004A, 0x0039, 0xFF7F, 0xFFF4, 0xFEE3, 0xFFD3,
    0xFF4A, 0xFFF0, 0x00DB, 0x0089, 0x026B, 0x023B, 0x0307, 0x0156,
    0xFFF4, 0x0089, 0xFE69, 0xFED3, 0x0009, 0x0233, 0x025A, 0x00E5,
    0x0180, 0xFF69, 0xFE27, 0xFE71, 0xFFC9, 0x01D6, 0x022C, 0x03D0,
    0x0285, 0x022D, 0x01F5, 0x0114, 0x0180, 0xFF69, 0x002C, 0xFF3D,
    0xFE62, 0x00B5, 0x0135, 0x0279, 0x0234, 0x0240, 0x011B, 0xFDD2,
    0xFD52, 0xFCDC, 0xFF11, 0x00B8, 0x019D, 0x02CA, 0xFFDD, 0xFF20,
    0xFE17, 0xFE14, 0xFE3E, 0xFDAE, 0xFF73, 0xFD59, 0xFD2C, 0xFD83,
    0xFCDB, 0xFE0F, 0xFE63, 0xFF35, 0xFC7E, 0xFAB8, 0xFA2E, 0xFA10,
    0xFDB0, 0xFF39, 0x00F8, 0x0025, 0xFE98, 0xFE2D, 0xFC59, 0xFEC7,
    0x00A2, 0x038F, 0x04C9, 0x01B8, 0xFFA9, 0xFCB4, 0xFDC1, 0xFFAB,
    0x0272, 0x04E5, 0x0191, 0xFF27, 0xFD0D, 0xFDB2, 0xFFE8, 0x032C,
    0x06A0, 0x0418, 0x015F, 0xFD7B, 0xFB49, 0xFDDB, 0x01BF, 0x07BB,
    0x08A4, 0x060D, 0x0107, 0xFB3D, 0xFB8B, 0xFEA1, 0x04C6, 0x07BC,
    0x0579, 0x00C6, 0xF9C5, 0xF89D, 0xFBCE, 0x0282, 0x078D, 0x06F9,
    0x03BA, 0xFA7A, 0xF4E1, 0xF4CA, 0xFBFD, 0x065C, 0x0918, 0x07CA,
    0xFFF0, 0xF819, 0xF711, 0xFBBE, 0x04B0, 0x07C5, 0x0772, 0x0124,
    0xF73C, 0xF422, 0xF5F7, 0xFFC3, 0x0911, 0x0D81, 0x0944, 0xFC70,
    0xF400, 0xF229, 0xF91D, 0x037A, 0x0A84, 0x0BAD, 0x02BA, 0xF7EA,
    0xF3A2, 0xF786, 0x0081, 0x091A, 0x0CC5, 0x05DD, 0xF9C7, 0xF138,
    0xF249, 0xFB96, 0x06D7, 0x0EAA, 0x0B22, 0x0045, 0xF46D, 0xEF27,
    0xF44E, 0x0025, 0x0D0E, 0x0E4E, 0x0713, 0xFBB1, 0xF14E, 0xF23B,
    0xFAB9, 0x0916, 0x0FF9, 0x0BB8, 0x0324, 0xF5B6, 0xF1B4, 0xF5D8,
    0x0116, 0x0D3D, 0x0CFF, 0x0669, 0xF852, 0xEF8F, 0xF21F, 0xFC12,
    0x0BDE, 0x10AE, 0x0C81, 0x0010, 0xF140, 0xEDD9, 0xF1D2, 0x003C,
    0x0CCA, 0x1000, 0x0C11, 0xFCEE, 0xF307, 0xF307, 0xFC4B, 0x0907,
    0x0DFE, 0x0C47, 0x00A0, 0xF509, 0xF2AF, 0xF8DD, 0x0544, 0x0E35,
    0x1023, 0x083E, 0xF956, 0xEEA1, 0xEE5C, 0xF959, 0x07B0, 0x109B,
    0x0EBE, 0x03FE, 0xF80E, 0xF2F0, 0xF703, 0x0086, 0x0C0D, 0x0EEE,
    0x0944, 0xFE00, 0xF45D, 0xF4F3, 0xFB32, 0x08BC, 0x10ED, 0x0C5B,
    0x025C, 0xF52A, 0xF200, 0xF568, 0xFF5C, 0x0C4B, 0x0CE5, 0x07E3,
    0xFB1C, 0xF15C, 0xF08B, 0xF6EA, 0x0631, 0x0CBC, 0x0B83, 0x02B3,
    0xF596, 0xF0CC, 0xF161, 0xFCF6, 0x078A, 0x0924, 0x06BE, 0xFB20,
    0xF24E, 0xEF91, 0xF700, 0x0448, 0x0A0A, 0x0A26, 0x01BF, 0xF63C,
    0xF023, 0xF29E, 0xFE94, 0x0A45, 0x0F5C, 0x0B27, 0xFF73, 0xF530,
    0xF22C, 0xF8CE, 0x04DB, 0x0E1E, 0x0DD6, 0x05D7, 0xFA48, 0xF3B5,
    0xF5E3, 0xFE17, 0x0AEF, 0x0FEF, 0x0B90, 0x0066, 0xF4FE, 0xF3B0,
    0xF7D8, 0x043C, 0x0EB1, 0x0E88, 0x0845, 0xFB0F, 0xF524, 0xF502,
    0xFC1A, 0x0988, 0x0CE6, 0x0B61, 0x00E2, 0xF686, 0xF3CA, 0xF586,
    0x02F7, 0x0BBB, 0x0C29, 0x051E, 0xF7F6, 0xF180, 0xEF6C, 0xF9D4,
    0x0811, 0x0CFA, 0x0B5F, 0x00FF, 0xF81A, 0xF1B7, 0xF345, 0x0017,
    0x0925, 0x0C15, 0x067E, 0xFC5F, 0xF513, 0xF366, 0xFBAF, 0x06D6,
    0x0D34, 0x0AEC, 0x00F6, 0xF6F9, 0xF26A, 0xF5B6, 0xFFCD, 0x0A4F,
    0x0D07, 0x086B, 0xFD50, 0xF316, 0xF141, 0xF68E, 0x02F2, 0x0AE4,
    0x0B38, 0x03D6, 0xF755, 0xF397, 0xF589, 0xFE51, 0x08D3, 0x0BA8,
    0x08FC, 0xFD04, 0xF574, 0xF2E6, 0xF633, 0x0411, 0x0B25, 0x0C33,
    0x03AB, 0xF8C6, 0xF46C, 0xF2FE, 0xFE6A, 0x0985, 0x0CE0, 0x09CF,
    0xFF06, 0xF760, 0xF19F, 0xF544, 0x0261, 0x0B2A, 0x0D3A, 0x0587,
    0xFC7E, 0xF540, 0xF337, 0xFC23, 0x071F, 0x0C94, 0x0929, 0x0064,
    0xF602, 0xF09D, 0xF55E, 0x0148, 0x0B74, 0x0D8E, 0x07F4, 0xFBD8,
    0xF312, 0xF2F7, 0xFA58, 0x06CC, 0x0DD4, 0x0E17, 0x0580, 0xF982,
    0xF4FD, 0xF5E1, 0x00B5, 0x0A2C, 0x0BE3, 0x07B0, 0xFB0C, 0xF3F0,
    0xF2B4, 0xFA0B, 0x073F, 0x0DED, 0x0F84, 0x0554, 0xF945, 0xF35D,
    0xF277, 0xFDF9, 0x0A0D, 0x0FD4, 0x0B0A, 0xFFEB, 0xF8A5, 0xF316,
    0xF83E, 0x04CE, 0x0CD3, 0x0CFB, 0x044C, 0xFB45, 0xF335, 0xF208,
    0xFC96, 0x088A, 0x0DB9, 0x085E, 0xFDF0, 0xF3DF, 0xEF2E, 0xF440,
    0x0056, 0x0A1C, 0x0B0A, 0x04EA, 0xF9B5, 0xF17A, 0xF077, 0xF82A,
    0x04C7, 0x0A65, 0x094C, 0x0009, 0xF493, 0xF008, 0xF2A7, 0xFEB5,
    0x074E, 0x0A75, 0x070D, 0xFB26, 0xF590, 0xF39E, 0xFB2E, 0x0765,
    0x0D37, 0x0D67, 0x01FF, 0xF753, 0xF192, 0xF382, 0x0089, 0x0AF1,
    0x1055, 0x0B22, 0xFF7E, 0xF82E, 0xF39C, 0xFA16, 0x058E, 0x0DBB,
    0x0DF0, 0x04A5, 0xFC9A, 0xF5AA, 0xF5E4, 0xFFC3, 0x0A0C, 0x0E1E,
    0x088D, 0xFE48, 0xF526, 0xF177, 0xF73D, 0x04B4, 0x0E84, 0x0DE6,
    0x05B7, 0xFAB9, 0xF2FE, 0xF145, 0xFAA0, 0x0782, 0x0B77, 0x09E1,
    0x0078, 0xF659, 0xF192, 0xF52B, 0x0322, 0x0B3C, 0x0D1D, 0x06AF,
    0xF9EB, 0xF2FD, 0xF132, 0xFAEE, 0x05FA, 0x0B7A, 0x0B68, 0xFFC4,
    0xF70C, 0xF127, 0xF46B, 0x0228, 0x0BFB, 0x1113, 0x0905, 0xFD00,
    0xF443, 0xF0DA, 0xFA25, 0x0506, 0x0D5B, 0x0D17, 0x027E, 0xF803,
    0xF07E, 0xF234, 0xFBE3, 0x0805, 0x0DA2, 0x07F3, 0xFDC8, 0xF4DA,
    0xF225, 0xF80D, 0x059D, 0x0E2B, 0x0CB1, 0x03CD, 0xF7DA, 0xF0CE,
    0xF10E, 0xFCAF, 0x0ACC, 0x0FA9, 0x0BF6, 0x0071, 0xF695, 0xF150,
    0xF4AC, 0x0363, 0x0C15, 0x0D6D, 0x0590, 0xFA75, 0xF3AB, 0xF097,
    0xFBC9, 0x07AD, 0x0CC4, 0x0B4B, 0x0090, 0xF7F5, 0xF1B9, 0xF616,
    0x0296, 0x0A30, 0x0E67, 0x0712, 0xFB7A, 0xF288, 0xF0A4, 0xFACD,
    0x063D, 0x0EA8, 0x0C1E, 0x0183, 0xF775, 0xF22D, 0xF631, 0x007D,
    0x0BC9, 0x0F79, 0x0A35, 0xFF3A, 0xF51E, 0xF2C9, 0xF837, 0x0371,
    0x0B62, 0x0B4F, 0x029E, 0xF8AF, 0xF696, 0xF748, 0x0018, 0x0B1F,
    0x0E6E, 0x0952, 0xFDBB, 0xF6B2, 0xF226, 0xF725, 0x06C1, 0x0E3C,
    0x0E6A, 0x055F, 0xFA1B, 0xF3B2, 0xF212, 0xFDBC, 0x08B6, 0x0E1F,
    0x0C1C, 0x016D, 0xF889, 0xF24D, 0xF668, 0x0193, 0x09A5, 0x0BA1,
    0x032C, 0xF92A, 0xF1DA, 0xF117, 0xFA95, 0x04DB, 0x0B7E, 0x0883,
    0xFEE3, 0xF42A, 0xEE8E, 0xF414, 0xFEDE, 0x0906, 0x0C22, 0x05C2,
    0xF8F9, 0xF01F, 0xEFCE, 0xF734, 0x048B, 0x0DCB, 0x0F42, 0x05C8,
    0xF969, 0xF42E, 0xF376, 0xFDC3, 0x08D4, 0x0C7E, 0x08CF, 0xFCFB,
    0xF68F, 0xF391, 0xF907, 0x05D2, 0x0DE3, 0x0FCE, 0x0547, 0xFA3F,
    0xF421, 0xF443, 0x00C7, 0x0C5A, 0x12D8, 0x0D89, 0x00A3, 0xF797,
    0xF0A4, 0xF5CC, 0x01B0, 0x0B5B, 0x0F35, 0x0742, 0xFD23, 0xF406,
    0xF281, 0xFBDA, 0x0652, 0x0D6F, 0x09E9, 0xFFFA, 0xF683, 0xF15F,
    0xF5CD, 0x003F, 0x0A2D, 0x0D20, 0x071E, 0xFBBC, 0xF361, 0xF27D,
    0xFA8D, 0x077C, 0x0DFF, 0x0BAD, 0x0087, 0xF44F, 0xEF8A, 0xF279,
    0xFE26, 0x0856, 0x0DB5, 0x095D, 0xFCE1, 0xF5CB, 0xF2DC, 0xF9FB,
    0x0556, 0x0CD6, 0x0DA0, 0x0268, 0xF9A7, 0xF3D0, 0xF4C5, 0xFEE2,
    0x0728, 0x0CAA, 0x065B, 0xFABB, 0xF323, 0xF049, 0xF8A3, 0x03E3,
    0x0DB4, 0x0E25, 0x033C, 0xF895, 0xF0F1, 0xF31A, 0xFC08, 0x073D,
    0x0F22, 0x0A0D, 0xFF48, 0xF572, 0xF25A, 0xF7E2, 0x0270, 0x0CC7,
    0x0D65, 0x05ED, 0xFB9E, 0xF486, 0xF486, 0xFBE0, 0x06D0, 0x0BFB,
    0x08F0, 0xFEBC, 0xF511, 0xF20A, 0xF723, 0x03E0, 0x0C9A, 0x0E92,
    0x0744, 0xFACD, 0xF342, 0xF195, 0xFADE, 0x0612, 0x0DA8, 0x0D8D,
    0x018F, 0xF6EB, 0xF09C, 0xF43D, 0xFF05, 0x083C, 0x0E01, 0x07AC,
    0xFE23, 0xF67C, 0xF489, 0xFC21, 0x044D, 0x0BF4, 0x09F3, 0xFFD5,
    0xF65D, 0xF127, 0xF683, 0x0082, 0x0BD4, 0x10A2, 0x09B4, 0xFE59,
    0xF457, 0xF36F, 0xF9B0, 0x04A2, 0x0EE7, 0x0EB2, 0x05E1, 0xF9EE,
    0xF424, 0xF4A5, 0xFBE1, 0x073A, 0x0C32, 0x0929, 0xFF22, 0xF7A7,
    0xF57A, 0xFA06, 0x0591, 0x0BF7, 0x0B9D, 0x02B9, 0xF7B4, 0xF1E1,
    0xF28E, 0xFDFC, 0x0724, 0x0B9B, 0x088C, 0xFC54, 0xF30F, 0xEE9A,
    0xF576, 0x00ED, 0x09AC, 0x0D35, 0x0450, 0xF982, 0xF1AC, 0xF1B6,
    0xFA63, 0x0302, 0x0A5A, 0x0825, 0xFFEA, 0xF87A, 0xF5E8, 0xFBB7,
    0x0408, 0x0BFE, 0x0D5D, 0x059C, 0xFA0D, 0xF1CD, 0xF384, 0xFC28,
    0x06EF, 0x0DD1, 0x0B51, 0x0084, 0xF53D, 0xF2AA, 0xF65C, 0x00A9,
    0x0BE2, 0x0FBA, 0x0A4E, 0xFE3F, 0xF75C, 0xF5CF, 0xFC31, 0x071E,
    0x0C67, 0x0BA2, 0x00EE, 0xF6E9, 0xF38D, 0xF5F1, 0x0140, 0x092A,
    0x0CE7, 0x0778, 0xFBA1, 0xF56F, 0xF30B, 0xFBEF, 0x068C, 0x0C63,
    0x0BBC, 0x00AB, 0xF65D, 0xF005, 0xF3C4, 0xFFE7, 0x0A2F, 0x103C,
    0x0A8E, 0xFEF6, 0xF522, 0xF1D3, 0xF87D, 0x0184, 0x096A, 0x099E,
    0x0118, 0xF70A, 0xF18E, 0xF52E, 0xFEAF, 0x08B2, 0x0D13, 0x089A,
    0xFD27, 0xF364, 0xF359, 0xFB14, 0x067A, 0x0D8C, 0x0D78, 0x043A,
    0xF599, 0xF001, 0xF1F0, 0xFBA6, 0x07AC, 0x0D47, 0x0A72, 0xFCD0,
    0xF464, 0xF2B7, 0xF748, 0x03C1, 0x0BE8, 0x0DFD, 0x04BC, 0xF9DE,
    0xF4E7, 0xF449, 0xFEE0, 0x0805, 0x0CB3, 0x0901, 0xFCD8, 0xF58D,
    0xF341, 0xFBD6, 0x0832, 0x0FC6, 0x1090, 0x04EF, 0xF772, 0xEEE8,
    0xEF5C, 0xFAA2, 0x06C0, 0x0DBF, 0x0A12, 0xFFC4, 0xF60C, 0xF222,
    0xF83C, 0x02CB, 0x0B3E, 0x0BE6, 0x0498, 0xF8E2, 0xF286, 0xF558,
    0xFE84, 0x090F, 0x0CA5, 0x08EA, 0xFCD4, 0xF1E0, 0xF189, 0xF807,
    0x045D, 0x0D6F, 0x0FCB, 0x08A4, 0xF973, 0xF29A, 0xF277, 0xFBAA,
    0x085C, 0x0D51, 0x0C2C, 0xFFB9, 0xF5F8, 0xF39F, 0xF70F, 0x034A,
    0x0B50, 0x0EA7, 0x0749, 0xFAFA, 0xF5F1, 0xF4A3, 0xFE05, 0x084F,
    0x0D33, 0x0A01, 0xFCA1, 0xF311, 0xEFA7, 0xF633, 0x02C9, 0x0BFA,
    0x10D6, 0x09D4, 0xFD73, 0xF502, 0xF3EB, 0xFBF5, 0x0641, 0x0D31,
    0x0B3B, 0x00EF, 0xF5D7, 0xF12B, 0xF4B5, 0xFF4F, 0x09A2, 0x0BC5,
    0x06CA, 0xFB20, 0xF2C7, 0xF29A, 0xF959, 0x05F6, 0x0BFF, 0x0B00,
    0x01B2, 0xF52B, 0xF1B2, 0xF421, 0xFFE0, 0x0A05, 0x0DA0, 0x0B03,
    0xFD0D, 0xF4AA, 0xF32B, 0xFAD0, 0x07DB, 0x0CDE, 0x0DEC, 0x0250,
    0xF509, 0xF092, 0xF131, 0xFCAF, 0x05E8, 0x0BD7, 0x0923, 0xFCFB,
    0xF613, 0xF343, 0xFA9B, 0x06A2, 0x0E43, 0x0F39, 0x0417, 0xF8C4,
    0xF35E, 0xF521, 0xFF3D, 0x0879, 0x0DBC, 0x09CC, 0xFD88, 0xF323,
    0xF0E9, 0xF845, 0x04DB, 0x0ED9, 0x1039, 0x0673, 0xF831, 0xF13D,
    0xF1DC, 0xFB52, 0x07DD, 0x0BC3, 0x099D, 0xFF76, 0xF572, 0xF2EC,
    0xF7B1, 0x0548, 0x0C43, 0x0CBB, 0x04E9, 0xF66C, 0xF138, 0xF1B2,
    0xFC0B, 0x07CF, 0x0B9B, 0x09DB, 0xFC2F, 0xF1FE, 0xEEDE, 0xF464,
    0x0425, 0x0D01, 0x11C0, 0x0A99, 0xFC65, 0xF557, 0xF32B, 0xFD2F,
    0x0743, 0x0CC0, 0x0C19, 0xFF26, 0xF4C4, 0xF055, 0xF63D, 0x02BB,
    0x0B35, 0x0EEB, 0x06BA, 0xF9B0, 0xF2DE, 0xF421, 0xFD6F, 0x0937,
    0x105F, 0x0DA6, 0x0153, 0xF427, 0xEF87, 0xF4AD, 0x01CB, 0x0D47,
    0x1106, 0x0BE1, 0xFD42, 0xF4EB, 0xF4E4, 0xFAF1, 0x0679, 0x0B0B,
    0x0A6B, 0xFF79, 0xF319, 0xEFA7, 0xF167, 0xFFE3, 0x0ACD, 0x0CBA,
    0x07C0, 0xF981, 0xF249, 0xF0C2, 0xFA5F, 0x08B4, 0x0D47, 0x0DFC,
    0x0246, 0xF541, 0xEFE7, 0xF1D4, 0xFFAC, 0x098F, 0x0EF2, 0x0A0F,
    0xFB2E, 0xF36D, 0xF1ED, 0xFB44, 0x07B3, 0x0EAB, 0x0F40, 0x03D2,
    0xF7E4, 0xF184, 0xF418, 0xFFDD, 0x096F, 0x0D0C, 0x08B2, 0xFCEC,
    0xF315, 0xF2D9, 0xFBF9, 0x089B, 0x0FE9, 0x0FA7, 0x0579, 0xF5B3,
    0xEF48, 0xF1DD, 0xFC6D, 0x08FC, 0x0CDE, 0x09D2, 0xFD2A, 0xF38B,
    0xF2D9, 0xF8BB, 0x077C, 0x0E99, 0x100D, 0x07EC, 0xF8A1, 0xF38E,
    0xF40D, 0xFF50, 0x0A8E, 0x0D53, 0x0A03, 0xFB9F, 0xF35E, 0xF14B,
    0xF6D1, 0x0504, 0x0B79, 0x0DC3, 0x04AA, 0xF751, 0xF14E, 0xF0CE,
    0xFD07, 0x08AF, 0x0E70, 0x0B68, 0xFDF6, 0xF405, 0xF025, 0xF66D,
    0x0347, 0x0BFB, 0x0EC8, 0x0842, 0xFC9F, 0xF49C, 0xF470, 0xFCB9,
    0x06EA, 0x0B49, 0x079E, 0xFC91, 0xF0D4, 0xEDA7, 0xF424, 0x0251,
    0x0C80, 0x0DF4, 0x08ED, 0xFB4F, 0xF2D9, 0xF395, 0xFC12, 0x08BB,
    0x0E1A, 0x0E1B, 0x0270, 0xF587, 0xF258, 0xF32C, 0xFF94, 0x0976,
    0x0D26, 0x0941, 0xFB2D, 0xF504, 0xF380, 0xFB04, 0x0702, 0x0C22,
    0x0D34, 0x01B8, 0xF695, 0xF18A, 0xF2CD, 0xFE91, 0x082F, 0x0E8B,
    0x0B01, 0xFE74, 0xF56F, 0xF065, 0xF5CC, 0x0098, 0x09E8, 0x0E47,
    0x07B9, 0xFC46, 0xF234, 0xEED4, 0xF4CE, 0x0067, 0x09DE, 0x0C7C,
    0x06CB, 0xFCB8, 0xF5C0, 0xF462, 0xFCE1, 0x076F, 0x0F31, 0x11A6,
    0x06E1, 0xFA7E, 0xF16A, 0xF0E2, 0xFB80, 0x068D, 0x10BE, 0x0F61,
    0x02F2, 0xF7D5, 0xEEE3, 0xF369, 0xFD3D, 0x0A72, 0x1346, 0x0E82,
    0x05C9, 0xF693, 0xEFA1, 0xF188, 0xFC92, 0x0B63, 0x0EFF, 0x0C54,
    0x019D, 0xF5A5, 0xF266, 0xF57B, 0x0230, 0x0D03, 0x0EF1, 0x0954,
    0xFD1E, 0xF22C, 0xED1C, 0xF254, 0xFF49, 0x09EE, 0x0CC2, 0x06D2,
    0xFA59, 0xF15E, 0xEF65, 0xF734, 0x041E, 0x0CCC, 0x0DBC, 0x0695,
    0xFBD6, 0xF472, 0xF1B9, 0xF738, 0x01DB, 0x0974, 0x0BE7, 0x052D,
    0xFCA2, 0xF5D9, 0xF2C8, 0xFA9B, 0x04DD, 0x0B6B, 0x0C3D, 0x06A9,
    0xFF64, 0xF7D2, 0xF6AB, 0xFB5D, 0x016D, 0x0783, 0x0999, 0x065E,
    0xFEA1, 0xF8A0, 0xF77B, 0xFB55, 0x03E2, 0x0A4C, 0x0BD4, 0x0687,
    0xFD79, 0xF6F3, 0xF330, 0xF6E1, 0xFE65, 0x04E2, 0x0A4D, 0x07DF,
    0x002A, 0xF8C5, 0xF4BD, 0xF86F, 0x00BA, 0x0A21, 0x0EE1, 0x0A7F,
    0x0231, 0xF990, 0xF385, 0xF683, 0xFE74, 0x063F, 0x0C44, 0x08F3,
    0xFFB0, 0xF683, 0xF130, 0xF5A0, 0xFF25, 0x09F0, 0x0E58, 0x07A7,
    0xFEAD, 0xF50A, 0xF0FA, 0xF69E, 0x01A4, 0x0B9E, 0x0DC9, 0x0860,
    0xFDCD, 0xF346, 0xEFBD, 0xF6C5, 0x0453, 0x0E55, 0x1160, 0x0A33,
    0xFC6B, 0xF0CB, 0xECC8, 0xF486, 0xFFB2, 0x0959, 0x0CE6, 0x05A0,
    0xFBA0, 0xF284, 0xF07B, 0xF910, 0x049C, 0x0E9A, 0x0FE0, 0x06DF,
    0xFB5F, 0xF251, 0xF22B, 0xFAA0, 0x05E3, 0x0D8F, 0x0C80, 0x02F5,
    0xF7D6, 0xF05A, 0xF09A, 0xFAE6, 0x074E, 0x1089, 0x0FFB, 0x04D6,
    0xF8D9, 0xF01A, 0xF10D, 0xFB49, 0x06BA, 0x0F12, 0x0D2F, 0x03E8,
    0xF8E8, 0xF1B9, 0xF346, 0xFB0E, 0x063A, 0x0E7C, 0x0CEC, 0x028A,
    0xF825, 0xF19B, 0xF157, 0xFAE1, 0x05B4, 0x0B82, 0x08E2, 0xFFAA,
    0xF7FB, 0xF239, 0xF51E, 0x000C, 0x09C7, 0x105D, 0x0DB8, 0x048E,
    0xFA97, 0xF324, 0xF5C7, 0xFF35, 0x08F4, 0x0E46, 0x0A98, 0x012E,
    0xF737, 0xF113, 0xF3D7, 0xFE15, 0x082E, 0x0EBF, 0x0DD0, 0x04C0,
    0xFA16, 0xF27A, 0xF4E9, 0xFDEB, 0x0711, 0x0E4A, 0x0B7C, 0x0254,
    0xF91B, 0xF355, 0xF5E8, 0xFE2D, 0x07C8, 0x0DB9, 0x0BA3, 0x0246,
    0xF7BF, 0xF13F, 0xF295, 0xFBAE, 0x0545, 0x0B02, 0x0782, 0xFD16,
    0xF46F, 0xEF42, 0xF356, 0xFDD1, 0x07F4, 0x0EEF, 0x0A8C, 0x0003,
    0xF578, 0xEEB2, 0xF33E, 0xFE7D, 0x0A33, 0x0FB8, 0x0A62, 0xFF4A,
    0xF402, 0xEE2B, 0xF250, 0xFDF1, 0x0A3D, 0x117D, 0x0D8D, 0x02C1,
    0xF975, 0xF27E, 0xF60C, 0x01ED, 0x0C29, 0x0FB4, 0x0897, 0xFEDD,
    0xF5DC, 0xF125, 0xF87A, 0x04C1, 0x0E29, 0x1003, 0x0905, 0xFE2C,
    0xF317, 0xEF80, 0xF646, 0x0233, 0x0B8A, 0x0E01, 0x06B2, 0xF99A,
    0xF0A1, 0xEEC6, 0xF767, 0x0410, 0x0D91, 0x1159, 0x0A44, 0xFECE,
    0xF5AF, 0xF1D9, 0xF84C, 0x02EB, 0x0C2C, 0x0EE3, 0x06CB, 0xFBD3,
    0xF352, 0xF147, 0xF828, 0x024C, 0x09B9, 0x0BAF, 0x054A, 0xFBB6,
    0xF4A8, 0xF2AB, 0xFA81, 0x055E, 0x0D42, 0x0E7B, 0x046E, 0xF8D7,
    0xF10F, 0xF068, 0xF9E4, 0x0573, 0x0F01, 0x0FD2, 0x069B, 0xFBCE,
    0xF2ED, 0xF02A, 0xF6B3, 0x02CF, 0x0BBD, 0x0BBE, 0x034F, 0xF868,
    0xF07F, 0xEEB1, 0xF7FA, 0x04F1, 0x0D27, 0x0E50, 0x05F9, 0xFC58,
    0xF432, 0xF2A6, 0xFC0B, 0x06A9, 0x0D7D, 0x0C7B, 0x0343, 0xF82C,
    0xEF72, 0xF098, 0xFB64, 0x062B, 0x0D73, 0x0CB5, 0x0328, 0xF85D,
    0xF1F5, 0xF3D4, 0xFDD2, 0x085D, 0x0FBA, 0x0F2C, 0x0429, 0xF883,
    0xF061, 0xF17C, 0xFC51, 0x077A, 0x0F3C, 0x0D5A, 0x0368, 0xF958,
    0xF1E1, 0xF37E, 0xFBED, 0x056F, 0x0C41, 0x0A55, 0x0108, 0xF68E,
    0xF06C, 0xF2B0, 0xFD22, 0x07CF, 0x0E74, 0x0D34, 0x0395, 0xFAE6,
    0xF59D, 0xF76D, 0x0072, 0x0968, 0x0FFB, 0x0BF1, 0x0095, 0xF78C,
    0xF10E, 0xF38D, 0xFD89, 0x088A, 0x0EB9, 0x0AD7, 0x016F, 0xF7FD,
    0xF18B, 0xF39F, 0xFEE0, 0x09F3, 0x0FB6, 0x0CE1, 0x0263, 0xF82D,
    0xF0C7, 0xF2E3, 0xFDB1, 0x073A, 0x0E47, 0x0B8D, 0x0204, 0xF8D0,
    0xF17E, 0xF4E9, 0xFE5D, 0x0733, 0x0BCD, 0x06D5, 0xFD1C, 0xF3C6,
    0xEEAA, 0xF2D5, 0xFD7E, 0x0819, 0x0D59, 0x091D, 0xFE9F, 0xF571,
    0xF0A8, 0xF579, 0x01CE, 0x0BCA, 0x102D, 0x0A71, 0xFED6, 0xF419,
    0xEDDD, 0xF35A, 0xFF0B, 0x09CC, 0x0FA7, 0x0AC0, 0x00DB, 0xF790,
    0xF360, 0xF806, 0x01EA, 0x0B6F, 0x1006, 0x0B83, 0x00DC, 0xF867,
    0xF38B, 0xF7E9, 0x02E6, 0x0B7E, 0x0F33, 0x0840, 0xFE16, 0xF690,
    0xF255, 0xF8A5, 0x027A, 0x0B40, 0x0E65, 0x0689, 0xFBB2, 0xF176,
    0xEDFD, 0xF4A7, 0x0050, 0x0B36, 0x0E1F, 0x0873, 0xFEE6, 0xF65C,
    0xF2BC, 0xF7F7, 0x0338, 0x0C97, 0x1049, 0x0A6C, 0xFEFA, 0xF4B4,
    0xEF9C, 0xF578, 0xFFF6, 0x0924, 0x0CDA, 0x0649, 0xFCD9, 0xF4AA,
    0xF121, 0xF75A, 0x0258, 0x0BF4, 0x0E11, 0x0779, 0xFD3F, 0xF3B8,
    0xEFF9, 0xF777, 0x0391, 0x0C33, 0x0F58, 0x07DE, 0xFC98, 0xF368,
    0xF0AE, 0xF910, 0x0435, 0x0E14, 0x0F52, 0x05C8, 0xFA6B, 0xEFBD,
    0xED24, 0xF572, 0x0294, 0x0D2A, 0x0E82, 0x0725, 0xFAE0, 0xF147,
    0xF08A, 0xF980, 0x0647, 0x0E9F, 0x104D, 0x0797, 0xFB8D, 0xF2BD,
    0xEFD7, 0xF85D, 0x037A, 0x0B72, 0x0B95, 0x01E1, 0xF821, 0xF1A6,
    0xF3C2, 0xFED3, 0x08CA, 0x0F05, 0x0CE2, 0x036B, 0xF951, 0xF246,
    0xF344, 0xFCC8, 0x088E, 0x0F8C, 0x0DCF, 0x039B, 0xF910, 0xF2AB,
    0xF2E6, 0xFC6B, 0x06AF, 0x0CF4, 0x0C23, 0x03C1, 0xFA53, 0xF263,
    0xF1D3, 0xF99A, 0x0318, 0x0A54, 0x0A65, 0x038F, 0xFC21, 0xF7C2,
    0xF78E, 0xFE20, 0x0788, 0x0C7C, 0x0B8D, 0x0443, 0xFCDA, 0xF692,
    0xF4C7, 0xFD61, 0x05CE, 0x0AED, 0x0A32, 0x01AE, 0xF835, 0xF02B,
    0xF193, 0xFBB5, 0x06A5, 0x0F32, 0x0E96, 0x05A1, 0xFAA6, 0xF204,
    0xF0D9, 0xF87C, 0x0382, 0x0BB0, 0x0CEC, 0x062D, 0xFC01, 0xF335,
    0xF281, 0xFBA0, 0x058A, 0x0C38, 0x0BD0, 0x02DF, 0xF883, 0xF127,
    0xF177, 0xF9AC, 0x0455, 0x0C6F, 0x0ABC, 0x0119, 0xF687, 0xF010,
    0xF233, 0xFD68, 0x0A2C, 0x103A, 0x0DE7, 0x0308, 0xF7B1, 0xF13D,
    0xF207, 0xFC9A, 0x07F1, 0x0F70, 0x0D14, 0x014E, 0xF78E, 0xF0A1,
    0xF279, 0xFD29, 0x08D4, 0x1021, 0x0CDB, 0x0454, 0xFA99, 0xF3AE,
    0xF56F, 0xFE4D, 0x0865, 0x0D19, 0x0A27, 0x00FD, 0xF7F7, 0xF3AC,
    0xF605, 0xFFC3, 0x09A9, 0x0DAE, 0x099F, 0x0068, 0xF7C8, 0xF156,
    0xF387, 0xFD50, 0x05F9, 0x09BC, 0x0709, 0x004D, 0xF7E5, 0xF312,
    0xF6A5, 0xFF6D, 0x0899, 0x0D2C, 0x0B79, 0x03BE, 0xFB2C, 0xF622,
    0xF619, 0xFCC2, 0x045D, 0x09D0, 0x0901, 0x0226, 0xFAFC, 0xF420,
    0xF441, 0xFAB7, 0x0296, 0x08BA, 0x0801, 0x0399, 0xFCF1, 0xF7B5,
    0xF77B, 0xFB55, 0x030C, 0x0881, 0x0870, 0x0301, 0xFBCE, 0xF6DD,
    0xF68A, 0xFCF3, 0x053A, 0x0ADD, 0x0A7E, 0x046C, 0xFD39, 0xF5E2,
    0xF452, 0xF941, 0x0154, 0x092D, 0x0903, 0x0379, 0xFBB6, 0xF4AF,
    0xF3DE, 0xF981, 0x0365, 0x0A03, 0x0A72, 0x074F, 0x001F, 0xF828,
    0xF532, 0xF967, 0xFFE2, 0x0524, 0x06D8, 0x032D, 0xFCE2, 0xF6CF,
    0xF73F, 0xFBCE, 0x01C4, 0x0736, 0x06BF, 0x0393, 0xFDA0, 0xF8D3,
    0xF94B, 0xFD3C, 0x03EE, 0x079E, 0x0792, 0x0383, 0xFCCB, 0xF89C,
    0xF81B, 0xFC87, 0x028C, 0x0799, 0x0829, 0x03F1, 0xFFC6, 0xFB46,
    0xF9A9, 0xFB5A, 0xFF45, 0x03CC, 0x0388, 0x0244, 0xFF2C, 0xFB44,
    0xFB27, 0xFD27, 0x018B, 0x047A, 0x04CB, 0x03CB, 0x0189, 0x00A1,
    0xFFCB, 0xFF48, 0x0077, 0x017E, 0x00FD, 0xFF11, 0xFDC3, 0xFC38,
    0xFC26, 0xFE19, 0x003D, 0x01AF, 0x00C3, 0x00C2, 0xFFE6, 0xFDEE,
    0xFD55, 0xFCCE, 0xFE0D, 0xFF19, 0x00B4, 0x01DB, 0x0087, 0xFF74,
    0xFE1D, 0xFE1A, 0xFE41, 0xFF05, 0x0122, 0x0287, 0x0352, 0x0166,
    0x0016, 0xFE4D, 0xFB89, 0xFCE5, 0xFF03, 0x00EE, 0x0116, 0x0028,
    0xFF60, 0xFC16, 0xFBFC, 0xFDE8, 0xFFFA, 0x02F2, 0x0440, 0x03E4,
    0x0135, 0xFE87, 0xFD84, 0xFDDB, 0xFFE8, 0x020D, 0x0239, 0xFF88,
    0xFD74, 0xFC78, 0xFC81, 0xFF80, 0x0274, 0x04D0, 0x0434, 0x01A2,
    0xFF48, 0xFBE2, 0xFBF7, 0xFE02, 0x00E9, 0x0391, 0x02E0, 0x00ED,
    0xFDAC, 0xFC78, 0xFD4E, 0xFF25, 0x01DC, 0x030F, 0x037A, 0x0125,
    0xFED7, 0xFD9D, 0xFCCA, 0xFDD9, 0xFF1F, 0x0143, 0x00AC, 0xFDFF,
    0xFE15, 0xFDFA, 0xFED6, 0xFF87, 0x00BA, 0x02B6, 0x0143, 0x00E8,
    0x0190, 0x0100, 0xFFF6, 0xFFEC, 0x016C, 0x00D9, 0xFF55, 0xFE91,
    0xFDF8, 0xFCC4, 0xFCCE, 0xFE54, 0xFF40, 0x011D, 0x01EB, 0x01CA,
    0x011B, 0xFEA0, 0xFDB9, 0xFCA1, 0xFD5D, 0xFF46, 0xFFF2, 0x0194,
    0x00F5, 0x0069, 0xFFBE, 0xFE82, 0xFF98, 0x0061, 0x0211, 0x032B,
    0x02E3, 0x01B8, 0xFEC1, 0xFDCA, 0xFD87, 0xFECF, 0x003F, 0x002F,
    0x0081, 0xFE64, 0xFDB7, 0xFD98, 0xFDD5, 0x0016, 0x0135, 0x02AA,
    0x0203, 0xFFAF, 0xFE35, 0xFC10, 0xFCF7, 0x0005, 0x01B9, 0x01E5,
    0x0016, 0xFE10, 0xFC21, 0xFAFB, 0xFC82, 0x0069, 0x02D6, 0x0499,
    0x04BF, 0x01DF, 0xFE63, 0xFAE4, 0xFC85, 0xFF72, 0x00D8, 0x032F,
    0x01DC, 0xFFEC, 0xFDB8, 0xFCCD, 0xFF58, 0x0080, 0x0338, 0x04C3,
    0x0355, 0x00C3, 0xFD07, 0xFCC3, 0xFD8F, 0x0072, 0x03B5, 0x0357,
    0x011C, 0xFCE5, 0xFB53, 0xFB9E, 0xFDAC, 0x028F, 0x04D1, 0x05BE,
    0x0385, 0xFFB2, 0xFCF4, 0xFADF, 0xFD61, 0x00DC, 0x0338, 0x0421,
    0x0156, 0xFDB3, 0xFB27, 0xFB16, 0xFD6D, 0xFFD8, 0x017C, 0x022B,
    0x0061, 0xFE25, 0xFD78, 0xFCA5, 0xFDE2, 0x0032, 0x0170, 0x014A,
    0xFE36, 0xFCEF, 0xFC41, 0xFCBA, 0x00BC, 0x0339, 0x04B5, 0x0379,
    0x0190, 0x0055, 0xFD7D, 0xFD61, 0xFEDF, 0x0194, 0x030E, 0x020C,
    0x0146, 0xFDD9, 0xFBEC, 0xFC17, 0xFE1B, 0x0025, 0x008A, 0x02E3,
    0x0234, 0x00AF, 0xFFE1, 0xFE16, 0xFE75, 0xFE5C, 0xFFED, 0x015E,
    0xFFF7, 0xFFDB, 0xFE9A, 0xFE6B, 0xFF2E, 0xFFD5, 0x01D4, 0x0229,
    0x019F, 0x0012, 0xFE15, 0xFCE7, 0xFD7E, 0xFF54, 0x0115, 0x0258,
    0x016C, 0xFF53, 0xFC64, 0xFAF5, 0xFC4A, 0xFDFB, 0x0140, 0x039F,
    0x03E2, 0x01F7, 0xFEAB, 0xFCF1, 0xFBC2, 0xFDC9, 0x0156, 0x0338,
    0x0354, 0x007F, 0xFDCD, 0xFB03, 0xFB9A, 0xFF67, 0x0253, 0x04CC,
    0x041B, 0x0260, 0xFEF2, 0xFBB5, 0xFD84, 0xFFA5, 0x02D4, 0x0487,
    0x02E5, 0x0015, 0xFB2B, 0xFA77, 0xFC7F, 0xFF7C, 0x03F2, 0x0527,
    0x0404, 0xFFAA, 0xFB32, 0xFA2B, 0xFAE8, 0xFEAD, 0x0327, 0x053B,
    0x02D9, 0xFE36, 0xFABE, 0xF9AF, 0xFC0B, 0x0070, 0x0581, 0x068A,
    0x03D7, 0xFFCF, 0xFB9A, 0xFB0B, 0xFCEA, 0x01C1, 0x05BD, 0x05D1,
    0x0330, 0xFD30, 0xF9AA, 0xF92D, 0xFC35, 0x00BE, 0x03B8, 0x0538,
    0x0162, 0xFD2C, 0xFA52, 0xFA13, 0xFE22, 0x017B, 0x0561, 0x046F,
    0xFF7F, 0xFBC1, 0xF872, 0xFA7A, 0xFE85, 0x036D, 0x0751, 0x0501,
    0x01E5, 0xFD69, 0xFA50, 0xFBE6, 0xFF37, 0x03BE, 0x058A, 0x0404,
    0x0043, 0xFB81, 0xF9B9, 0xFB5B, 0xFF3B, 0x02E5, 0x04C3, 0x03BD,
    0x00BD, 0xFD7D, 0xFBE7, 0xFD8A, 0xFFAF, 0x0255, 0x040F, 0x0333,
    0x0059, 0xFCB2, 0xFC34, 0xFD87, 0x001C, 0x0304, 0x043A, 0x034E,
    0xFF3B, 0xFD51, 0xFCA8, 0xFD24, 0x00B2, 0x0323, 0x0599, 0x03CE,
    0x0028, 0xFD00, 0xF970, 0xFB69, 0xFDCC, 0x00FA, 0x045B, 0x0369,
    0x020E, 0xFE20, 0xFBF2, 0xFCB2, 0xFD76, 0x0151, 0x0329, 0x02B7,
    0x0035, 0xFBDE, 0xFA89, 0xFB16, 0xFE1C, 0x0243, 0x0489, 0x042F,
    0x00E8, 0xFDAB, 0xFBF4, 0xFCB9, 0x000A, 0x040E, 0x060D, 0x0482,
    0x00C3, 0xFC4A, 0xF9F9, 0xFABD, 0xFEFB, 0x038F, 0x0589, 0x053F,
    0x00D9, 0xFC02, 0xF941, 0xFA7C, 0xFEF1, 0x02B0, 0x06A3, 0x0558,
    0x008B, 0xFC16, 0xF8BB, 0xFADF, 0xFDF8, 0x0345, 0x0686, 0x03CB,
    0x0071, 0xFB84, 0xFA9A, 0xFCF3, 0x0098, 0x0611, 0x06A4, 0x03EE,
    0xFE62, 0xF8BC, 0xF7AA, 0xF9D8, 0xFFDE, 0x04BF, 0x0633, 0x03DC,
    0xFDEE, 0xF9F5, 0xF935, 0xFC4D, 0x016B, 0x05C2, 0x0701, 0x0317,
    0xFDB7, 0xF927, 0xF8CD, 0xFCD7, 0x024A, 0x06A3, 0x06F6, 0x0396,
    0xFE12, 0xFA83, 0xFADA, 0xFE29, 0x031C, 0x065A, 0x069B, 0x0253,
    0xFD69, 0xFAC5, 0xFA81, 0xFE72, 0x0221, 0x048F, 0x03D1, 0x0002,
    0xFD3A, 0xFA4C, 0xFC2D, 0x0024, 0x0353, 0x060E, 0x0451, 0x0127,
    0xFC1F, 0xF981, 0xFB2E, 0xFD66, 0x01B3, 0x03C8, 0x0369, 0x00C9,
    0xFCE4, 0xFBCF, 0xFC14, 0xFF21, 0x024E, 0x0422, 0x047F, 0x0193,
    0xFEAD, 0xFC49, 0xFC47, 0xFDE7, 0xFF8B, 0x024F, 0x028C, 0x0121,
    0xFEE6, 0xFD83, 0xFDD0, 0xFE36, 0x0094, 0x0232, 0x0239, 0x00A6,
    0xFE1B, 0xFC5D, 0xFBEC, 0xFE4D, 0x0058, 0x0264, 0x0325, 0x0159,
    0xFEE5, 0xFC51, 0xFD0A, 0xFE65, 0x00B3, 0x04CA, 0x0584, 0x049B,
    0x00DB, 0xFD54, 0xFB30, 0xFA4F, 0xFDDD, 0x00E1, 0x0375, 0x03B3,
    0x00B3, 0xFDFF, 0xFB5F, 0xFBEE, 0xFE60, 0x0195, 0x0484, 0x0357,
    0x006D, 0xFC87, 0xFADB, 0xFBE4, 0xFEBB, 0x03B2, 0x0563, 0x0397,
    0xFF01, 0xFAF6, 0xFA4F, 0xFC15, 0x0151, 0x06AF, 0x08CB, 0x05D8,
    0xFF7D, 0xFA8C, 0xF80D, 0xF9A3, 0xFF2F, 0x0561, 0x0782, 0x041C,
    0xFEEF, 0xF98D, 0xF84B, 0xFB57, 0x016E, 0x06FE, 0x0745, 0x046A,
    0xFDB5, 0xF895, 0xF8EE, 0xFC2B, 0x0275, 0x0613, 0x068B, 0x0202,
    0xFA68, 0xF80B, 0xF93C, 0xFE80, 0x04EE, 0x08BF, 0x07BB, 0x00DE,
    0xFB15, 0xF7B3, 0xF8CD, 0xFE5B, 0x041D, 0x07A6, 0x0573, 0x00AF,
    0xFAA1, 0xF750, 0xFA49, 0xFF1F, 0x04E3, 0x0725, 0x0544, 0x0086,
    0xFAA9, 0xF967, 0xFB9C, 0x0023, 0x03EB, 0x048C, 0x0265, 0xFDB2,
    0xF9B9, 0xF96C, 0xFD5A, 0x0215, 0x0598, 0x070A, 0x0432, 0xFFA8,
    0xFB49, 0xFB2C, 0xFDAD, 0xFFF1, 0x03BB, 0x0391, 0x013C, 0xFE26,
    0xFB68, 0xFB66, 0xFC45, 0x008F, 0x0399, 0x031A, 0x01EF, 0xFE79,
    0xFC0D, 0xFAE6, 0xFCDB, 0x0028, 0x01C8, 0x03F6, 0x024B, 0xFF8E,
    0xFD11, 0xFC20, 0xFE03, 0xFFB0, 0x0338, 0x0470, 0x036A, 0x018E,
    0xFEEA, 0xFE21, 0xFD7A, 0xFF67, 0x01F2, 0x022D, 0x0177, 0xFEF3,
    0xFCC0, 0xFBB9, 0xFCAF, 0xFF77, 0x028A, 0x0474, 0x03AE, 0x013A,
    0xFD88, 0xFB9F, 0xFC3C, 0xFEEB, 0x0297, 0x039D, 0x0357, 0x005E,
    0xFC50, 0xFB62, 0xFBF7, 0xFEFC, 0x0219, 0x0482, 0x04D8, 0x0124,
    0xFE4C, 0xFC67, 0xFC49, 0xFE4C, 0x00EF, 0x032A, 0x01B7, 0xFF9E,
    0xFD66, 0xFBF8, 0xFD19, 0xFF2E, 0x02A4, 0x0354, 0x02AA, 0x007A,
    0xFCA5, 0xFC7B, 0xFD5A, 0xFFC9, 0x0293, 0x038F, 0x0266, 0xFE08,
    0xFB79, 0xFAB9, 0xFBB2, 0xFF9F, 0x0349, 0x0554, 0x0471, 0x01DD,
    0xFEA1, 0xFC97, 0xFCD2, 0xFE58, 0x0175, 0x02DB, 0x024B, 0x0048,
    0xFD81, 0xFCB0, 0xFC8B, 0xFECA, 0x0198, 0x021D, 0x018E, 0xFF0A,
    0xFD47, 0xFC20, 0xFD29, 0x0039, 0x020D, 0x0286, 0x00F4, 0xFEAB,
    0xFB8B, 0xFB3C, 0xFDDB, 0x0039, 0x03B9, 0x050A, 0x042D, 0x0154,
    0xFE05, 0xFDCE, 0xFDC4, 0x002D, 0x02A8, 0x02EE, 0x026E, 0xFF0D,
    0xFCDA, 0xFBE7, 0xFCBF, 0xFF8D, 0x019B, 0x036F, 0x0241, 0x000A,
    0xFDFF, 0xFD95, 0xFF53, 0xFFF7, 0x01BA, 0x01C3, 0xFFCF, 0xFE65,
    0xFD36, 0xFE33, 0xFF01, 0x00B3, 0x0299, 0x01CA, 0x0097, 0xFE49,
    0xFCD5, 0xFD96, 0xFEC9, 0x00AE, 0x01C3, 0x01B6, 0xFFB7, 0xFDCF,
    0xFCD7, 0xFC77, 0xFD48, 0xFF16, 0x0192, 0x01C8, 0x015D, 0x007B,
    0xFF13, 0xFEF3, 0xFEB1, 0xFF97, 0xFFD9, 0xFF24, 0xFF76, 0xFE5B,
    0xFE58, 0xFE3A, 0xFE9C, 0xFF7F, 0xFFAF, 0x0123, 0x00B8, 0x00DC,
    0x00C2, 0x0044, 0x0120, 0x00D6, 0x0155, 0x00C2, 0xFFD2, 0xFF3B,
    0xFD83, 0xFEA0, 0xFF33, 0xFF78, 0x00B2, 0x00CB, 0x010E, 0xFF55,
    0xFE39, 0xFDC8, 0xFD21, 0xFE68, 0xFF81, 0x008E, 0x0045, 0xFF59,
    0xFF30, 0xFECC, 0xFEAB, 0xFEDB, 0xFFF6, 0x0088, 0x011E, 0x01D7,
    0x0160, 0x0186, 0x00C3, 0x008B, 0x009E, 0xFFA0, 0xFEB4, 0xFDB7,
    0xFEA3, 0xFF0B, 0xFF18, 0x0002, 0x003B, 0x0029, 0xFFA0, 0x0003,
    0x0017, 0xFFC4, 0x0056, 0xFFF4, 0x00D6, 0x0044, 0xFFA2, 0xFFFE,
    0xFF94, 0x0035, 0xFF06, 0xFEC2, 0xFF0E, 0xFF0A, 0x00A6, 0x0145,
    0x021C, 0x01C0, 0x000C, 0xFF32, 0xFDAC, 0xFDDF, 0xFED0, 0xFFCC,
    0x0057, 0xFFE9, 0xFFC3, 0xFE29, 0xFE1A, 0xFEE5, 0xFFF9, 0x0151,
    0x0182, 0x019D, 0xFFBE, 0xFE32, 0xFDE7, 0xFE09, 0xFFC5, 0xFFF1,
    0x001C, 0xFF7C, 0xFDE3, 0xFDAE, 0xFDD6, 0xFFC1, 0x015F, 0x026D,
    0x023A, 0x009D, 0xFF07, 0xFDDC, 0xFF2D, 0x00C3, 0x01BB, 0x021A,
    0x00ED, 0xFFBA, 0xFD92, 0xFD28, 0xFDE6, 0xFED6, 0x015D, 0x0185,
    0x013A, 0xFFB9, 0xFDD1, 0xFDBF, 0xFE30, 0x0002, 0xFFF9, 0xFFAA,
    0xFFD1, 0xFE90, 0xFDFE, 0xFE12, 0xFFE9, 0x0139, 0x0264, 0x0348,
    0x01AF, 0x00FD, 0x0025, 0x0087, 0x00F9, 0x0037, 0x00D2, 0xFF94,
    0xFEF2, 0xFE8F, 0xFDFD, 0xFEBA, 0xFED9, 0x006E, 0x016D, 0x0129,
    0x00E2, 0xFFD3, 0xFF7E, 0xFF13, 0xFED8, 0xFF29, 0xFFF3, 0x00B0,
    0x007C, 0x00DA, 0x001D, 0xFF10, 0xFE6B, 0xFE3D, 0xFF42, 0xFF7A,
    0x00B8, 0x00DA, 0x002D, 0xFFEF, 0xFEBD, 0xFF12, 0xFF19, 0xFF34,
    0xFF94, 0xFEC7, 0xFEA7, 0xFD89, 0xFDE9, 0xFEF1, 0x0048, 0x0241,
    0x022A, 0x022A, 0xFF87, 0xFD7F, 0xFDF7, 0xFE2B, 0xFF9A, 0xFFE9,
    0x00CB, 0x001E, 0xFD99, 0xFDC6, 0xFD65, 0xFE8B, 0x00DB, 0x028F,
    0x03D1, 0x020D, 0x0053, 0xFF72, 0xFF66, 0x0012, 0x00BF, 0x0182,
    0x012B, 0x002B, 0xFF31, 0xFEA8, 0xFE31, 0xFEE6, 0x00F9, 0x018B,
    0x013A, 0xFF96, 0xFDC9, 0xFD67, 0xFD63, 0xFF3A, 0x005F, 0x00D9,
    0x0081, 0xFEF3, 0xFE47, 0xFD26, 0xFDB1, 0xFF52, 0x0156, 0x030F,
    0x0279, 0x01F7, 0x0032, 0xFF5D, 0xFF79, 0xFF71, 0x0155, 0x00B5,
    0x0014, 0xFF15, 0xFD41, 0xFDAB, 0xFD73, 0xFF9E, 0x0198, 0x01FE,
    0x026F, 0x0080, 0xFF53, 0xFE39, 0xFEB2, 0x00AE, 0x0147, 0x0188,
    0x009A, 0xFF2B, 0xFDCB, 0xFDD4, 0xFF29, 0x0011, 0x018A, 0x01E4,
    0x0153, 0xFFBC, 0xFDE5, 0xFE12, 0xFEA8, 0x0048, 0x012D, 0x0093,
    0xFF52, 0xFD1E, 0xFCB9, 0xFD74, 0xFEE7, 0x008A, 0x0201, 0x0285,
    0x00F2, 0xFF56, 0xFE1A, 0xFE50, 0xFF2A, 0xFF9C, 0x008F, 0xFF1F,
    0xFE07, 0xFD07, 0xFCD0, 0xFE42, 0xFE99, 0x008D, 0x00EB, 0x004E,
    0xFFFB, 0xFE6E, 0xFF6D, 0x008A, 0x0219, 0x02F0, 0x0212, 0x0169,
    0xFEC1, 0xFDC1, 0xFDE7, 0xFED7, 0x0070, 0x00DD, 0x01C0, 0x005B,
    0xFF52, 0xFF25, 0xFED5, 0xFFD0, 0xFFB5, 0x0051, 0xFF8E, 0xFDBB,
    0xFE0D, 0xFD98, 0xFE6B, 0xFFC1, 0x00AC, 0x0166, 0x00C0, 0x00F6,
    0x00DB, 0x014D, 0x023A, 0x027B, 0x0236, 0x0183, 0x00E3, 0xFF62,
    0xFE74, 0xFDBE, 0xFDDC, 0xFEF6, 0xFED4, 0xFFFA, 0x00B8, 0x00EC,
    0x0095, 0xFF0A, 0xFEE4, 0xFDA9, 0xFE23, 0xFFA5, 0x00D4, 0x022F,
    0x0139, 0x00A6, 0xFF58, 0xFE67, 0xFE4A, 0xFDDF, 0xFFC7, 0x003C,
    0x006D, 0xFFAB, 0xFDF9, 0xFEB6, 0xFE54, 0xFFCA, 0x00DF, 0x0014,
    0xFEE6, 0xFC39, 0xFC57, 0xFCDE, 0xFE66, 0x01BE, 0x0334, 0x03C5,
    0x01E2, 0xFF99, 0xFE10, 0xFD18, 0xFF14, 0x011D, 0x02C4, 0x0201,
    0xFF91, 0xFC99, 0xFA4B, 0xFB2C, 0xFD63, 0x00C2, 0x033F, 0x03C9,
    0x023D, 0xFF70, 0xFDF2, 0xFD90, 0xFFCF, 0x0312, 0x049B, 0x0407,
    0x009F, 0xFDDB, 0xFC3D, 0xFDAF, 0x010E, 0x0302, 0x0499, 0x022D,
    0xFE80, 0xFBB6, 0xFA8D, 0xFC98, 0xFF0C, 0x0368, 0x04C4, 0x0235,
    0xFED1, 0xFAA1, 0xFA2E, 0xFC0D, 0xFFFD, 0x03D8, 0x0417, 0x033C,
    0xFFE4, 0xFDB4, 0xFDC6, 0xFF5B, 0x030D, 0x0470, 0x0426, 0x0128,
    0xFC5E, 0xFA09, 0xFA6A, 0xFE2F, 0x01E5, 0x0403, 0x03A8, 0x00C5,
    0xFE2D, 0xFC80, 0xFDE7, 0x008F, 0x031D, 0x0445, 0x02F1, 0x000C,
    0xFC64, 0xFBA0, 0xFCCB, 0xFF4C, 0x02A5, 0x0394, 0x02D3, 0x002B,
    0xFE37, 0xFD85, 0xFDD3, 0x0073, 0x0171, 0x020A, 0x00E0, 0xFEC6,
    0xFDA7, 0xFC39, 0xFDC9, 0xFF58, 0x0079, 0x011D, 0x003B, 0xFF8B,
    0xFDD9, 0xFE77, 0x0048, 0x007E, 0x0160, 0x00F8, 0x0078, 0xFF26,
    0xFDF9, 0xFDFA, 0xFD1A, 0xFDE1, 0xFE7D, 0xFF43, 0xFFE5, 0xFF40,
    0xFF6B, 0xFF56, 0xFFE5, 0x005C, 0x0115, 0x0210, 0x022E, 0x026F,
    0x00DB, 0xFF25, 0xFDFD, 0xFE09, 0xFF85, 0x00AE, 0x0290, 0x02EE,
    0x01CA, 0x0007, 0xFE40, 0xFE1F, 0xFDEF, 0xFF65, 0x015A, 0x017F,
    0x0036, 0xFDF7, 0xFD5B, 0xFCE7, 0xFEE2, 0x020D, 0x034E, 0x03E3,
    0x01D6, 0xFFB7, 0xFDD2, 0xFDE9, 0x011B, 0x02FE, 0x04CC, 0x03B7,
    0x0041, 0xFD3F, 0xFAA4, 0xFC3D, 0xFEB3, 0x020F, 0x047D, 0x0310,
    0xFFF5, 0xFB86, 0xFA9F, 0xFBF5, 0xFF01, 0x03A1, 0x0514, 0x03B1,
    0xFFA4, 0xFC08, 0xFA8D, 0xFB16, 0xFF0B, 0x0279, 0x03A3, 0x0163,
    0xFDAA, 0xFB6D, 0xFAE5, 0xFDD2, 0x021A, 0x04CC, 0x03E6, 0x007D,
    0xFC20, 0xF842, 0xF8CC, 0xFD15, 0x02A9, 0x0605, 0x05D7, 0x0310,
    0xFD94, 0xFB00, 0xFBB8, 0xFEF3, 0x02D2, 0x0485, 0x04CD, 0x00AC,
    0xFC06, 0xFA12, 0xFAA6, 0xFED8, 0x027C, 0x04F0, 0x036F, 0xFF1B,
    0xFCC2, 0xFB39, 0xFDAA, 0x0171, 0x048E, 0x0631, 0x03AE, 0x00B8,
    0xFCDB, 0xFB9F, 0xFE3D, 0x01A6, 0x0544, 0x04FC, 0x0260, 0xFE89,
    0xFAC1, 0xFAA3, 0xFCDF, 0x00CA, 0x0349, 0x03ED, 0x026B, 0xFE6A,
    0xFB69, 0xFA90, 0xFC3A, 0xFECE, 0x0166, 0x0280, 0x013F, 0xFF73,
    0xFE32, 0xFF5A, 0x017C, 0x0406, 0x0617, 0x056F, 0x03D8, 0x0153,
    0x0050, 0x0135, 0x033D, 0x0685, 0x0720, 0x06BA, 0x0480, 0x012C,
    0xFF27, 0xFDB6, 0xFF87, 0x0169, 0x025C, 0x029A, 0x006D, 0xFEF1,
    0xFC7C, 0xFB87, 0xFC63, 0xFCE8, 0xFF18, 0xFF13, 0xFDC7, 0xFB0F,
    0xF829, 0xF80B, 0xF8CF, 0xFB65, 0xFD51, 0xFDF8, 0xFDB2, 0xFBA2,
    0xFA45, 0xF93A, 0xF9F2, 0xFBC0, 0xFDE1, 0xFF7B, 0xFE6C, 0xFCEF,
    0xFAD2, 0xFA5F, 0xFC3C, 0xFF07, 0x01A4, 0x01DE, 0x0135, 0xFE62,
    0xFB1F, 0xFA01, 0xFA9F, 0xFD99, 0x0056, 0x0235, 0x019B, 0xFF01,
    0xFD6C, 0xFCCB, 0xFF0B, 0x01F4, 0x04AC, 0x0652, 0x0450, 0x01E7,
    0xFF13, 0xFE42, 0x000B, 0x02CC, 0x0648, 0x0698, 0x0514, 0x01F1,
    0xFE89, 0xFDD0, 0xFED7, 0x0215, 0x03BD, 0x0388, 0x017F, 0xFD77,
    0xFB33, 0xFA70, 0xFD13, 0x0062, 0x0288, 0x038C, 0x0135, 0xFE6D,
    0xFBAF, 0xFB5C, 0xFE04, 0x0167, 0x04E2, 0x0494, 0x01FF, 0xFEA6,
    0xFC5A, 0xFDD5, 0x0105, 0x061D, 0x0A4F, 0x0C33, 0x0B84, 0x085C,
    0x0618, 0x051F, 0x0772, 0x0A73, 0x0B71, 0x0AB3, 0x0702, 0x02E0,
    0xFF0E, 0xFE23, 0x003B, 0x01EA, 0x0383, 0x024F, 0xFF29, 0xFB0F,
    0xF840, 0xF951, 0xFBBF, 0xFF1E, 0x007B, 0xFF07, 0xFB49, 0xF6BE,
    0xF529, 0xF5FE, 0xF9BE, 0xFE20, 0x00F3, 0x011E, 0xFDB4, 0xFB08,
    0xF905, 0xFA4A, 0xFE54, 0x01A5, 0x03E1, 0x0215, 0xFF4E, 0xFC19,
    0xFA56, 0xFC28, 0xFEF8, 0x02DD, 0x03E9, 0x0224, 0xFF52, 0xFBC0,
    0xFB50, 0xFCE4, 0x00BB, 0x0420, 0x04CA, 0x03F8, 0x0069, 0xFDFE,
    0xFD4E, 0xFE86, 0x0178, 0x0331, 0x03F4, 0x01C2, 0xFECF, 0xFC7F,
    0xFB49, 0xFC88, 0xFEFF, 0x01B7, 0x024F, 0x008F, 0xFE41, 0xFB6A,
    0xFA50, 0xFA86, 0xFCA8, 0xFD9B, 0xFDBA, 0xFD91, 0xFBD5, 0xFA9A,
    0xFA12, 0xFB9E, 0xFE1E, 0xFFD6, 0x0103, 0x001B, 0xFE72, 0xFD54,
    0xFB47, 0xFC2C, 0xFAEA, 0xFC58, 0xFE7B, 0xFE9C, 0xFFD5, 0xFF1D,
    0xFFC9, 0xFFC6, 0x036A, 0x0795, 0x097D, 0x0AF2, 0x0A32, 0x0933,
    0x07A9, 0x0677, 0x07A6, 0x0899, 0x097C, 0x080D, 0x0632, 0x039C,
    0xFFDE, 0xFE88, 0xFEE5, 0x01BE, 0x03C8, 0x0381, 0x0093, 0xFCA4,
    0xF9C1, 0xF781, 0xF7DE, 0xFAFF, 0xFE4F, 0xFF67, 0xFD80, 0xFC2E,
    0xFAAC, 0xFA77, 0xFC9F, 0xFF77, 0x025F, 0x0156, 0xFEB6, 0xFABB,
    0xF777, 0xF7D1, 0xF971, 0xFCAA, 0xFF4A, 0x002B, 0xFEF1, 0xFB51,
    0xFA1C, 0xFB38, 0xFE6E, 0x0276, 0x0511, 0x05A1, 0x020C, 0xFDCF,
    0xFB15, 0xFBE8, 0xFF8F, 0x02BC, 0x0551, 0x0487, 0x023F, 0xFEC1,
    0xFC2D, 0xFD70, 0x0095, 0x057D, 0x070B, 0x054A, 0x0222, 0xFDD5,
    0xFBB5, 0xFC08, 0x0036, 0x042D, 0x0442, 0x023D, 0xFE6D, 0xFB4B,
    0xFA07, 0xFC5A, 0x00D5, 0x0435, 0x0634, 0x0387, 0xFED6, 0xFB5A,
    0xFA44, 0xFBEA, 0xFDB3, 0x0092, 0x00B5, 0xFD5E, 0xF9F1, 0xF773,
    0xF879, 0xFB01, 0xFEBA, 0x01F2, 0x0288, 0x0180, 0xFED7, 0xFE3C,
    0x0092, 0x046C, 0x0874, 0x0962, 0x08E1, 0x063E, 0x02A6, 0x001F,
    0xFFF8, 0x031F, 0x0502, 0x05E6, 0x056E, 0x03C2, 0x01DF, 0xFFAF,
    0x0022, 0x015C, 0x0292, 0x0287, 0x00B7, 0xFF2F, 0xFD17, 0xFC63,
    0xFC3E, 0xFCC8, 0xFEBA, 0xFFA0, 0x0017, 0xFF3A, 0xFEF3, 0xFEAA,
    0xFD5D, 0xFDC1, 0xFE9A, 0xFF69, 0xFE69, 0xFD5E, 0xFCF7, 0xFB47,
    0xFA65, 0xFA1E, 0xFBD0, 0xFE90, 0x0110, 0x032B, 0x0256, 0x0208,
    0x0138, 0x0032, 0x0190, 0x033F, 0x056A, 0x0432, 0x0140, 0xFE3A,
    0xFB03, 0xFA63, 0xFAC5, 0xFE55, 0x019F, 0x01D0, 0xFFDC, 0xFC76,
    0xFB87, 0xFBFE, 0xFEAC, 0x024D, 0x0388, 0x0391, 0xFFFA, 0xFB8B,
    0xF974, 0xFA6E, 0xFE2E, 0x0101, 0x0356, 0x0259, 0xFD71, 0xF8A8,
    0xF74C, 0xFA09, 0xFE0C, 0x01C3, 0x02B0, 0x0071, 0xFC9B, 0xF8D4,
    0xF7D6, 0xF9BB, 0xFE64, 0x023E, 0x0279, 0x00B1, 0xFCC4, 0xFA85,
    0xFAA2, 0xFE5C, 0x04F7, 0x0862, 0x08C7, 0x05CF, 0x0337, 0x0261,
    0x02B0, 0x0633, 0x0913, 0x0A9F, 0x0944, 0x052F, 0x01FA, 0xFF81,
    0x005F, 0x0252, 0x048E, 0x05B4, 0x0361, 0x009A, 0xFDA2, 0xFD65,
    0xFEFD, 0x005E, 0x01E4, 0x0169, 0x003A, 0xFD23, 0xF9D6, 0xF916,
    0xF96F, 0xFBA9, 0xFD67, 0xFE89, 0xFE5C, 0xFD2D, 0xFBF1, 0xFA76,
    0xFB46, 0xFC53, 0xFCD5, 0xFCAC, 0xFD50, 0xFEA3, 0xFDA6, 0xFCC7,
    0xFCC2, 0xFD46, 0xFF3E, 0x00C6, 0x02E6, 0x03AD, 0x02F1, 0x01D2,
    0xFFDC, 0xFFA6, 0xFF47, 0x0006, 0x00C4, 0x0078, 0xFF90, 0xFC84,
    0xFA7B, 0xF95E, 0xFB79, 0xFFDA, 0x0255, 0x03A0, 0x028B, 0x0095,
    0xFE92, 0xFDEC, 0x01D2, 0x05BD, 0x07DF, 0x07A5, 0x04CE, 0x00A0,
    0xFBC4, 0xFACF, 0xFC92, 0xFFFE, 0x027C, 0x0196, 0xFE3C, 0xFA32,
    0xF88B, 0xF8C6, 0xFBE6, 0x0033, 0x02AC, 0x016D, 0xFC88, 0xF8C3,
    0xF6C6, 0xF85A, 0xFD51, 0x019B, 0x0509, 0x03B5, 0xFFE9, 0xFD1F,
    0xFCAD, 0x0113, 0x05C2, 0x0ACA, 0x0DC4, 0x0BF5, 0x07FF, 0x0278,
    0x0149, 0x03C9, 0x078E, 0x0AA8, 0x09F8, 0x06F5, 0x016F, 0xFE0D,
    0xFE28, 0x0116, 0x05A3, 0x0797, 0x07A4, 0x0433, 0xFF49, 0xFBC4,
    0xFA50, 0xFD3E, 0x001D, 0x01B8, 0xFF6B, 0xFABA, 0xF824, 0xF6B7,
    0xF841, 0xFB32, 0xFEA5, 0xFFB5, 0xFCF1, 0xFA51, 0xF8F0, 0xF955,
    0xFAF3, 0xFCE7, 0xFF6B, 0xFF9A, 0xFE2A, 0xFB0A, 0xF86C, 0xF84B,
    0xFA21, 0xFECC, 0x024D, 0x046D, 0x04A8, 0x0343, 0x0229, 0x007D,
    0x005D, 0x006E, 0xFF27, 0xFDFA, 0xFB7A, 0xF875, 0xF64F, 0xF762,
    0xFADE, 0xFD4D, 0x0020, 0x024A, 0x0454, 0x04A4, 0x0417, 0x0394,
    0x0253, 0x028A, 0x0205, 0x02AD, 0x0392, 0x02B4, 0x0089, 0xFD7F,
    0xFD6D, 0xFEA3, 0xFFA3, 0x0157, 0x0177, 0x00FE, 0xFEAE, 0xFBD7,
    0xFA76, 0xFB2E, 0xFF18, 0x0132, 0x01EC, 0x007E, 0xFD7F, 0xFA7F,
    0xF73E, 0xF7C3, 0xFA1A, 0xFE22, 0x0202, 0x03F0, 0x05A7, 0x04DA,
    0x0521, 0x0763, 0x0A31, 0x0D7B, 0x0CA6, 0x098D, 0x04C2, 0x00D8,
    0xFF35, 0xFF22, 0x0203, 0x0495, 0x06C2, 0x0587, 0x030E, 0x01A3,
    0x014E, 0x0351, 0x0537, 0x0784, 0x0715, 0x023B, 0xFD86, 0xF9B9,
    0xF8B6, 0xF9FB, 0xFC0E, 0xFDA0, 0xFC1A, 0xFB63, 0xF9ED, 0xF90B,
    0xFABB, 0xFCA6, 0xFF28, 0xFFA8, 0x0067, 0x002C, 0xFD86, 0xFB6B,
    0xFB34, 0xFCFC, 0xFE2F, 0xFDD2, 0xFBC5, 0xF938, 0xF8ED, 0xFA94,
    0xFEF9, 0x039A, 0x05FE, 0x05AC, 0x026D, 0xFF50, 0xFCA7, 0xFBC3,
    0xFC5F, 0xFD58, 0xFD8C, 0xFABB, 0xF747, 0xF436, 0xF526, 0xFA17,
    0xFE0D, 0x01E2, 0x04F1, 0x05B5, 0x0495, 0x02E0, 0x02F4, 0x033E,
    0x041D, 0x0447, 0x03D9, 0x031E, 0xFF78, 0xFD67, 0xFBF1, 0xFCEF,
    0xFF77, 0x001D, 0x0159, 0x0091, 0xFEFF, 0xFC7C, 0xFAD2, 0xFBF5,
    0xFD1C, 0xFF64, 0x0078, 0xFFDF, 0xFF13, 0xFD13, 0xFC71, 0xFB64,
    0xFBD7, 0xFD78, 0xFEF6, 0x023F, 0x041E, 0x058A, 0x057C, 0x0576,
    0x070F, 0x091E, 0x0B04, 0x0B8E, 0x0AD2, 0x0754, 0x02FE, 0xFF7C,
    0xFD99, 0xFF7E, 0x02F6, 0x05F5, 0x0816, 0x079A, 0x067D, 0x04FD,
    0x0368, 0x0337, 0x0366, 0x0259, 0x0052, 0xFF70, 0xFD99, 0xFB21,
    0xF9BF, 0xFAE8, 0xFCF5, 0xFE1B, 0xFF11, 0xFE86, 0xFC5B, 0xF94B,
    0xF8B8, 0xFA72, 0xFBFE, 0xFF3F, 0x00E3, 0x0038, 0xFFB1, 0xFCD7,
    0xFAD7, 0xFA22, 0xFACE, 0xFC41, 0xFC70, 0xFD4C, 0xFCCB, 0xFCD4,
    0xFD4C, 0xFF02, 0x01C4, 0x01F0, 0x01B8, 0x001C, 0xFC69, 0xF983,
    0xF6E9, 0xF6B3, 0xF5F5, 0xF5EC, 0xF8FA, 0xFC1D, 0xFF8D, 0x0051,
    0x0184, 0x022B, 0x02B3, 0x03FC, 0x03B0, 0x03DB, 0x019E, 0xFF2E,
    0x0032, 0x0437, 0x06FB, 0x0589, 0x043D, 0x01EF, 0xFDD3, 0xFAE0,
    0xFA9E, 0xFDC2, 0xFE47, 0xFE63, 0xFFB2, 0xFFAB, 0xFFF6, 0xFE65,
    0xFDE5, 0xFE95, 0xFE3F, 0xFE37, 0xFD83, 0xFCC3, 0xF9D9, 0xF79D,
    0xFB39, 0x02BF, 0x0A08, 0x0C25, 0x0AC8, 0x0A1A, 0x06BE, 0x043C,
    0x05D4, 0x0852, 0x093B, 0x0750, 0x0856, 0x06ED, 0x02D8, 0xFFAA,
    0xFFF4, 0x03CD, 0x04AC, 0x0476, 0x03BB, 0x0167, 0xFE26, 0xFC12,
    0xFF68, 0x059E, 0x06D8, 0x05C3, 0x03E2, 0x00A2, 0xF97D, 0xF482,
    0xF673, 0xF8DE, 0xF90F, 0xFAA8, 0x0075, 0x033D, 0xFF82, 0xFC90,
    0xFDF0, 0xFDF6, 0xFD2D, 0xFC03, 0xFD21, 0xFBC7, 0xF808, 0xF754,
    0xFCF3, 0x049A, 0x052A, 0x0318, 0x031A, 0x0238, 0xFC64, 0xF8D7,
    0xFB16, 0xFCCE, 0xFA04, 0xFAA7, 0xFEF3, 0x008D, 0xFDEC, 0xFACD,
    0xF9C7, 0xF738, 0xF3DB, 0xF3A6, 0xF6B7, 0xF8D9, 0xF9A2, 0xFAFF,
    0x01DD, 0x0744, 0x08B9, 0x08A4, 0x08AF, 0x06D9, 0x0091, 0xFE15,
    0xFC2A, 0xF9D5, 0xF711, 0xF955, 0x0012, 0x03A7, 0x0601, 0x05FB,
    0x040A, 0xFF84, 0xFA5B, 0xF75A, 0xF655, 0xF84A, 0xF86C, 0xF985,
    0xFFB0, 0x0430, 0x0722, 0x071E, 0x085D, 0x06FE, 0xFF4B, 0xFC62,
    0xFE07, 0x00AF, 0x0268, 0x0755, 0x0F5C, 0x1364, 0x1226, 0x0EFA,
    0x0ACF, 0x07A5, 0x0362, 0x0102, 0x0044, 0xFC85, 0xF96A, 0xF79C,
    0xFD18, 0x045D, 0x09BC, 0x0D37, 0x0D22, 0x0962, 0x0042, 0xF9DF,
    0xF6F8, 0xF5AB, 0xF86D, 0xFBE5, 0x000E, 0x0130, 0xFDA1, 0xFCCE,
    0xFB51, 0xFC9B, 0xFE79, 0xFF74, 0xFDD1, 0xF877, 0xF24B, 0xEF42,
    0xF4A7, 0xFE16, 0x06AE, 0x0A05, 0x08E6, 0x024B, 0xFB5F, 0xF618,
    0xF725, 0xFAB0, 0xFB57, 0xFFA3, 0x0490, 0x0572, 0x0457, 0x0320,
    0x0299, 0x0279, 0x0109, 0xFD7D, 0xF86D, 0xF42D, 0xEF1D, 0xEFA3,
    0xF503, 0xFE9B, 0x03FF, 0x03BC, 0x041C, 0x00BF, 0xFCAF, 0xFC9B,
    0xFF58, 0x019D, 0x0258, 0x0212, 0x019C, 0x00D5, 0x034B, 0x0375,
    0x03DE, 0x0398, 0x00E8, 0xFCFC, 0xF825, 0xF79B, 0xF722, 0xF624,
    0xFAC7, 0x0047, 0x0129, 0xFF8D, 0x0012, 0xFFAD, 0xFAF6, 0xFB75,
    0xFDE2, 0xFFA1, 0xFC97, 0xFC10, 0x0022, 0x0216, 0x08D7, 0x0D4C,
    0x0EAF, 0x0E65, 0x0AFE, 0x07AC, 0x054A, 0x05F3, 0x03F9, 0x0245,
    0x069E, 0x0B0E, 0x0BB1, 0x0905, 0x06E5, 0x049A, 0xFF71, 0xFD9D,
    0xFF88, 0xFF18, 0xFEFB, 0xFEC0, 0x00BE, 0x0440, 0x0649, 0x0445,
    0xFFE3, 0xFF3C, 0xFC0B, 0xF9CD, 0xF9CD, 0xF923, 0xF790, 0xF3E5,
    0xF7BB, 0xFE03, 0x0031, 0x02D6, 0x0186, 0xFE8B, 0xF90B, 0xF6D6,
    0xF96A, 0xF93D, 0xF956, 0xFABA, 0xFFC2, 0x047D, 0x06C6, 0x0671,
    0x03EB, 0x01B9, 0x0089, 0xFEFA, 0xFF62, 0xFDD6, 0xF7FC, 0xF4B6,
    0xF582, 0xFBFC, 0x0051, 0x00FC, 0x00B3, 0xFECB, 0xF948, 0xF37A,
    0xF39E, 0xF53D, 0xF665, 0xFA5B, 0xFED0, 0x05DA, 0x0993, 0x08B8,
    0x07FB, 0x074B, 0x070A, 0x0264, 0x004B, 0xFF54, 0xFB2D, 0xF6C9,
    0xF9DF, 0x0264, 0x070B, 0x0669, 0x04DB, 0x0113, 0xFA1D, 0xF74F,
    0xF7B8, 0xF8EE, 0xF80F, 0xF8CC, 0xFB4F, 0xFE69, 0x022D, 0x040A,
    0x0633, 0x0758, 0x0630, 0x042D, 0x0105, 0xFF02, 0xFA37, 0xF98D,
    0x0213, 0x0A65, 0x1082, 0x0FA6, 0x0C9A, 0x07AF, 0x0201, 0x0101,
    0x02E0, 0x0354, 0xFEA8, 0xFA3B, 0xFC11, 0x0152, 0x059D, 0x078C,
    0x0995, 0x0B60, 0x076C, 0x04B3, 0x041E, 0x014B, 0xFA1D, 0xF80B,
    0xFD3A, 0x03C5, 0x0709, 0x04FB, 0x0208, 0xFED3, 0xFA79, 0xF958,
    0xFC22, 0xFA7D, 0xF93E, 0xF579, 0xF6A6, 0xFE15, 0x0336, 0x03D1,
    0x02C3, 0x0415, 0x0105, 0xFED5, 0x0099, 0x01BB, 0xFE4E, 0xF902,
    0xFC0D, 0x022E, 0x02E6, 0x02C0, 0x0048, 0xFF24, 0xFB9B, 0xF7FF,
    0xF690, 0xF538, 0xF333, 0xF0A9, 0xF4E0, 0xFB32, 0xFD77, 0xFBCB,
    0xFD6F, 0xFFFE, 0xFF31, 0xFF70, 0x02F5, 0x0433, 0x01E2, 0xFF78,
    0x00F1, 0x05B1, 0x08CD, 0x08D2, 0x06A8, 0x0594, 0x00F9, 0xFC7E,
    0xFC4A, 0xFC09, 0xFA40, 0xF836, 0xF9DD, 0xFE7C, 0xFFB0, 0xFBF0,
    0xFB11, 0xFC52, 0xFB59, 0xFA7E, 0xFCAF, 0xFD35, 0xFA1D, 0xF9AD,
    0xFEF6, 0x082A, 0x0C64, 0x0BA7, 0x085B, 0x059D, 0x011E, 0xFD6C,
    0x0114, 0x02C7, 0xFFEB, 0xFB14, 0xFD55, 0x0391, 0x04F2, 0x0389,
    0x02B7, 0x0272, 0xFFC8, 0x0002, 0x02D0, 0x03EE, 0x00FB, 0xFFBD,
    0x070F, 0x0F18, 0x12C4, 0x0EAE, 0x08B6, 0x04CD, 0x00BA, 0xFF7A,
    0x01B8, 0x032F, 0xFE26, 0xF98B, 0xFC8D, 0x041B, 0x072A, 0x05A4,
    0x03B7, 0x01E3, 0xFBB7, 0xF7B6, 0xF81F, 0xF5EC, 0xF4CC, 0xF49B,
    0xFC31, 0x04A2, 0x0797, 0x0626, 0x031A, 0x0142, 0xFBC5, 0xFA82,
    0xFCE8, 0xFC1C, 0xF84B, 0xF63E, 0xFAA0, 0xFFD4, 0xFE69, 0xFBFB,
    0xFA7B, 0xF985, 0xF6AA, 0xF494, 0xF5D4, 0xF224, 0xF0A4, 0xF36A,
    0xFC3F, 0x06DC, 0x0BDD, 0x0C21, 0x09E5, 0x092A, 0x03D1, 0xFFDE,
    0x018E, 0x0143, 0xFD73, 0xFADF, 0x0047, 0x057B, 0x04F5, 0x0421,
    0x04DC, 0x03BD, 0xFEB4, 0xFCCD, 0xFC41, 0xF6BB, 0xF1DC, 0xF15E,
    0xF710, 0x0152, 0x0627, 0x0608, 0x0514, 0x05CA, 0x0224, 0x00B8,
    0x036D, 0x01FD, 0xFE81, 0xFB03, 0x0193, 0x0986, 0x0B5A, 0x0A67,
    0x0852, 0x0329, 0xFAFD, 0xF787, 0xF816, 0xF5D7, 0xF2FD, 0xF36C,
    0xF945, 0x02F0, 0x06BF, 0x05AE, 0x0463, 0x0521, 0x03A5, 0x062C,
    0x0BB2, 0x0AC5, 0x02E1, 0xFBE6, 0x01F1, 0x0970, 0x0BB0, 0x0C86,
    0x0C00, 0x07CE, 0x00ED, 0x00AD, 0x00E9, 0xFCB5, 0xF9B5, 0xFA0B,
    0x0307, 0x0AB1, 0x09B4, 0x03B9, 0xFE02, 0xFBAF, 0xF938, 0xFC51,
    0x0036, 0xFFC4, 0xFA0B, 0xF62E, 0xFE42, 0x043B, 0x01F7, 0xFF5B,
    0xFEA4, 0xFE70, 0xFB2F, 0xFB0B, 0xFA47, 0xF293, 0xEC59, 0xEC5F,
    0xF659, 0xFEB2, 0xFF92, 0xFC04, 0xF84B, 0xF85F, 0xF7C6, 0xFB31,
    0xFEF3, 0xFDFF, 0xFD7F, 0x026A, 0x0D36, 0x119D, 0x0BFA, 0x061B,
    0x030E, 0x014A, 0xFE04, 0x0005, 0x011C, 0xF9B8, 0xF5E9, 0xF8D3,
    0x023F, 0x080B, 0x051B, 0x00B5, 0xFEDD, 0xFC59, 0xF6A6, 0xF885,
    0xF9F1, 0xF816, 0xF860, 0xFB8E, 0x0753, 0x0D2A, 0x093F, 0x05EE,
    0x06D7, 0x05C9, 0x0222, 0x0419, 0x02C7, 0xFE03, 0xFC0B, 0xFF61,
    0x081C, 0x0A6C, 0x062B, 0x00A9, 0xFB28, 0xF437, 0xF0E5, 0xF3F5,
    0xF58E, 0xF67E, 0xF720, 0xFB9E, 0x03BB, 0x0647, 0x075E, 0x0B20,
    0x0C5B, 0x0898, 0x0365, 0x0250, 0xFEE8, 0xF966, 0xF7FC, 0x005B,
    0x0BFC, 0x0DD2, 0x0D58, 0x0A98, 0x0689, 0x00D2, 0xFEEE, 0x03A0,
    0x03E3, 0x002A, 0xFC55, 0xFEE1, 0x0593, 0x0737, 0x05C1, 0x04F4,
    0x053F, 0x02D5, 0xFEFD, 0xFEA8, 0xF97E, 0xF2BB, 0xF162, 0xF937,
    0x0322, 0x0495, 0x023F, 0xFDA5, 0xF69C, 0xEFEC, 0xF17A, 0xF54A,
    0xF12F, 0xED62, 0xEF6E, 0xF51D, 0xFD9A, 0x022B, 0x03DF, 0x051C,
    0x03E5, 0x036D, 0x06D7, 0x0A32, 0x053A, 0xFD20, 0xFC02, 0x039F,
    0x0AD6, 0x08CF, 0x0564, 0x0651, 0x016A, 0xFC72, 0x00A6, 0x01F2,
    0xFB17, 0xF44E, 0xF55C, 0xFC54, 0x010F, 0x007E, 0xFE0E, 0xFCF4,
    0xF9B9, 0xF975, 0xFDCE, 0xFDAC, 0xFC82, 0xFA5A, 0xFCDC, 0x05AB,
    0x09AD, 0x09AB, 0x09FF, 0x09E9, 0x0606, 0x0306, 0x05DC, 0x036F,
    0xFB44, 0xF894, 0xFC81, 0xFF4F, 0xFDA7, 0xFBC0, 0xFC03, 0xFB9B,
    0xF786, 0xFB4A, 0x00D6, 0xFD93, 0xF8C9, 0xF6CE, 0xFD7F, 0x0590,
    0x0683, 0x050E, 0x0460, 0x0314, 0xFE3E, 0xFC4D, 0x00E0, 0x01FB,
    0xFDEC, 0xFEA5, 0x0803, 0x0C9B, 0x0A95, 0x0859, 0x0748, 0x0591,
    0x01A5, 0x0522, 0x0766, 0x034C, 0xFE9D, 0xFD73, 0x0116, 0x065A,
    0x0B0B, 0x08E9, 0x0760, 0x02BB, 0xFB7E, 0xFCD0, 0xFC72, 0xF8B1,
    0xF489, 0xF4CF, 0xFC8B, 0xFC73, 0xF9CB, 0xF7B4, 0xF78D, 0xF309,
    0xEDAD, 0xF5D2, 0xF7BE, 0xF5F7, 0xF07C, 0xF67C, 0x019E, 0x03F2,
    0x0AA2, 0x0E4E, 0x0F66, 0x0978, 0x004C, 0x02CC, 0x026A, 0xFE33,
    0xFBFA, 0xFACF, 0x037F, 0x047D, 0x02FF, 0x04BA, 0x04E9, 0xFF1A,
    0xFBB3, 0xFFD4, 0xFC8F, 0xF6FC, 0xF2C8, 0xF451, 0xF9D7, 0xFC5F,
    0x00E4, 0x03AD, 0x003A, 0xFD7B, 0xFBFC, 0xFDDB, 0xFD5F, 0xFB09,
    0xFD57, 0x0345, 0x08D6, 0x0A35, 0x0BF6, 0x0D48, 0x09B8, 0x00F5,
    0xFF5B, 0x0262, 0xFBCC, 0xF3B6, 0xF314, 0xF897, 0xFD33, 0xFFD7,
    0x0471, 0x076F, 0x048D, 0x0020, 0x0131, 0x030A, 0x0041, 0xFA0F,
    0xF69D, 0xFA9B, 0xFD63, 0xFF04, 0xFF09, 0xFF7C, 0xFEE3, 0xFC47,
    0xFFF9, 0x0487, 0x0351, 0xFFC1, 0x00E7, 0x03AC, 0x0615, 0x0877,
    0x0AD2, 0x0B4D, 0x05EC, 0x028F, 0x0626, 0x04C0, 0x013A, 0xFFF1,
    0xFF91, 0x0149, 0x028A, 0x0461, 0x05C9, 0x060B, 0x0186, 0xFEFF,
    0x00D2, 0xFF52, 0xF8C9, 0xF288, 0xF225, 0xF3C4, 0xF366, 0xF583,
    0xF9EB, 0xF96D, 0xF675, 0xF7E4, 0xFD63, 0xFFA8, 0xFF4A, 0x0208,
    0x05C1, 0x088E, 0x0A9E, 0x0819, 0x0702, 0x028A, 0xFC4C, 0xFBC4,
    0xFC33, 0xFEE3, 0xFDC6, 0xFB44, 0xFC2D, 0xFF21, 0x023B, 0x03BE,
    0x05C4, 0x0354, 0xFEA7, 0xFD58, 0xFA91, 0xF775, 0xF351, 0xF334,
    0xF779, 0xFADC, 0x00BF, 0x035B, 0x0315, 0xFF96, 0xFB65, 0xFD3A,
    0x0068, 0x022B, 0x032D, 0x047D, 0x0616, 0x05A3, 0x03C0, 0x0366,
    0x0468, 0x0181, 0x0022, 0x01CA, 0xFE49, 0xFAC1, 0xF94E, 0xF981,
    0xFD6A, 0x030C, 0x091D, 0x0BB8, 0x09B5, 0x06B6, 0x02D8, 0xFCEB,
    0xF6EF, 0xF544, 0xF4D8, 0xF319, 0xF574, 0xFB17, 0x0126, 0x05EE,
    0x098B, 0x0945, 0x05F4, 0x023E, 0xFC6C, 0xFBB8, 0xFF3E, 0x0234,
    0x050D, 0x08CD, 0x0CD0, 0x0B9D, 0x0772, 0x04A2, 0x010B, 0xFBF4,
    0xFAE3, 0x0057, 0x03D1, 0x0454, 0x04CA, 0x02B5, 0x0269, 0x0211,
    0x00A0, 0xFE31, 0xFBB1, 0xF958, 0xF68B, 0xF762, 0xFB61, 0xFB68,
    0xF8AA, 0xFA45, 0xFC12, 0xFB30, 0xFB4F, 0xFF88, 0x01D3, 0x02B8,
    0x0630, 0x08A8, 0x042B, 0xFCCF, 0xF83A, 0xF52C, 0xF668, 0xFCB7,
    0x02EE, 0x06B7, 0x08F4, 0x06CE, 0x0163, 0xFF82, 0xFE5E, 0xF983,
    0xF79E, 0xFBBC, 0x0015, 0xFFFA, 0x0339, 0x02A5, 0xFAF8, 0xF6DD,
    0xF6D8, 0xF8C3, 0xF9E3, 0xFC21, 0xFF2E, 0x014A, 0x060D, 0x0984,
    0x0564, 0x0276, 0xFE78, 0xF7F5, 0xF717, 0xFE26, 0x0328, 0x0598,
    0x09D8, 0x0997, 0x040C, 0xFA8B, 0xF693, 0xF544, 0xF859, 0x0052,
    0x08C4, 0x1063, 0x1509, 0x10C3, 0x05E3, 0xFDCF, 0xF634, 0xEF3A,
    0xEF50, 0xF6AA, 0xFBEF, 0x009C, 0x0609, 0x0945, 0x0380, 0xFE35,
    0xFA37, 0xF621, 0xF90F, 0xFFC4, 0x053C, 0x0667, 0x0927, 0x07E4,
    0x0162, 0xFECD, 0xFBBF, 0xF767, 0xFC02, 0x0278, 0x0702, 0x0974,
    0x0EA7, 0x0D78, 0x0411, 0xFE4A, 0xFAE6, 0xFBD1, 0xFE6F, 0x06B4,
    0x0B47, 0x0A0E, 0x0940, 0x01E0, 0xF6D3, 0xF26D, 0xEEB4, 0xEC4D,
    0xF3E8, 0x0294, 0x0A6D, 0x0D6A, 0x1186, 0x0E01, 0x042F, 0xFB33,
    0xF7F9, 0xF37E, 0xF254, 0xF808, 0xFCB7, 0x0064, 0x06EF, 0x05C3,
    0xFE4D, 0xF9ED, 0xF643, 0xF0D1, 0xF395, 0xFE21, 0x0451, 0x06EE,
    0x0A4C, 0x0A9E, 0x003B, 0xF6A4, 0xF04E, 0xEB28, 0xEC66, 0xF88B,
    0x01CC, 0x0632, 0x0872, 0x0802, 0x01A0, 0xFB2F, 0xFA8A, 0xF9A2,
    0xFF4F, 0x07F1, 0x0E11, 0x0E51, 0x0EF4, 0x0B6C, 0xFD31, 0xF11E,
    0xEDB9, 0xEB69, 0xED00, 0xF99F, 0x0959, 0x1047, 0x1300, 0x120E,
    0x0AD7, 0x0585, 0xFEF0, 0xF870, 0xF996, 0x035A, 0x095A, 0x0A67,
    0x0C0A, 0x09FD, 0xFDA9, 0xF0D0, 0xEF4D, 0xEEA0, 0xF35D, 0xFECD,
    0x09D9, 0x109B, 0x12A5, 0x0EE8, 0x035A, 0xF6E5, 0xF265, 0xF0A2,
    0xF445, 0x009C, 0x0783, 0x0A3B, 0x0A4E, 0x07CB, 0xFFD6, 0xFA3D,
    0xF8B8, 0xF71D, 0xF822, 0x0229, 0x0D06, 0x1082, 0x12D8, 0x1184,
    0x097D, 0xFE9A, 0xF5D7, 0xF12C, 0xF250, 0xF56F, 0xFE64, 0x0498,
    0x0C21, 0x0CA6, 0x01FC, 0xFB24, 0xFB7B, 0xFCD1, 0xFCFE, 0x076A,
    0x0EB8, 0x0D28, 0x0800, 0x01FF, 0xFCCA, 0xF223, 0xEA42, 0xE74F,
    0xEC7A, 0xF8D9, 0xFFAF, 0x05AE, 0x0913, 0x091F, 0xFE35, 0xF2CB,
    0xF016, 0xEDCA, 0xEF6E, 0xF696, 0xFEDD, 0x068E, 0x0BDC, 0x0B2B,
    0x00F3, 0xF272, 0xEDA8, 0xEA69, 0xEE5F, 0xF9CD, 0x0852, 0x10A5,
    0x11CF, 0x1175, 0x056C, 0xFBE9, 0xF5FF, 0xF146, 0xF2F9, 0xFC22,
    0x065D, 0x0806, 0x08EE, 0x0A06, 0x03FF, 0xF96F, 0xF39B, 0xF696,
    0xFBDA, 0x017F, 0x07D8, 0x0A23, 0x0DD2, 0x0C19, 0x037C, 0xFE14,
    0xFA05, 0xF5DE, 0xF248, 0xFBBD, 0x0617, 0x0897, 0x0865, 0x07FA,
    0x0640, 0xFB9A, 0xF47D, 0xF06B, 0xF209, 0xFBC9, 0x0516, 0x0B4A,
    0x0F76, 0x1002, 0x0407, 0xF43C, 0xF08D, 0xEF4C, 0xF0B9, 0xF8B0,
    0x04DA, 0x0E6B, 0x0F50, 0x129A, 0x0A84, 0xFC31, 0xF6F2, 0xF3C3,
    0xF1FC, 0xFAA1, 0x06CA, 0x0999, 0x0A07, 0x0C90, 0x0B74, 0x04E8,
    0xFDDF, 0xF813, 0xF8C2, 0xFE60, 0x07D2, 0x0BEF, 0x0C7E, 0x0F50,
    0x08D6, 0xFB96, 0xF42E, 0xF5D3, 0xF52A, 0xF7F9, 0x0248, 0x0852,
    0x0B2F, 0x059E, 0xFBCA, 0xF1E0, 0xEC9F, 0xEB01, 0xEA54, 0xF423,
    0xFE74, 0x0239, 0xFF29, 0x018D, 0x035A, 0xFAC6, 0xF5B0, 0xF68C,
    0xF6A9, 0xF9EA, 0xFFEF, 0x075D, 0x0D0B, 0x0F04, 0x0E25, 0x0268,
    0xF90F, 0xF453, 0xF255, 0xF42E, 0xFE68, 0x0B6D, 0x0D49, 0x0FCE,
    0x0DB3, 0x031A, 0xFA81, 0xF3F6, 0xF3C3, 0xFA70, 0x0684, 0x0EDE,
    0x0FDE, 0x0DF4, 0x0688, 0xFD3D, 0xF205, 0xEE1B, 0xF196, 0xF708,
    0x00B1, 0x0A02, 0x125B, 0x14DB, 0x0F96, 0x041B, 0xFA82, 0xF887,
    0xF44C, 0xF4BD, 0xFC76, 0x0280, 0x061E, 0x05C5, 0x04DA, 0x00A7,
    0xF993, 0xF5D7, 0xF51E, 0xFCC7, 0x0706, 0x0C36, 0x0BEB, 0x09DC,
    0x0A06, 0x0048, 0xF69A, 0xF41E, 0xF268, 0xF5B4, 0xFB43, 0x047D,
    0x0A67, 0x0ABD, 0x0538, 0xFB8E, 0xF74F, 0xF831, 0xFB21, 0x0047,
    0x0972, 0x1309, 0x1650, 0x150F, 0x1205, 0x0774, 0xFCC2, 0xF3DB,
    0xF066, 0xF333, 0xFB0C, 0x02D4, 0x0714, 0x0DA0, 0x0E6A, 0x08E7,
    0xFDA5, 0xF5F3, 0xF1C0, 0xEF06, 0xF432, 0xFBBC, 0xFF78, 0x00AB,
    0xFF66, 0xF751, 0xEDDC, 0xEBF1, 0xEBE3, 0xEEC0, 0xFB2B, 0x0800,
    0x0CFD, 0x0C23, 0x0CFC, 0x09D2, 0x0089, 0xFB72, 0xF9B2, 0xF920,
    0xFC8E, 0x0114, 0x035B, 0x044C, 0x08FE, 0x03F4, 0xF8CD, 0xF615,
    0xF565, 0xF78F, 0xFB53, 0x078A, 0x11EF, 0x14B4, 0x1405, 0x0B39,
    0xFF5E, 0xF2E9, 0xEB9D, 0xED88, 0xF699, 0x03FA, 0x0A7A, 0x0A87,
    0x09E9, 0x032A, 0xF8C2, 0xF0D9, 0xF372, 0xF7A8, 0x00CF, 0x0E8D,
    0x12AA, 0x1188, 0x0C85, 0x0543, 0xF93E, 0xF0F8, 0xF0FE, 0xF206,
    0xF664, 0xFD72, 0x06B5, 0x0C7B, 0x09F3, 0x078B, 0x0104, 0xFB89,
    0xF942, 0xF732, 0xF970, 0xFDDF, 0x01BE, 0x008D, 0x01B5, 0x02FF,
    0xFDBF, 0xF802, 0xF47D, 0xF627, 0xFAC3, 0xFEDF, 0x06C7, 0x0AC8,
    0x0D87, 0x0C27, 0x0828, 0x0401, 0xFE84, 0xFCE7, 0xFBC3, 0x0148,
    0x04CB, 0x0608, 0x0775, 0x03E3, 0xFB1A, 0xF2B5, 0xEFF9, 0xF174,
    0xF6E7, 0x000E, 0x0940, 0x0DB5, 0x0D9D, 0x08EE, 0xFF81, 0xF2C3,
    0xEBC0, 0xE911, 0xEC11, 0xF68A, 0x01B7, 0x09F8, 0x0B17, 0x06D6,
    0xFADE, 0xEF46, 0xEC81, 0xEBC0, 0xF1DA, 0xFDDE, 0x0BEB, 0x1325,
    0x1283, 0x0FE8, 0x04EE, 0xF8E4, 0xF086, 0xEFE6, 0xF677, 0xFF3E,
    0x0637, 0x097E, 0x0AC3, 0x08E3, 0x02C5, 0xFCFF, 0xFD3A, 0xFDFD,
    0xFE55, 0xFFEC, 0x045A, 0x0378, 0x0124, 0x01FF, 0xFF94, 0xF9CE,
    0xF6D7, 0xF880, 0xF70A, 0xFB6D, 0x029C, 0x0807, 0x0CF5, 0x0CB7,
    0x086A, 0x007A, 0xFC6F, 0xFD04, 0xFF12, 0x0680, 0x0DAD, 0x0FEF,
    0x0BB5, 0x0837, 0x04FE, 0xF936, 0xF103, 0xEF7D, 0xF085, 0xF551,
    0xFE99, 0x0884, 0x0CE2, 0x0DA5, 0x0B94, 0x02DD, 0xFB02, 0xF40B,
    0xF2AB, 0xF7EC, 0xFFE9, 0x09B3, 0x0FB3, 0x1352, 0x0D08, 0x0003,
    0xF3CB, 0xF02F, 0xF3B7, 0xF7DA, 0x0090, 0x0AD7, 0x0F4C, 0x0CA4,
    0x0625, 0xFDD4, 0xF452, 0xEFA2, 0xEEFD, 0xF399, 0xFFF9, 0x0734,
    0x0937, 0x07E8, 0x03AA, 0xFB70, 0xF3E3, 0xF402, 0xF7F6, 0xFE53,
    0x06F8, 0x0D23, 0x0E6E, 0x088E, 0x0247, 0xFBCF, 0xF174, 0xEF5B,
    0xF305, 0xF90F, 0xFBDB, 0xFD9B, 0xFE40, 0xFC2A, 0xFC44, 0xF891,
    0xF700, 0xF7B3, 0xF903, 0xFCB5, 0x02CB, 0x0B84, 0x0FCD, 0x0F7F,
    0x0C13, 0x0628, 0xFE7A, 0xF658, 0xF5F0, 0xF9D2, 0xFE1A, 0x04D1,
    0x0BE6, 0x0DD0, 0x0905, 0x0283, 0xFABE, 0xF39D, 0xF1EE, 0xF46F,
    0xFABB, 0x039D, 0x0775, 0x081D, 0x0775, 0x055C, 0xFCC9, 0xF3D8,
    0xF1AF, 0xF472, 0xFDE9, 0x0599, 0x0F7D, 0x1616, 0x14E1, 0x10CC,
    0x07DA, 0xFF14, 0xF7F1, 0xF707, 0xFAB0, 0x0056, 0x0812, 0x09CF,
    0x06B6, 0x0053, 0xF54D, 0xED6A, 0xEE59, 0xF72B, 0x006F, 0x09FD,
    0x110B, 0x1026, 0x0AE1, 0x0363, 0xFF63, 0xFB95, 0xF8BD, 0xFD8B,
    0x0592, 0x0C59, 0x0B6B, 0x0702, 0xFFBA, 0xF7FF, 0xF60A, 0xF14E,
    0xF1F0, 0xF661, 0xFAC7, 0x000A, 0x05B5, 0x098B, 0x0476, 0xFF77,
    0xF8C0, 0xF0D3, 0xEEAD, 0xF15A, 0xF886, 0xFF28, 0x0436, 0x0A06,
    0x0C46, 0x0AEA, 0x06E1, 0x016D, 0xFD02, 0xFB94, 0xFE7D, 0xFEDB,
    0x02C6, 0x05DA, 0x00EC, 0xFCA9, 0xF9ED, 0xF7AE, 0xF28B, 0xF1E1,
    0xF4F7, 0xF7BC, 0xFEE8, 0x026C, 0x0475, 0x0490, 0x02FB, 0x0144,
    0xFDFC, 0xFEAA, 0x00ED, 0x04AA, 0x0799, 0x0A89, 0x0B55, 0x0714,
    0x0338, 0xFE10, 0xF60F, 0xF369, 0xF7ED, 0xFD79, 0x03E2, 0x0B51,
    0x0D52, 0x0647, 0xFF4F, 0xF71E, 0xF147, 0xF22F, 0xF70F, 0xFDE6,
    0x0603, 0x0DAD, 0x0C1C, 0x04AB, 0xFE7C, 0xFB9F, 0xFB79, 0xFD55,
    0x03E0, 0x0AE9, 0x0C97, 0x0E16, 0x0CC6, 0x068B, 0xFF11, 0xFB99,
    0xF882, 0xF62E, 0xFB52, 0xFFD4, 0x0362, 0x06C4, 0x06C7, 0x0349,
    0x002B, 0xFE65, 0xFBAA, 0xFB0C, 0xFF67, 0x0368, 0x0826, 0x0AAD,
    0x0ACC, 0x08E3, 0x00F5, 0xFC3C, 0xFAC8, 0xFCBF, 0xFF11, 0xFED4,
    0xFE24, 0xFC31, 0xFA64, 0xF737, 0xF6B2, 0xF830, 0xF6FD, 0xF74D,
    0xF8F1, 0xFA51, 0xF985, 0xFB5B, 0xFD0B, 0xFAEF, 0xFC38, 0xFD0F,
    0xFCD5, 0xFA9C, 0xFA47, 0xFE47, 0x02DE, 0x0A12, 0x0E22, 0x0C2A,
    0x07D1, 0x018F, 0xFC15, 0xF79B, 0xF963, 0xFEEE, 0x012E, 0x05BF,
    0x0811, 0x0682, 0xFF5A, 0xF7EF, 0xF369, 0xEFF1, 0xF446, 0xFA4C,
    0x01A9, 0x0814, 0x0A5E, 0x0A90, 0x070F, 0x02B4, 0xFC38, 0xF9DA,
    0xFC69, 0xFED5, 0x037D, 0x0788, 0x0A4C, 0x06B1, 0xFFED, 0xFC67,
    0xF991, 0xF8F4, 0xFB61, 0xFF71, 0x03D7, 0x06F3, 0x0809, 0x037B,
    0xFE14, 0xFB24, 0xF7B8, 0xF796, 0xFB45, 0x025F, 0x04CC, 0x0571,
    0x0542, 0x00CE, 0xFDB4, 0xFBC7, 0xFCC1, 0xFE78, 0x02F3, 0x09EF,
    0x0BF9, 0x0CB0, 0x0A8D, 0x0559, 0xFF04, 0xF8F5, 0xF93D, 0xFB45,
    0xFF97, 0x022F, 0x02E9, 0x0416, 0x0528, 0x0620, 0x0447, 0x0467,
    0x03F7, 0x00B5, 0x0021, 0x0017, 0x0018, 0x027D, 0x04BD, 0x0644,
    0x041E, 0x01AC, 0xFC13, 0xF464, 0xF103, 0xF1D9, 0xF72B, 0xFD83,
    0x0429, 0x04F9, 0xFFC0, 0xFA27, 0xF4B6, 0xF152, 0xF126, 0xF60D,
    0xFAE9, 0xFE0D, 0x00E0, 0x0070, 0xFD90, 0xF8A8, 0xF6FA, 0xF790,
    0xFA0A, 0x01F2, 0x0846, 0x0A5E, 0x0C4F, 0x0C98, 0x09AC, 0x0424,
    0xFE4E, 0xF9B7, 0xF6A1, 0xF9DA, 0xFDAB, 0x03C1, 0x08F0, 0x058C,
    0xFF0C, 0xF6F3, 0xF331, 0xF3D6, 0xF846, 0x000A, 0x076E, 0x0B38,
    0x0A7A, 0x0623, 0xFD21, 0xF660, 0xF66B, 0xF836, 0xFD21, 0x050B,
    0x093F, 0x07FB, 0x05AA, 0x048C, 0x0142, 0x0207, 0x0334, 0x01DB,
    0x0179, 0x0244, 0x02B7, 0x00BE, 0x00A3, 0x0044, 0xFC57, 0xF911,
    0xF759, 0xF77B, 0xF7B3, 0xF796, 0xFB42, 0xFF1E, 0x0447, 0x0725,
    0x0899, 0x0755, 0x03DC, 0x01EA, 0x008F, 0x03B0, 0x03DC, 0x0350,
    0x04CF, 0x051F, 0x032E, 0x006C, 0x005A, 0xFECD, 0xFDFD, 0x01C2,
    0x037A, 0x06F4, 0x09AF, 0x0775, 0x038D, 0xFEE2, 0xFCD5, 0xFA11,
    0xFA45, 0xFD82, 0xFF9F, 0x008C, 0x0220, 0x048B, 0x01BD, 0xFD3D,
    0xFB90, 0xF85F, 0xF6FB, 0xFA77, 0xFF94, 0x01A1, 0x02C9, 0x047D,
    0x007D, 0xFA05, 0xF1EB, 0xEC0F, 0xEB5F, 0xF022, 0xF7D9, 0xFE47,
    0x04C0, 0x0496, 0xFD86, 0xF855, 0xF7AF, 0xFA71, 0xFE4B, 0x05AD,
    0x0B51, 0x0A08, 0x077B, 0x022A, 0xFD0A, 0xFB18, 0xFC96, 0xFE8D,
    0xFF73, 0x0377, 0x02F5, 0xFE4C, 0xFE2F, 0xFEB3, 0xFE09, 0xFD1D,
    0xFEE3, 0xFE68, 0xFA56, 0xFC0B, 0xFEF1, 0x011D, 0x02D1, 0x0477,
    0x036E, 0xFEF1, 0xFD5F, 0xFE09, 0x005E, 0x053C, 0x0910, 0x0A32,
    0x0A60, 0x089A, 0x03DA, 0x00A2, 0x00E3, 0xFFCF, 0x000D, 0x01A3,
    0x0035, 0xFB01, 0xF6DB, 0xF696, 0xF6F5, 0xFA04, 0xFE8F, 0xFFF5,
    0xFD6A, 0xFA75, 0xFA67, 0xFC02, 0x01B5, 0x07A3, 0x0718, 0x069B,
    0x04BB, 0x00B9, 0xFC2B, 0xFDAE, 0x03D0, 0x0599, 0x0A16, 0x0C7A,
    0x08F0, 0x014B, 0xFB06, 0xF86D, 0xF8A9, 0xFEB1, 0x0590, 0x0740,
    0x06B0, 0x0438, 0xFF67, 0xFB76, 0xF9F1, 0xFB1F, 0xFCB6, 0x0073,
    0x02A3, 0x03B7, 0x044B, 0x030D, 0x0033, 0xFDAE, 0xFF53, 0xFFF0,
    0xFF79, 0x0101, 0x019B, 0x00BA, 0xFF74, 0xFE9E, 0xF9FD, 0xF5E0,
    0xF607, 0xF444, 0xF609, 0xF9C5, 0xFD3C, 0xFC79, 0xFB42, 0xFCE6,
    0xF93A, 0xF7C7, 0xFA3A, 0xFCD3, 0xFF38, 0x025E, 0x0696, 0x05D4,
    0x02DF, 0x016A, 0xFD76, 0xFAE7, 0xFB45, 0xFD82, 0xFFF1, 0x01C0,
    0x0384, 0x006C, 0xFCF8, 0xFC2E, 0xFC42, 0xFEAF, 0x01CE, 0x03BE,
    0x0289, 0x0242, 0x010A, 0xFE67, 0xFF34, 0x0267, 0x052D, 0x0433,
    0x0405, 0x02FF, 0xFEB7, 0xFD7C, 0xFF06, 0x03A7, 0x093C, 0x0C7F,
    0x0B43, 0x0528, 0x00E9, 0xFC0D, 0xF8B2, 0xFC18, 0x00A7, 0x0202,
    0xFFE1, 0xFEDD, 0xFB65, 0xF61B, 0xF568, 0xF6EC, 0xFA1B, 0xFE3A,
    0x03BA, 0x06A1, 0x0521, 0x04EC, 0x038F, 0x021F, 0x01CC, 0x0105,
    0x00C4, 0xFF4B, 0xFFB9, 0x0072, 0x0265, 0x0569, 0x03AA, 0xFFBA,
    0xFD00, 0xFC63, 0xFC88, 0xFF6D, 0x059A, 0x08DA, 0x08AD, 0x055A,
    0xFF7E, 0xFA88, 0xF71A, 0xF7DA, 0xFBD1, 0x02BF, 0x077E, 0x05B3,
    0x028B, 0xFE23, 0xFB48, 0xFAFF, 0xFF0F, 0x0628, 0x0888, 0x0822,
    0x05E3, 0x01B5, 0xFC20, 0xF898, 0xF90B, 0xF8AF, 0xF950, 0xF8B5,
    0xF673, 0xF5A1, 0xF52E, 0xF682, 0xF950, 0xFE0E, 0x009B, 0x0090,
    0x0144, 0xFF82, 0xFD74, 0xFCC1, 0xFE17, 0x0003, 0x0057, 0x01FF,
    0x00F0, 0xFEEF, 0xFEEE, 0xFF02, 0x0157, 0x022C, 0x031B, 0x03C1,
    0x03CF, 0x063B, 0x0564, 0x0336, 0x0154, 0xFFBD, 0xFCD8, 0xFA66,
    0xFD56, 0xFEEC, 0xFEE5, 0xFFD6, 0x00E1, 0x0074, 0xFECB, 0xFE14,
    0xFDCD, 0x010A, 0x0584, 0x0A08, 0x0CE5, 0x0B62, 0x07EF, 0x0206,
    0xFD63, 0xFB78, 0xFA99, 0xFAFF, 0xFBB2, 0xFDF6, 0xFF62, 0xFF16,
    0xFEEE, 0xFAF9, 0xF8A1, 0xF9B2, 0xFCDF, 0x02AD, 0x0594, 0x0737,
    0x056A, 0x01E1, 0xFDBC, 0xF95F, 0xFA8F, 0xFDB3, 0x0173, 0x0539,
    0x07B0, 0x07C7, 0x0408, 0x0050, 0xFED4, 0xFFB3, 0x0181, 0x0365,
    0x0509, 0x0313, 0xFF9F, 0xFD08, 0xFBE0, 0xFCCE, 0xFE70, 0xFEF8,
    0xFE41, 0xFD90, 0xFC85, 0xFC64, 0xFF4F, 0x0153, 0x041A, 0x06B8,
    0x0718, 0x069F, 0x0392, 0x01A7, 0x005E, 0x0050, 0x0054, 0xFE79,
    0xFDA0, 0xFB13, 0xF883, 0xF7A6, 0xF88D, 0xFB65, 0xFBF7, 0xFAA2,
    0xF803, 0xF61D, 0xF655, 0xF8A9, 0xFD7A, 0xFF97, 0x001D, 0xFF1F,
    0xFD26, 0xFC19, 0xFB6F, 0xFE31, 0x01C9, 0x055E, 0x07F8, 0x072B,
    0x05D8, 0x01FC, 0xFF8B, 0x0092, 0x025D, 0x05FF, 0x063A, 0x04BA,
    0x01AF, 0xFDE4, 0xFA62, 0xF814, 0xFB42, 0xFDA8, 0xFF19, 0x0102,
    0x0168, 0x01BA, 0x00D4, 0x0064, 0x001D, 0x00B8, 0x030D, 0x0518,
    0x0767, 0x0695, 0x05D9, 0x053E, 0x0402, 0x03AB, 0x0198, 0x00C6,
    0xFF4D, 0xFDAF, 0xFCBD, 0xFC1C, 0xFDD1, 0xFC23, 0xFAA0, 0xFB30,
    0xFA94, 0xFC2C, 0xFD67, 0xFF60, 0xFFE3, 0xFF15, 0xFF93, 0xFE48,
    0xFE3F, 0xFE98, 0xFFEC, 0x0224, 0x03CB, 0x0603, 0x04D8, 0x01E7,
    0xFF92, 0xFE89, 0xFEAB, 0xFFAF, 0x0238, 0x023C, 0x0234, 0x01B5,
    0xFEF0, 0xFC4A, 0xFAF4, 0xFCBB, 0xFE00, 0xFFD5, 0x0160, 0x00D7,
    0x00EF, 0xFF42, 0xFEA6, 0xFFB6, 0x0143, 0x048C, 0x05FA, 0x0743,
    0x060C, 0x02A4, 0x0026, 0xFEAB, 0xFF4D, 0xFE66, 0xFE6E, 0xFE51,
    0xFC56, 0xFACF, 0xF8B3, 0xF7A8, 0xF697, 0xF6EB, 0xF90F, 0xFA7E,
    0xFD44, 0xFE29, 0xFE69, 0xFE5A, 0xFDC6, 0xFE5A, 0xFF1A, 0x00A0,
    0x00F0, 0x0081, 0x011C, 0x014B, 0x0222, 0x02AC, 0x0276, 0x02A9,
    0x026B, 0x0317, 0x02E1, 0x02A3, 0x011D, 0x0008, 0x002E, 0xFE16,
    0xFD5F, 0xFC36, 0xFCD6, 0xFE23, 0xFE93, 0x00EC, 0x0173, 0x001E,
    0xFDAC, 0xFDD7, 0xFF87, 0x00ED, 0x051A, 0x0740, 0x07FE, 0x078D,
    0x0569, 0x03CE, 0x0179, 0x015D, 0x00FB, 0x002B, 0x004B, 0xFE28,
    0xFCCE, 0xFB5A, 0xFB32, 0xFCEE, 0xFE24, 0x00C7, 0x009B, 0xFF29,
    0xFEBF, 0xFDF2, 0xFD74, 0xFCAA, 0xFED9, 0xFFB7, 0xFFD0, 0x0077,
    0xFF73, 0xFF4F, 0xFF21, 0x0017, 0x0040, 0x0159, 0x027E, 0x00EE,
    0x0119, 0x0179, 0x011D, 0x0078, 0xFFCA, 0x00C9, 0xFF99, 0xFE74,
    0xFE54, 0xFE58, 0xFEC9, 0xFE4B, 0xFF64, 0xFF09, 0xFEBC, 0xFEAA,
    0xFD9F, 0xFF80, 0x01E5, 0x0379, 0x047C, 0x0531, 0x047A, 0x0108,
    0xFFA3, 0xFED6, 0xFD69, 0xFD32, 0xFD44, 0xFEB4, 0xFEBF, 0xFE20,
    0xFCCA, 0xFB64, 0xFB9B, 0xFC08, 0xFE1F, 0xFF7A, 0x0048, 0xFF77,
    0xFD13, 0xFC90, 0xFB87, 0xFC27, 0xFE9E, 0x0097, 0x013F, 0x009B,
    0x01BC, 0x0098, 0xFFD5, 0x014A, 0x017A, 0x02C4, 0x02EA, 0x02CB,
    0x01FC, 0x00F0, 0x00C6, 0xFEFB, 0x0048, 0x00F0, 0xFFBB, 0xFDFA,
    0xFBBF, 0xFC32, 0xFB69, 0xFBB2, 0xFD03, 0xFE56, 0xFFDF, 0x00AB,
    0x023C, 0x021B, 0x02E7, 0x0383, 0x0256, 0x03C6, 0x036D, 0x01C6,
    0x011F, 0x01A4, 0x02F3, 0x0227, 0x02BF, 0x018C, 0xFEFB, 0xFE00,
    0xFDA4, 0xFEE2, 0xFF18, 0x0091, 0x0113, 0xFF79, 0xFF20, 0xFCA4,
    0xFB2A, 0xFAF2, 0xFCD2, 0xFF7C, 0xFFB6, 0x015F, 0xFF58, 0xFD32,
    0xFDFE, 0xFFD6, 0x01B9, 0x023F, 0x04D3, 0x04A7, 0x02EC, 0x0263,
    0x00A8, 0xFFA0, 0xFF25, 0x009E, 0x0185, 0x0133, 0x0096, 0xFD70,
    0xFC24, 0xFBBB, 0xFB8E, 0xFBD4, 0xFC8B, 0xFEC9, 0xFE4D, 0xFF37,
    0x00D6, 0x0118, 0x01DA, 0x0172, 0x021B, 0x017F, 0x01AD, 0x0148,
    0xFE2A, 0xFEAC, 0xFEBA, 0xFEC1, 0xFF05, 0xFFEB, 0x00DD, 0xFDAD,
    0xFD05, 0xFDC9, 0xFD8E, 0xFD07, 0xFCB4, 0xFCDF, 0xFC15, 0xFD8D,
    0xFE8D, 0xFE0F, 0xFEBE, 0xFEBE, 0xFEB0, 0xFEE4, 0x0095, 0x013E,
    0x00EB, 0x029E, 0x02F7, 0x0345, 0x03AB, 0x0443, 0x03A0, 0x00FF,
    0x00E0, 0x000B, 0xFEB3, 0xFE40, 0xFDD9, 0xFD91, 0xFB7D, 0xFB67,
    0xFB40, 0xFB55, 0xFD7E, 0xFD95, 0xFF6F, 0x0127, 0x019A, 0x0082,
    0xFFDD, 0x0287, 0x02E1, 0x0473, 0x069C, 0x06B9, 0x0566, 0x022D,
    0x00D8, 0x0025, 0xFFE8, 0x0117, 0x0114, 0x01BA, 0x0179, 0x00D5,
    0x0058, 0x007D, 0x00E7, 0xFDF0, 0xFCA6, 0xFC60, 0xFB53, 0xFA7B,
    0xFA88, 0xFCD1, 0xFE0D, 0xFFF5, 0x0170, 0x015F, 0x01C0, 0x0066,
    0x0061, 0x01A1, 0x02EF, 0x03C7, 0x0286, 0x0278, 0x0084, 0xFF44,
    0x0015, 0x0116, 0x0160, 0xFF8E, 0xFF00, 0xFD25, 0xF9B4, 0xF8B9,
    0xF888, 0xFA0B, 0xFBC2, 0xFF3D, 0x02E2, 0x03D1, 0x0484, 0x01CC,
    0x0099, 0x016F, 0x010E, 0x002C, 0xFF35, 0x000F, 0xFEBC, 0xFE7A,
    0x01BB, 0x037E, 0x0329, 0x00AD, 0xFF93, 0xFE89, 0xFC86, 0xFCC3,
    0xFBD4, 0xFC05, 0xFCAE, 0xFDE8, 0xFF43, 0xFF37, 0xFF2A, 0xFC0A,
    0xFBEE, 0xFE22, 0xFF38, 0x0060, 0x011D, 0x026F, 0x01AE, 0x01FE,
    0x02EA, 0x018D, 0x00F5, 0x0089, 0x017F, 0x01C7, 0x0197, 0x0118,
    0xFDCF, 0xFC88, 0xFB2F, 0xFA5E, 0xFAC5, 0xFB8C, 0xFD41, 0xFCA7,
    0xFE85, 0x009D, 0x003C, 0x00AC, 0x00F2, 0x00DF, 0xFF6F, 0x01A3,
    0x05B2, 0x0668, 0x06F1, 0x0661, 0x05EF, 0x038F, 0x011D, 0x006A,
    0xFEF3, 0xFFFC, 0x0104, 0x0327, 0x04CD, 0x03CD, 0x01C9, 0xFD09,
    0xFBC2, 0xFBB5, 0xFAC3, 0xFC1C, 0xFCFB, 0xFE2A, 0xFDBE, 0xFE98,
    0x0056, 0x0046, 0x00C7, 0xFF60, 0xFF65, 0xFFBC, 0xFF23, 0xFFBC,
    0x0000, 0x019B, 0x02A0, 0x03A1, 0x03BC, 0x0184, 0xFF9E, 0xFD94,
    0xFD8D, 0xFD67, 0xFDB1, 0xFEA2, 0xFD6A, 0xFC68, 0xFB52, 0xFBAD,
    0xFC25, 0xFDCF, 0x0142, 0x0255, 0x0446, 0x04F3, 0x034A, 0x0130,
    0xFE00, 0xFD4E, 0xFCD3, 0xFED2, 0x0259, 0x0388, 0x04D7, 0x0335,
    0x01C7, 0xFFFB, 0xFD90, 0xFD73, 0xFC04, 0xFC5A, 0xFDF5, 0xFFC5,
    0x0171, 0x021A, 0x0237, 0x0008, 0xFED8, 0xFD15, 0xFA4A, 0xFAA1,
    0xFB90, 0xFDCF, 0x0098, 0x030B, 0x03C1, 0x02B4, 0x01BF, 0xFE31,
    0xFD48, 0xFE69, 0xFF98, 0x00E5, 0x00AF, 0x01A0, 0x0029, 0xFDBC,
    0xFCC5, 0xFC8A, 0xFCAF, 0xFB5B, 0xFC60, 0xFE2B, 0xFECC, 0x002E,
    0x003A, 0x00F8, 0x018F, 0x025E, 0x0274, 0x01F7, 0x035A, 0x023F,
    0x0261, 0x039E, 0x0343, 0x0278, 0x003F, 0xFFF0, 0xFEC7, 0xFE9C,
    0x017C, 0x0314, 0x054F, 0x04FE, 0x0480, 0x02E1, 0xFF61, 0xFD44,
    0xFA5E, 0xFACD, 0xFC87, 0xFDE4, 0x004B, 0x0203, 0x0208, 0xFF73,
    0xFE13, 0xFCDC, 0xFAA7, 0xFB49, 0xFCEF, 0xFFEE, 0x01E7, 0x0334,
    0x0551, 0x0506, 0x03DD, 0x0105, 0xFF00, 0xFD54, 0xFB89, 0xFBBC,
    0xFC23, 0xFF06, 0xFFF2, 0xFF76, 0x00A0, 0xFFF9, 0xFE2F, 0xFB8E,
    0xFD2C, 0xFFE0, 0x0115, 0x02AA, 0x021D, 0x01E3, 0xFFF0, 0xFDB4,
    0xFD59, 0xFD7C, 0xFFC9, 0x00E0, 0x0235, 0x03A8, 0x02C3, 0x01BA,
    0x0021, 0x00B6, 0x009B, 0x001B, 0x0175, 0x0136, 0x00DB, 0x0018,
    0xFFDC, 0xFDDC, 0xFB1B, 0xFB0C, 0xFAC3, 0xFACA, 0xFB04, 0xFC2D,
    0xFEA9, 0x0075, 0x029B, 0x02F3, 0x0288, 0x00BF, 0xFD54, 0xFC9D,
    0xFD45, 0xFFC7, 0x00CD, 0x01D6, 0x03DB, 0x02F0, 0x0160, 0xFE62,
    0xFC62, 0xFAB7, 0xFA02, 0xFCB2, 0xFF0C, 0x01E9, 0x0255, 0x01D1,
    0x0215, 0x015B, 0x00E2, 0xFE50, 0xFDF5, 0xFE20, 0xFDE0, 0x0016,
    0x01DB, 0x03F4, 0x03E3, 0x0381, 0x0401, 0x0377, 0x0449, 0x03BA,
    0x0388, 0x0390, 0x0302, 0x0378, 0x00EF, 0xFF57, 0xFD0B, 0xFAE5,
    0xFB73, 0xFC65, 0xFFBF, 0x012D, 0x00DB, 0xFEED, 0xFC35, 0xFBBF,
    0xFAE7, 0xFC26, 0xFE2F, 0x00B5, 0x03FF, 0x045F, 0x048A, 0x0362,
    0x015E, 0xFF3C, 0xFD23, 0xFD44, 0xFD23, 0xFE0E, 0xFDEA, 0xFEFB,
    0x01C7, 0x027F, 0x032A, 0x011F, 0xFEDB, 0xFC18, 0xF9FE, 0xFAF9,
    0xFC41, 0xFFE4, 0x01EE, 0x022A, 0x01B8, 0x004D, 0xFFBA, 0xFD6C,
    0xFD26, 0xFF32, 0x0138, 0x0378, 0x03C0, 0x0424, 0x0289, 0x0053,
    0xFFF2, 0xFF96, 0x00B1, 0xFFEB, 0xFE72, 0xFD33, 0xFC5A, 0xFCD3,
    0xFC1B, 0xFD2D, 0xFD81, 0xFC1F, 0xFC60, 0xFD52, 0xFF25, 0x0013,
    0x014A, 0x0219, 0x01A1, 0x0126, 0xFF07, 0xFE3E, 0xFDBC, 0xFE38,
    0x0033, 0x01D3, 0x041A, 0x0317, 0x008D, 0xFE18, 0xFBA7, 0xFAF0,
    0xFBA0, 0xFE64, 0xFFDE, 0x00A3, 0x0232, 0x0254, 0x020C, 0x0013,
    0xFEC2, 0xFD36, 0xFB87, 0xFD20, 0x0007, 0x038E, 0x0489, 0x0521,
    0x05F2, 0x058E, 0x05D3, 0x035C, 0x018D, 0x0133, 0x0047, 0x011E,
    0x0253, 0x0408, 0x02C1, 0x0024, 0xFEF2, 0xFDA4, 0xFD4D, 0xFBFB,
    0xFBC9, 0xFC76, 0xFD5D, 0xFF32, 0xFFAC, 0x001F, 0xFEDC, 0xFD49,
    0xFDE2, 0xFFA3, 0x01FC, 0x01E5, 0x01B9, 0x0179, 0xFFE0, 0xFF7B,
    0xFDF8, 0xFDE0, 0xFDAB, 0xFDEB, 0x006C, 0x01AD, 0x02D4, 0x0163,
    0xFF9E, 0xFECE, 0xFD6D, 0xFD18, 0xFC5C, 0xFD63, 0xFDC8, 0xFE11,
    0x006F, 0x01FB, 0x0308, 0x01E5, 0x0059, 0xFDAA, 0xFABB, 0xFC2F,
    0xFE2A, 0x0112, 0x0373, 0x0490, 0x053D, 0x0374, 0x0212, 0xFF1B,
    0xFC95, 0xFC58, 0xFC63, 0xFE55, 0x0002, 0x0156, 0xFFEE, 0xFE00,
    0xFE98, 0xFEA6, 0xFED4, 0xFE7C, 0xFECE, 0xFEC6, 0xFE4F, 0xFFF0,
    0x0025, 0x009E, 0x0054, 0xFE81, 0xFEB4, 0xFE9F, 0xFF97, 0xFF05,
    0xFE84, 0xFFCB, 0xFEAF, 0xFE97, 0xFDDA, 0xFD83, 0xFCF2, 0xFD26,
    0x003E, 0x01FE, 0x03C7, 0x03C0, 0x0238, 0x0028, 0xFE2F, 0xFDFE,
    0xFCCB, 0xFE10, 0x001F, 0x0136, 0x0392, 0x0561, 0x06EE, 0x0553,
    0x033B, 0x013D, 0xFE70, 0xFE99, 0x0009, 0x0269, 0x035D, 0x0456,
    0x05A0, 0x033B, 0x0111, 0xFE74, 0xFBD1, 0xFA2A, 0xF9F0, 0xFCED,
    0xFE89, 0x0042, 0x00AF, 0x0030, 0x0132, 0x0053, 0xFFCC, 0xFEB7,
    0xFDE8, 0xFE3F, 0xFDF3, 0xFF73, 0x003E, 0x004A, 0xFEC9, 0xFC9D,
    0xFCFA, 0xFDA7, 0xFF95, 0x0067, 0x0123, 0x01A5, 0x0034, 0xFF3F,
    0xFDDC, 0xFE0B, 0xFD4E, 0xFD1D, 0xFF65, 0x0064, 0x0127, 0x0027,
    0xFE73, 0xFD00, 0xFC4E, 0xFDB2, 0xFDF5, 0xFF0B, 0x004C, 0x011D,
    0x02F3, 0x0445, 0x05B7, 0x046E, 0x02D1, 0x010C, 0xFE12, 0xFD95,
    0xFD60, 0xFE85, 0xFF37, 0x00D1, 0x02F4, 0x018B, 0x0094, 0xFEF7,
    0xFCAF, 0xFBE2, 0xFC0D, 0xFE54, 0xFF2D, 0x002F, 0x00FE, 0x002E,
    0x0024, 0xFE9F, 0xFD91, 0xFC28, 0xFBE7, 0xFC85, 0xFC4E, 0xFEAB,
    0x0020, 0x0076, 0xFFF6, 0x0015, 0x00BA, 0x004A, 0x017A, 0x0128,
    0xFFEC, 0x0042, 0xFF8F, 0xFF5F, 0xFE9D, 0xFEEF, 0xFED3, 0xFE25,
    0x0084, 0x024B, 0x03FB, 0x0412, 0x03AC, 0x02FA, 0x0161, 0x0156,
    0x00D9, 0x00F3, 0x0280, 0x0491, 0x063A, 0x0532, 0x041E, 0x00F3,
    0xFD2E, 0xFBDD, 0xFB51, 0xFD3A, 0xFE96, 0xFFF7, 0x0077, 0x002E,
    0x00D0, 0x0018, 0x0003, 0xFFA4, 0xFEE2, 0xFE83, 0xFD4D, 0xFE03,
    0xFD9E, 0xFDE9, 0xFF29, 0xFFCB, 0x00FA, 0xFFE2, 0xFFA2, 0xFF1B,
    0xFEA9, 0xFF0B, 0xFE35, 0xFF0D, 0xFEFB, 0xFE17, 0xFDF9, 0xFD90,
    0xFEA1, 0xFE62, 0xFF4F, 0xFFD4, 0xFDD0, 0xFC98, 0xFB46, 0xFC2A,
    0xFD2B, 0xFF5B, 0x0185, 0x022B, 0x03C6, 0x03A5, 0x03F5, 0x034E,
    0x026E, 0x0223, 0x00B3, 0x00BA, 0xFF32, 0xFE61, 0xFF2E, 0xFFE8,
    0x012A, 0x00A0, 0x0166, 0x004C, 0xFD7F, 0xFD2F, 0xFCE4, 0xFE1B,
    0xFE81, 0xFF5B, 0x0026, 0xFF78, 0xFFC6, 0xFE5B, 0xFE5F, 0xFE01,
    0xFD2D, 0xFDA4, 0xFD5B, 0xFEF4, 0xFF28, 0xFF8D, 0x009B, 0x006D,
    0x0142, 0x008F, 0x00C8, 0x0054, 0xFEF4, 0xFFB0, 0xFF73, 0xFF86,
    0xFE21, 0xFD6F, 0xFD51, 0xFD50, 0xFFF0, 0x0194, 0x03F4, 0x04A9,
    0x0356, 0x0235, 0x00C5, 0x016E, 0x0126, 0x026A, 0x043D, 0x03E6,
    0x03DE, 0x0269, 0x0250, 0x0069, 0xFE9A, 0xFEE3, 0xFEB5, 0xFF3B,
    0xFF15, 0xFFBA, 0x0051, 0x0028, 0x0178, 0x00C0, 0x00AB, 0xFF30,
    0xFD39, 0xFD6F, 0xFD42, 0xFF70, 0xFF53, 0xFFEC, 0xFFA0, 0xFF4C,
    0xFD32, 0xFC0A, 0xFF3A, 0xFECE, 0xFF46, 0x0298, 0x01B4, 0xFF13,
    0xFDBD, 0xFDC3, 0xFE50, 0xFD89, 0xFE49, 0xFDBF, 0xFE30, 0xFD6E,
    0xFC97, 0xFD2D, 0xFE90, 0x0058, 0x005E, 0x003C, 0x0018, 0xFFF0,
    0x012C, 0x021C, 0x03F6, 0x045F, 0x02E7, 0x02CA, 0x009A, 0xFEF4,
    0xFDAA, 0xFE91, 0x003B, 0x0077, 0x0130, 0xFFD5, 0xFF48, 0xFE06,
    0xFC9B, 0xFD3B, 0xFD1E, 0xFF44, 0xFF94, 0xFFA9, 0x0019, 0xFF48,
    0x00D4, 0x0110, 0x00AC, 0xFF01, 0xFD6A, 0xFDBB, 0xFD9E, 0xFE73,
    0xFEFE, 0x0145, 0x02F7, 0x0167, 0x0173, 0x0179, 0x01F7, 0x01E2,
    0x002F, 0x0035, 0x0007, 0xFF5E, 0xFDFE, 0xFCE3, 0xFB11, 0xF964,
    0xFAB8, 0xFBF5, 0xFF61, 0x001B, 0x0117, 0x043E, 0x02E3, 0x021F,
    0x01D0, 0x023C, 0x0395, 0x0402, 0x0477, 0x0427, 0x04E9, 0x0454,
    0x032D, 0x0238, 0xFF23, 0xFEB7, 0xFE99, 0xFE49, 0xFFA3, 0xFFAB,
    0xFFE6, 0xFECB, 0xFE0E, 0xFDFB, 0xFEDE, 0x0125, 0x0193, 0x0328,
    0x02DD, 0x0280, 0x0229, 0xFF3C, 0xFE68, 0xFCAB, 0xFB95, 0xFAC3,
    0xF97B, 0xFA53, 0xFC1B, 0xFFD3, 0x027D, 0x03BA, 0x02B9, 0x005D,
    0x0001, 0xFF24, 0xFFA5, 0xFF66, 0xFDCE, 0xFDDA, 0xFC3F, 0xFBC9,
    0xFB30, 0xFA3E, 0xFAB2, 0xFB3F, 0xFD80, 0xFFC1, 0x0236, 0x01CB,
    0x0100, 0x0257, 0x02BD, 0x0521, 0x059E, 0x0373, 0x018F, 0xFFBF,
    0x002D, 0x012C, 0x02A0, 0x016F, 0xFE68, 0xFBFF, 0xFA11, 0xFBFA,
    0xFCE8, 0xFDF2, 0x0038, 0x0003, 0x00AF, 0x0167, 0x017F, 0x0182,
    0x00FF, 0x0145, 0x019B, 0x0397, 0x02D3, 0x000E, 0xFE18, 0xFC93,
    0xFD0B, 0xFC9B, 0xFDB7, 0xFEBD, 0xFEBF, 0x0068, 0x01E4, 0x036D,
    0x03BD, 0x0342, 0x028F, 0x00D9, 0x0095, 0xFF67, 0xFE99, 0xFD3B,
    0xFAED, 0xFB1C, 0xFAB7, 0xFC8F, 0xFD33, 0xFC81, 0xFE6B, 0x0076,
    0x01F0, 0x02B6, 0x0434, 0x03CF, 0x03B4, 0x05A5, 0x059E, 0x0561,
    0x02B0, 0x0097, 0x010D, 0xFFAE, 0x0053, 0x011D, 0x00C8, 0xFF2F,
    0xFDD5, 0xFE59, 0xFF21, 0x0095, 0xFDC3, 0xFBD0, 0xFC57, 0xFC7E,
    0xFF1C, 0x0144, 0x03C2, 0x045C, 0x0230, 0x01BF, 0x007C, 0xFF32,
    0xFD06, 0xFBD4, 0xFC66, 0xFC8A, 0xFDC2, 0xFD7D, 0xFE29, 0xFE2F,
    0xFD66, 0xFFC8, 0x028F, 0x048D, 0x03CD, 0x01E0, 0x0046, 0xFCCB,
    0xFA8C, 0xFA15, 0xFB35, 0xFAA9, 0xFA80, 0xFC5D, 0xFCAD, 0xFEFE,
    0xFF91, 0xFF8E, 0xFF92, 0xFDBC, 0xFE7E, 0x0069, 0x02DD, 0x038A,
    0x0316, 0x03FB, 0x04EB, 0x05D4, 0x03C6, 0x01D5, 0x00BD, 0xFD16,
    0xFC99, 0xFDEB, 0xFED3, 0xFEEC, 0xFE40, 0xFDC2, 0xFD46, 0xFDD5,
    0xFE3C, 0xFFAB, 0x00DF, 0x0128, 0x030E, 0x0381, 0x02E6, 0x00F9,
    0xFD67, 0xFDA9, 0xFDCB, 0xFDCF, 0xFCE9, 0xFCDC, 0xFE8B, 0xFFAC,
    0x035C, 0x0628, 0x0892, 0x0977, 0x0A14, 0x0B8B, 0x0B0C, 0x0B05,
    0x08DD, 0x04DC, 0x02E6, 0xFF82, 0xFD0D, 0xFB95, 0xFA17, 0xF8C5,
    0xF9AA, 0xFD71, 0xFFC6, 0x01BB, 0x002D, 0xFDF1, 0xFD0E, 0xFB35,
    0xFC66, 0xFD58, 0xFD39, 0xFDC7, 0xFDB0, 0xFE61, 0xFE42, 0xFD89,
    0xFA75, 0xF78C, 0xF605, 0xF53D, 0xF919, 0xFBD6, 0xFCD3, 0xFC36,
    0xFA96, 0xFC73, 0xFE9D, 0x0086, 0x00F7, 0x00C3, 0x00BD, 0xFF2D,
    0xFED5, 0xFD7D, 0xFD0C, 0xFC1D, 0xFA44, 0xFB32, 0xFAD7, 0xFB42,
    0xFBBB, 0xFC9A, 0xFEBC, 0x00E2, 0x0472, 0x05F9, 0x053D, 0x0315,
    0x0205, 0x0376, 0x0408, 0x04EC, 0x01E1, 0xFD9F, 0xFC9C, 0xF9F9,
    0xFA15, 0xFD0E, 0x0069, 0x0286, 0x0335, 0x03DA, 0x0339, 0x02D8,
    0x0226, 0x036D, 0x0536, 0x04BA, 0x063F, 0x05BB, 0x039B, 0x02E5,
    0x0241, 0x039E, 0x03A9, 0x0179, 0xFDD0, 0xFBAC, 0xFAA2, 0xF9BB,
    0xFBC8, 0xFC8B, 0xFDB5, 0xFDED, 0xFD09, 0xFEFD, 0xFEFA, 0xFE71,
    0xFDB9, 0xFC7C, 0xFC45, 0xFAA9, 0xFAF7, 0xFB71, 0xFBE8, 0xFCA6,
    0xFF48, 0x0448, 0x073F, 0x0A31, 0x0BD3, 0x0D21, 0x0F41, 0x0F8B,
    0x0FDF, 0x0FE4, 0x0E84, 0x0B9B, 0x084D, 0x061C, 0x039F, 0x00D1,
    0xFC21, 0xF93B, 0xF851, 0xF6C7, 0xF92B, 0xFC61, 0xFD52, 0xFD50,
    0xFD0F, 0xFEC5, 0xFFCC, 0x00B0, 0x003D, 0x000F, 0x0047, 0xFE03,
    0xFF06, 0xFF8D, 0x000F, 0x0088, 0xFE97, 0xFF43, 0xFF39, 0xFE3C,
    0xFD7F, 0xFC75, 0xFBEE, 0xFBA8, 0xFE36, 0xFF3B, 0xFDF7, 0xFCFD,
    0xFC8E, 0xFEFB, 0xFEA0, 0xFD96, 0xFCFE, 0xFAFD, 0xF9B3, 0xF675,
    0xF595, 0xF6CA, 0xF8F1, 0xFC2A, 0xFEF7, 0x0267, 0x029B, 0x02C5,
    0x0214, 0x00C4, 0x018F, 0x01BB, 0x04B8, 0x04FF, 0x00D2, 0xFBE2,
    0xF7AD, 0xF63D, 0xF5E1, 0xF7E9, 0xF99E, 0xFB48, 0xFD04, 0xFC86,
    0xFD97, 0xFE0C, 0x000F, 0x02FB, 0x0374, 0x04C0, 0x0436, 0x03CC,
    0x0167, 0xFF44, 0xFF2E, 0x00A3, 0x0496, 0x035C, 0xFEE6, 0xFAD0,
    0xF7CF, 0xF9CA, 0xFDAD, 0x0063, 0x0057, 0xFD9E, 0xFC19, 0xFA1D,
    0xFA03, 0xFB24, 0xFDC8, 0xFFE3, 0x00D0, 0x01A1, 0xFE35, 0xFB16,
    0xF8E0, 0xF964, 0xFE12, 0x03DE, 0x0A1B, 0x0CD3, 0x0CE1, 0x0C6F,
    0x0CE2, 0x0FB1, 0x11EE, 0x12AA, 0x111D, 0x0DF5, 0x08DE, 0x01B6,
    0xFDC2, 0xFC27, 0xFBE2, 0xFD56, 0xFC9D, 0xFB9B, 0xF8E4, 0xF623,
    0xF642, 0xF7EF, 0xFB05, 0xFDAB, 0x0210, 0x0208, 0xFF79, 0xFC6D,
    0xFAB6, 0xFD52, 0xFFAA, 0x03E8, 0x055C, 0x0316, 0xFEA3, 0xF9A0,
    0xF8C1, 0xF9C0, 0xFC69, 0x0181, 0x046F, 0x043B, 0xFFB6, 0xFB0D,
    0xF92F, 0xF7D4, 0xFD20, 0x044D, 0x0820, 0x06E5, 0x0065, 0xFA23,
    0xF837, 0xFB4D, 0xFDA3, 0x01B2, 0x048C, 0x02DE, 0xFEBF, 0xFA24,
    0xFB4B, 0xFDF8, 0x0502, 0x0E3E, 0x0F65, 0x0B34, 0x0229, 0xFB18,
    0xF8DE, 0xF91C, 0xFDDF, 0x015B, 0x02B2, 0xFE31, 0xF3B4, 0xEDEB,
    0xEE45, 0xF4BF, 0xFEC3, 0x084A, 0x0B20, 0x0683, 0xFD6F, 0xF6A9,
    0xF7B4, 0xFBE1, 0x0562, 0x0BEF, 0x0B45, 0x05C8, 0xFA9F, 0xF441,
    0xF2C0, 0xF30D, 0xFAA0, 0x0133, 0x0393, 0x0071, 0xF6C4, 0xF2B8,
    0xF465, 0xFB8C, 0x04D5, 0x0ADD, 0x0ADC, 0x0344, 0xFA4C, 0xF5E7,
    0xF72A, 0xFC73, 0x062F, 0x0BC2, 0x0B31, 0x0680, 0xFCA2, 0xFB70,
    0x0131, 0x0AE6, 0x18E1, 0x1F5A, 0x1F27, 0x14E1, 0x0780, 0x0284,
    0x01BB, 0x07B9, 0x0F33, 0x0FD1, 0x0A3D, 0xFD97, 0xF173, 0xEBA4,
    0xEDD7, 0xF597, 0x0019, 0x06D7, 0x0594, 0xFD9B, 0xF45B, 0xF22B,
    0xF36A, 0xFA91, 0x05D6, 0x08CC, 0x05C8, 0xFB12, 0xEED7, 0xEE41,
    0xF14A, 0xFB21, 0x04E4, 0x08B1, 0x04DD, 0xF6F3, 0xEF50, 0xEFCC,
    0xF463, 0x0017, 0x0B90, 0x0DF4, 0x0931, 0xFDEB, 0xF45B, 0xF3A4,
    0xF6EF, 0xFE1F, 0x07CC, 0x0AA5, 0x0673, 0xF9CB, 0xF0FC, 0xF28B,
    0xF5FC, 0x01F8, 0x0D39, 0x116B, 0x0DFF, 0x0282, 0xFC48, 0xFA88,
    0xFE67, 0x08F9, 0x110E, 0x1245, 0x0A2D, 0xFBAD, 0xF23B, 0xF0F3,
    0xF46D, 0x0079, 0x0A25, 0x0A89, 0x03F5, 0xF709, 0xF1A4, 0xF4B6,
    0xF971, 0x0688, 0x0E6B, 0x0D9E, 0x05FF, 0xF7EC, 0xF295, 0xF033,
    0xF48B, 0xFFBC, 0x065F, 0x06DE, 0xFF12, 0xF2AB, 0xEC0F, 0xED4E,
    0xF397, 0xFEEC, 0x09A0, 0x0A0D, 0x0190, 0xF536, 0xEF98, 0xF301,
    0xFA0C, 0x07CB, 0x0DC6, 0x0C64, 0x0283, 0xF4AA, 0xF1AA, 0xF399,
    0xFE21, 0x0D3C, 0x1696, 0x1A46, 0x11FD, 0x0804, 0x050F, 0x04E0,
    0x0C53, 0x14D0, 0x1965, 0x165E, 0x0B47, 0xFC9E, 0xF634, 0xF6D8,
    0xFAB1, 0x0448, 0x0752, 0x046B, 0xFA85, 0xEFE9, 0xEE3F, 0xEEE9,
    0xF9C0, 0x08D4, 0x0D1D, 0x0B72, 0xFF4C, 0xF3F9, 0xF13A, 0xF3C5,
    0xFCFE, 0x06FB, 0x0C70, 0x070A, 0xFAFC, 0xF100, 0xEDD6, 0xF14A,
    0xFC55, 0x09EE, 0x0E2B, 0x0B66, 0x00FA, 0xF51C, 0xF0EB, 0xF16B,
    0xFC17, 0x084F, 0x0E0A, 0x0BE1, 0xFEC3, 0xF5D4, 0xF1E1, 0xF335,
    0xFE9B, 0x07EA, 0x0BCC, 0x07EB, 0xFF07, 0xF80A, 0xF6D7, 0xFE8F,
    0x0C75, 0x1680, 0x165E, 0x109F, 0x0285, 0xF732, 0xF4A5, 0xF7C0,
    0x037C, 0x0BD6, 0x0B2D, 0x04D3, 0xF742, 0xEE5C, 0xEBFF, 0xF127,
    0xFFA1, 0x0894, 0x0B75, 0x0821, 0xFD60, 0xF3D6, 0xF21F, 0xF797,
    0x0214, 0x09A1, 0x08AA, 0x0118, 0xF564, 0xEBFE, 0xEBFF, 0xF178,
    0xFCAB, 0x04E7, 0x048D, 0xFFF8, 0xF4E8, 0xEF09, 0xF0C8, 0xF984,
    0x03EF, 0x0982, 0x0A96, 0x02FE, 0xF599, 0xEEE9, 0xF12D, 0xFB98,
    0x08BB, 0x115E, 0x1393, 0x0BC9, 0x0020, 0xFA6D, 0xFD13, 0x0691,
    0x151A, 0x1DA2, 0x1FF4, 0x1829, 0x0915, 0x004A, 0xFC1B, 0xFFE0,
    0x0896, 0x0B81, 0x093C, 0xFF87, 0xF31B, 0xEEB3, 0xEF40, 0xF745,
    0x0176, 0x058E, 0x0445, 0xFD5F, 0xF2E6, 0xEFCF, 0xF362, 0xFAF5,
    0x0745, 0x0C50, 0x0B37, 0x011C, 0xF25B, 0xED88, 0xF04A, 0xF978,
    0x058B, 0x0A15, 0x08D1, 0xFEEB, 0xF2C5, 0xF056, 0xF41A, 0xFCF3,
    0x07B2, 0x0DD0, 0x0B4E, 0x0295, 0xF794, 0xF139, 0xF29E, 0xFC0C,
    0x06BA, 0x0AFF, 0x0ACD, 0x02A9, 0xF69C, 0xF32D, 0xF867, 0x02F2,
    0x0CAE, 0x111F, 0x10AC, 0x05A4, 0xFCD8, 0xFC38, 0x0057, 0x0CCB,
    0x1498, 0x14CC, 0x0E27, 0xFE67, 0xEF74, 0xE900, 0xECD6, 0xF9A3,
    0x06BD, 0x0CCB, 0x0AB2, 0xFF31, 0xF465, 0xF196, 0xF37F, 0xFE9C,
    0x0A7B, 0x0BB5, 0x08B2, 0xFE4B, 0xF383, 0xEFD4, 0xF0AC, 0xF976,
    0xFFE6, 0x0107, 0xFE21, 0xF33E, 0xE9D0, 0xE8B2, 0xF11B, 0xFF5B,
    0x092E, 0x0A1D, 0x029E, 0xF7A4, 0xEE5E, 0xEF29, 0xF76F, 0x0415,
    0x0D8A, 0x0D12, 0x073B, 0xFB4F, 0xF497, 0xF671, 0xFFD4, 0x1061,
    0x1B73, 0x1D48, 0x17A2, 0x0BEC, 0x021F, 0xFBD9, 0x02C8, 0x0FA5,
    0x14B1, 0x148C, 0x0CFF, 0x0169, 0xF675, 0xF1B9, 0xF4B1, 0xFE1A,
    0x0250, 0xFF93, 0xFA97, 0xF13A, 0xECF5, 0xF0FF, 0xFC3F, 0x0A87,
    0x0BD7, 0x09A8, 0x047C, 0xF64A, 0xF086, 0xF1A1, 0xFBBC, 0x0824,
    0x0D17, 0x0B7B, 0x01B9, 0xF4E5, 0xEE12, 0xEEF3, 0xF6A3, 0x03F1,
    0x0AC0, 0x0B04, 0x074A, 0xF8E9, 0xEF9F, 0xF36C, 0xFA23, 0x036E,
    0x082C, 0x0B00, 0x0586, 0xF8BA, 0xF446, 0xF593, 0xFEA8, 0x08E7,
    0x0C97, 0x0B51, 0x048E, 0xFBE2, 0xF8CA, 0xFF07, 0x0884, 0x0F87,
    0x136C, 0x1149, 0x0761, 0xF9F5, 0xF500, 0xF8EF, 0x00D0, 0x09DB,
    0x0B2D, 0x07FC, 0xFC5D, 0xEF5D, 0xEA6F, 0xEBBC, 0xF7FF, 0x05A2,
    0x0EDC, 0x0FE5, 0x04E9, 0xFA62, 0xF541, 0xF347, 0xF869, 0x010E,
    0x04BD, 0x0102, 0xF764, 0xECE0, 0xEAE3, 0xEF6C, 0xF858, 0x016C,
    0x031B, 0x01C0, 0xF817, 0xF049, 0xF0CE, 0xF293, 0xFD2D, 0x08F7,
    0x0BF7, 0x077F, 0xFD10, 0xF5DB, 0xF389, 0xF7F2, 0x04E7, 0x114B,
    0x16D0, 0x14CD, 0x0A33, 0xFEA9, 0xFD84, 0x0218, 0x0C41, 0x1672,
    0x1729, 0x1217, 0x08B5, 0xFFF5, 0xF9B0, 0xF8A7, 0x0312, 0x0AA8,
    0x08F3, 0x03FA, 0xF86D, 0xF052, 0xEEE2, 0xF2B0, 0xFC3F, 0x03F8,
    0x062B, 0x00CC, 0xF856, 0xF2F9, 0xF320, 0xFA02, 0x070A, 0x0DD3,
    0x0B7C, 0x05B8, 0xF939, 0xEEF1, 0xED46, 0xF26D, 0x0054, 0x0B9E,
    0x0D3D, 0x0728, 0xF9AD, 0xF215, 0xF168, 0xF6A8, 0x018E, 0x085F,
    0x09EA, 0x064B, 0xFD75, 0xF74B, 0xF83D, 0xFE0E, 0x07E5, 0x0C64,
    0x0B10, 0x0549, 0xFC87, 0xF6DE, 0xF6B9, 0xFCDC, 0x086B, 0x0E67,
    0x0E21, 0x09BC, 0xFE97, 0xF938, 0xFACB, 0x03DE, 0x0D8B, 0x11D9,
    0x10A0, 0x0701, 0xF999, 0xF04C, 0xEF8B, 0xF7E7, 0x032B, 0x0697,
    0x059C, 0x0072, 0xF7A3, 0xF199, 0xF255, 0xFA81, 0x04E7, 0x08FA,
    0x099F, 0x0293, 0xF664, 0xF141, 0xEEB6, 0xF45A, 0xFBE9, 0xFD43,
    0xFC13, 0xF6D8, 0xEFEE, 0xED11, 0xEFC2, 0xFA42, 0x058F, 0x08B7,
    0x06F7, 0xFE0B, 0xF2DC, 0xEFFD, 0xF3F8, 0xFD2E, 0x0B05, 0x1171,
    0x10AC, 0x081D, 0xFDD1, 0xFC41, 0xFE73, 0x06A8, 0x0FE2, 0x1528,
    0x1427, 0x0BA8, 0x025E, 0xFEBD, 0x0054, 0x07A5, 0x1003, 0x13B4,
    0x0E89, 0x02A8, 0xF9E6, 0xF5B9, 0xF615, 0xFB14, 0x0230, 0x039E,
    0xFF18, 0xF56D, 0xEE29, 0xED7B, 0xF1C9, 0xFD72, 0x086B, 0x0B45,
    0x0604, 0xFA26, 0xF3E4, 0xF448, 0xF7AD, 0x030E, 0x0B65, 0x0D2E,
    0x05BA, 0xF9FE, 0xF383, 0xF1D0, 0xF3D7, 0xFDBB, 0x0917, 0x0B78,
    0x07BA, 0xFFBA, 0xF9DB, 0xF763, 0xF911, 0x02EE, 0x0B85, 0x0B4E,
    0x0708, 0xFE9A, 0xFA28, 0xFA56, 0xFE96, 0x07A7, 0x0D19, 0x0B89,
    0x0351, 0xFA5D, 0xF482, 0xF5EE, 0xFF1C, 0x0D69, 0x171B, 0x15B2,
    0x0F2B, 0x066D, 0xFC9E, 0xF987, 0xFDFD, 0x0797, 0x0C66, 0x0900,
    0x00A2, 0xF497, 0xEC96, 0xE9A5, 0xF161, 0xFCA9, 0x0339, 0x065C,
    0x01E4, 0xFAF5, 0xF3FB, 0xF01C, 0xF74E, 0x0034, 0x03B5, 0x0134,
    0xFAE1, 0xF258, 0xEC7C, 0xEE20, 0xF54E, 0x000E, 0x0342, 0x00AA,
    0xF9C5, 0xEF7C, 0xEFAB, 0xF3CC, 0xFD47, 0x0A45, 0x0CC1, 0x0AC7,
    0x028F, 0xF8D5, 0xF437, 0xF6B5, 0x0197, 0x0D29, 0x133A, 0x10DE,
    0x09BB, 0xFFE0, 0xFA0D, 0xFCF1, 0x03AC, 0x0E8E, 0x1417, 0x12DC,
    0x0E3A, 0x03FD, 0x00E7, 0x040F, 0x0995, 0x0E77, 0x0D04, 0x071F,
    0xFAA3, 0xF059, 0xEDA4, 0xF037, 0xFA49, 0x01C0, 0x04C8, 0x012C,
    0xFA32, 0xF604, 0xF4DC, 0xFC74, 0x046A, 0x0BE2, 0x0F3A, 0x09FE,
    0xFF2F, 0xF5AC, 0xF297, 0xF4EA, 0xFDF2, 0x07E9, 0x088D, 0x052D,
    0xFBE8, 0xF1C9, 0xEEBE, 0xF23F, 0xFE14, 0x0533, 0x099F, 0x0734,
    0xFD9F, 0xF778, 0xF8DE, 0xFDA2, 0x0562, 0x0D2B, 0x0D7D, 0x07F1,
    0xFF23, 0xF7F0, 0xF8AC, 0xFE4C, 0x071D, 0x0FE9, 0x0F09, 0x0C68,
    0x0232, 0xFC0F, 0xFE46, 0x024D, 0x0C73, 0x13CE, 0x130D, 0x09D0,
    0xFD81, 0xF2E4, 0xED99, 0xF05E, 0xF864, 0xFE55, 0xFF14, 0xF974,
    0xF30C, 0xEE3B, 0xF08E, 0xF74F, 0x0186, 0x096B, 0x06FF, 0x002D,
    0xF62E, 0xF16D, 0xF1BC, 0xF6E0, 0xFF86, 0x0314, 0x018B, 0xFB30,
    0xF1CB, 0xEF23, 0xEEE6, 0xF3BC, 0xFEB8, 0x0546, 0x04B4, 0xFD7B,
    0xF6BC, 0xF2BE, 0xF3B6, 0xFC05, 0x0AE0, 0x1483, 0x137D, 0x0C88,
    0x0074, 0xF9B0, 0xF975, 0xFDD7, 0x0749, 0x0AC6, 0x0926, 0x04A6,
    0xFECF, 0xFD8E, 0xFF55, 0x07FE, 0x1243, 0x156D, 0x11E2, 0x0825,
    0xFEF9, 0xFA64, 0xFC30, 0x0274, 0x08AC, 0x0A17, 0x04CE, 0xFABC,
    0xEF9C, 0xECC4, 0xF213, 0xFD38, 0x0B1B, 0x1110, 0x0EEB, 0x06E0,
    0xFC44, 0xF71B, 0xF717, 0x0196, 0x0BD6, 0x0C51, 0x0722, 0xFC40,
    0xF197, 0xED8B, 0xF092, 0xF76B, 0xFEE1, 0x01CD, 0x0063, 0xF8F7,
    0xF26A, 0xF22D, 0xF771, 0x01D6, 0x0B73, 0x0C17, 0x095C, 0x02A5,
    0xFBDC, 0xFC85, 0x0046, 0x091D, 0x0ECC, 0x0F43, 0x08D8, 0xFD0F,
    0xF4BF, 0xF531, 0xFB38, 0x0630, 0x10A8, 0x142D, 0x10A0, 0x0671,
    0xFC04, 0xF8C7, 0xFD9B, 0x040D, 0x094D, 0x069D, 0xFFAE, 0xF4BD,
    0xED1B, 0xEA74, 0xED8B, 0xF788, 0xFE1F, 0x0231, 0xFF2F, 0xF788,
    0xF435, 0xF576, 0xFA8B, 0x00BF, 0x03F4, 0x0505, 0xFE8D, 0xF428,
    0xEEDD, 0xEECE, 0xF40A, 0xFEC8, 0x05C0, 0x0361, 0xFC77, 0xF160,
    0xED15, 0xEF39, 0xF606, 0x03F4, 0x0D5D, 0x10F9, 0x0AB4, 0xFFD8,
    0xFC78, 0xFD75, 0x02CC, 0x0C54, 0x1236, 0x1265, 0x0B82, 0xFFF0,
    0xF6E3, 0xF31F, 0xF815, 0x0095, 0x07E1, 0x07BE, 0x032A, 0xFC91,
    0xFB94, 0xFF32, 0x04A5, 0x0F44, 0x132B, 0x0FD1, 0x0493, 0xF81A,
    0xF239, 0xF227, 0xFAD1, 0x066A, 0x0B4D, 0x0A29, 0x00BA, 0xF9FF,
    0xF6D1, 0xF95A, 0x041B, 0x0D96, 0x13ED, 0x0ED5, 0x056D, 0xFDBA,
    0xF8C2, 0xF7C0, 0xFCE4, 0x036A, 0x05A1, 0x02DA, 0xF8E6, 0xEEAD,
    0xEB46, 0xEC48, 0xF651, 0x024B, 0x0614, 0x0721, 0xFF7A, 0xF91B,
    0xF6B0, 0xFA48, 0x070F, 0x11BD, 0x158C, 0x0F94, 0x0323, 0xF85F,
    0xF37B, 0xF533, 0xFEBB, 0x0990, 0x0D01, 0x0909, 0x0282, 0xF951,
    0xF84B, 0xFEC9, 0x0B2C, 0x164D, 0x16A5, 0x119E, 0x05C6, 0xFB96,
    0xF41D, 0xF43B, 0xFA2D, 0xFEAB, 0xFF87, 0xF8F7, 0xEFBE, 0xEA41,
    0xE908, 0xF135, 0xFCF6, 0x0433, 0x06FA, 0x0033, 0xF6F4, 0xEECC,
    0xED07, 0xF25D, 0xFE5F, 0x061D, 0x0656, 0x0082, 0xF383, 0xECEE,
    0xEAE5, 0xEFF3, 0xFB83, 0x0409, 0x08AD, 0x052C, 0xFB60, 0xF83E,
    0xF809, 0xFF51, 0x0C3A, 0x147D, 0x182B, 0x14B6, 0x0AAB, 0xFFED,
    0xFD5F, 0xFDA4, 0x0381, 0x080F, 0x0663, 0x0001, 0xF45D, 0xEFEB,
    0xF236, 0xF8D6, 0x0547, 0x0DC7, 0x0EA1, 0x086B, 0xFDCF, 0xF735,
    0xF804, 0x00C7, 0x090D, 0x0FB2, 0x0F8E, 0x06F2, 0xFB26, 0xF302,
    0xF3A7, 0xFA2B, 0x07B3, 0x13D3, 0x1785, 0x10AF, 0x041F, 0xFB25,
    0xF7FA, 0xFC54, 0x04CA, 0x0BB8, 0x0EE2, 0x0496, 0xF765, 0xF016,
    0xEDBE, 0xF419, 0xFB9C, 0x0288, 0x020D, 0xF9CE, 0xF102, 0xECA5,
    0xEF95, 0xF7A4, 0x0443, 0x0E61, 0x1120, 0x0936, 0xFCC2, 0xFADB,
    0xFE4A, 0x04ED, 0x100B, 0x163B, 0x1512, 0x085B, 0xF9D8, 0xF266,
    0xF093, 0xF72E, 0x00FD, 0x0AD3, 0x0CC8, 0x051D, 0xFB9A, 0xF674,
    0xF68A, 0xF9DE, 0x0506, 0x0F14, 0x0ED3, 0x0636, 0xF846, 0xF18D,
    0xF0CE, 0xF466, 0xFDD9, 0x0497, 0x06CD, 0x0001, 0xF819, 0xF42C,
    0xF36F, 0xF807, 0xFF9A, 0x07D0, 0x0783, 0xFEE6, 0xF6ED, 0xF031,
    0xEF05, 0xF280, 0xFAEE, 0x0440, 0x04F0, 0x0083, 0xF6A0, 0xEFA1,
    0xEE9A, 0xF285, 0xFC6B, 0x07D4, 0x0DE3, 0x0C82, 0x066D, 0xFE92,
    0xF9FB, 0xFE92, 0x0666, 0x0FCD, 0x150E, 0x134B, 0x0D49, 0xFF57,
    0xF771, 0xF615, 0xFA07, 0x0103, 0x064F, 0x085F, 0x02C0, 0xF9C0,
    0xF3BE, 0xF3FA, 0xF955, 0xFD5F, 0x03AD, 0x0941, 0x080B, 0x00F1,
    0xF96C, 0xF90D, 0xFC9D, 0x01EA, 0x0798, 0x0E06, 0x1063, 0x0ABD,
    0x03D3, 0xFE74, 0xFFA5, 0x0368, 0x04CB, 0x0B86, 0x0BA0, 0x057F,
    0xFD6A, 0xF56E, 0xF50A, 0xF62C, 0xF8F2, 0xFF13, 0x0299, 0x0233,
    0xFB17, 0xF24A, 0xF01B, 0xF359, 0xF63B, 0xFB4B, 0x0436, 0x0722,
    0x06D7, 0xFFA4, 0xFAF8, 0xFD14, 0x0100, 0x05BC, 0x0AA5, 0x0FEC,
    0x105C, 0x093A, 0x02F5, 0xFF9D, 0xFCCF, 0xFCBF, 0x01FE, 0x09A5,
    0x0B2A, 0x07D7, 0xFE23, 0xF6BC, 0xF3B1, 0xF282, 0xF5FF, 0xFDAE,
    0x0463, 0x02DB, 0xFBB4, 0xF4E0, 0xF137, 0xF4A5, 0xFA6D, 0x04FF,
    0x0D4D, 0x0F27, 0x0ADA, 0xFF8D, 0xF928, 0xF883, 0xFBAD, 0x0283,
    0x0A18, 0x0A45, 0x0429, 0xF84E, 0xEEFF, 0xED8F, 0xF352, 0xF955,
    0x0228, 0x0836, 0x070D, 0xFD03, 0xEF68, 0xECBB, 0xEE1E, 0xF4B9,
    0xFFE6, 0x0A8D, 0x0EE9, 0x0831, 0xFD9A, 0xF6AA, 0xF6ED, 0xFD8A,
    0x02F0, 0x0CBD, 0x10AE, 0x0C0E, 0x02B6, 0xFB27, 0xFBB9, 0xFD4E,
    0x021B, 0x0A67, 0x0FB3, 0x0D0A, 0x02D8, 0xF9A1, 0xF385, 0xF4D3,
    0xF83C, 0xFB99, 0x02D5, 0x007F, 0xFB34, 0xF2C9, 0xF087, 0xF6CF,
    0xFCB0, 0x06D8, 0x11C8, 0x15A4, 0x11BE, 0x0749, 0xFF10, 0xFDF6,
    0x0227, 0x075E, 0x0CF3, 0x10F8, 0x0A89, 0x01C6, 0xF514, 0xEFFE,
    0xF2B6, 0xF4A9, 0xFE0D, 0x04B1, 0x076A, 0x03CB, 0xFB5C, 0xF6D4,
    0xF5C7, 0xF8C8, 0xFB33, 0x02A0, 0x08BC, 0x08ED, 0x0581, 0xFE3A,
    0xFAC6, 0xFA96, 0xF955, 0xFD8E, 0x0585, 0x094B, 0x0686, 0x01ED,
    0xFEBC, 0xFF33, 0x033A, 0x0455, 0x09C4, 0x0B76, 0x0870, 0x0121,
    0xF860, 0xF85C, 0xF784, 0xF59C, 0xFAEA, 0xFE45, 0xFDDA, 0xF6F4,
    0xF1F1, 0xF0D8, 0xF439, 0xFC12, 0x0283, 0x0F64, 0x1497, 0x119B,
    0x07CF, 0xFEF5, 0xFD1D, 0xFB26, 0xFE2F, 0x0816, 0x0D53, 0x0A41,
    0x003D, 0xF569, 0xEDA8, 0xEC41, 0xF102, 0xFA7B, 0x0802, 0x0D4B,
    0x0909, 0xFFF8, 0xFA78, 0xF790, 0xF424, 0xF890, 0x027A, 0x0795,
    0x04EA, 0xFD9F, 0xF751, 0xF27A, 0xF3C7, 0xF848, 0x0128, 0x091A,
    0x081B, 0x033D, 0xF919, 0xF507, 0xF980, 0xFD24, 0x0971, 0x13E3,
    0x1303, 0x0AD3, 0xFE76, 0xF56B, 0xF255, 0xF700, 0xFE49, 0x0985,
    0x0CEE, 0x07AD, 0xFC2E, 0xEDFD, 0xEB76, 0xEEDE, 0xF550, 0x04E1,
    0x1139, 0x1400, 0x0CAD, 0x0124, 0xF91B, 0xF7AA, 0xFD55, 0x0471,
    0x0F43, 0x1240, 0x0A2E, 0xFF4B, 0xF781, 0xF7BD, 0xF8AD, 0xFD71,
    0x0958, 0x0E3E, 0x0B62, 0x00FD, 0xFA04, 0xF7C1, 0xFA51, 0x0171,
    0x06D9, 0x0C27, 0x07B7, 0xFD74, 0xF2BB, 0xEDBF, 0xF429, 0xF9BA,
    0x02FB, 0x0CDC, 0x09DF, 0x02CC, 0xF77C, 0xF13C, 0xF4A3, 0xFC3B,
    0x042B, 0x0E73, 0x12A3, 0x0CF4, 0x0227, 0xF62C, 0xF443, 0xF911,
    0xFC66, 0x03C6, 0x08FA, 0x0702, 0x027F, 0xF772, 0xF249, 0xF2FF,
    0xF5DB, 0xFA5F, 0x0293, 0x093A, 0x07E1, 0x03AC, 0xFEAC, 0xFFCA,
    0x0281, 0x014A, 0x0768, 0x0B83, 0x098A, 0x0404, 0xFEEB, 0xFF4F,
    0x0015, 0x00FC, 0x014F, 0x04FB, 0x0467, 0xFE70, 0xF964, 0xF5E2,
    0xF807, 0xFBB8, 0xFD1F, 0x03DF, 0x05B5, 0x016D, 0xFA44, 0xF25B,
    0xF10F, 0xF227, 0xF62C, 0xFE2F, 0x05E3, 0x084B, 0x02BC, 0xF970,
    0xF439, 0xF4D6, 0xF586, 0xFDFC, 0x0A7A, 0x0FCE, 0x10DA, 0x0668,
    0xFDB4, 0xF962, 0xF5C7, 0xF75A, 0xFE98, 0x0884, 0x0C0C, 0x056D,
    0xFBF1, 0xF693, 0xF565, 0xF2E4, 0xF8EE, 0x02E7, 0x05F6, 0x0485,
    0xFBE8, 0xF6AB, 0xF612, 0xF7D4, 0xFD21, 0x092A, 0x1190, 0x0F42,
    0x062A, 0xFE33, 0xFB68, 0xFE44, 0x013F, 0x0CD8, 0x1611, 0x121E,
    0x0879, 0xF950, 0xF325, 0xF324, 0xF82E, 0x0138, 0x0CEA, 0x1225,
    0x09E1, 0xFD9C, 0xF320, 0xF029, 0xF374, 0xF93C, 0x06E6, 0x0C9C,
    0x09A1, 0xFEFA, 0xF2B7, 0xF092, 0xF102, 0xF882, 0x024B, 0x0ACC,
    0x0E8D, 0x071D, 0xFCE0, 0xF84F, 0xF887, 0xFC22, 0x029A, 0x0CAB,
    0x100C, 0x09FA, 0xFED8, 0xF7AA, 0xFA16, 0xFCA8, 0x00D3, 0x0867,
    0x0BEB, 0x072B, 0xFA2A, 0xEFE3, 0xEEAE, 0xF642, 0xFBFF, 0x0549,
    0x0F03, 0x0CFE, 0x07DE, 0xFD17, 0xFA64, 0xFF2D, 0x02C0, 0x0A36,
    0x1192, 0x1159, 0x089E, 0xFBC5, 0xF3C7, 0xF1C4, 0xF507, 0xF69B,
    0xFD89, 0x052C, 0x02B9, 0xFCCC, 0xF4C5, 0xF402, 0xF77F, 0xF9C7,
    0xFCEE, 0x0173, 0x02C3, 0xFE60, 0xF6A8, 0xF362, 0xF37B, 0xF872,
    0xFB30, 0x0016, 0x0536, 0x02E4, 0xFCE5, 0xF7DD, 0xFA92, 0xFD29,
    0x0057, 0x04A7, 0x094E, 0x0C1D, 0x05B4, 0xFEDE, 0xFC5E, 0xFDF8,
    0x00BD, 0x0106, 0x06EE, 0x086B, 0x040C, 0xF985, 0xEF93, 0xEF18,
    0xEEEE, 0xF1AB, 0xFBEA, 0x0469, 0x0917, 0x0665, 0xFFE1, 0xFEB2,
    0x009C, 0x0177, 0x064D, 0x1001, 0x14EA, 0x1273, 0x073C, 0xFF5F,
    0xFD9E, 0xFAF5, 0xFB9E, 0x0295, 0x085E, 0x08FD, 0x0210, 0xFDE8,
    0xFA0B, 0xFAF4, 0xFC0A, 0x0092, 0x0BFD, 0x0BD3, 0x067A, 0xFBBA,
    0xF497, 0xF1D7, 0xF093, 0xF5D8, 0x00C4, 0x0779, 0x0450, 0xFB34,
    0xF43C, 0xF1BE, 0xF4F2, 0xFBB5, 0x07AA, 0x1362, 0x1414, 0x0BDE,
    0x01B3, 0xFD2F, 0xFCDD, 0xFE77, 0x07B7, 0x1144, 0x1271, 0x089D,
    0xFA44, 0xF1C6, 0xEE3E, 0xF115, 0xF7CF, 0x0402, 0x0B04, 0x09D6,
    0x0115, 0xF754, 0xF808, 0xF9C2, 0x0043, 0x0C12, 0x124B, 0x1342,
    0x0742, 0xFBBA, 0xF69E, 0xF587, 0xF9B2, 0xFE82, 0x0760, 0x077D,
    0xFFE3, 0xF536, 0xEE83, 0xF27E, 0xF984, 0xFE4D, 0x06FA, 0x0A95,
    0x05CC, 0xFADA, 0xF0B2, 0xEE39, 0xF225, 0xF61C, 0xFC31, 0x045A,
    0x0221, 0xFCA1, 0xF39B, 0xEF8B, 0xF536, 0xFA84, 0x01C0, 0x0B5B,
    0x0F3A, 0x0AFA, 0x0028, 0xFC97, 0xFC2B, 0x0041, 0x0380, 0x06DC,
    0x0CB6, 0x08C1, 0x00F8, 0xF668, 0xF29A, 0xF3C6, 0xF5D2, 0xFB99,
    0x015A, 0x0474, 0xFF7C, 0xF648, 0xF4E0, 0xF6C7, 0xFAFE, 0x0061,
    0x0763, 0x0E3A, 0x0EB9, 0x095C, 0x03ED, 0x039B, 0x0607, 0x075E,
    0x0ACB, 0x0F96, 0x1191, 0x0A60, 0xFEC8, 0xFA7F, 0xFA2E, 0xFBCC,
    0xFCFE, 0x0513, 0x09AB, 0x0553, 0xFD91, 0xF54B, 0xF606, 0xF6F8,
    0xF594, 0xFC56, 0x0217, 0x04B4, 0xFD43, 0xF441, 0xF544, 0xF84E,
    0xFBB3, 0x00AC, 0x0B2E, 0x0F2F, 0x0ACE, 0x0351, 0xFF1A, 0xFEBF,
    0xFF28, 0x0115, 0x082A, 0x0ED7, 0x0E77, 0x0518, 0xFCE1, 0xF967,
    0xF75A, 0xF705, 0xFB2A, 0x06F4, 0x0A4A, 0x0433, 0xFAB0, 0xF30F,
    0xF1FF, 0xF1A5, 0xF742, 0x017D, 0x098C, 0x0B6B, 0x027A, 0xFE45,
    0xFC3D, 0xFD33, 0x00AA, 0x07C5, 0x11EE, 0x0FA5, 0x0630, 0xFBB0,
    0xF4CC, 0xF40B, 0xF4CA, 0xFB87, 0x03D7, 0x06E6, 0x028C, 0xF600,
    0xEE65, 0xED98, 0xF0FB, 0xF7C5, 0x0245, 0x0868, 0x06F7, 0xFCD8,
    0xF2B8, 0xF0F4, 0xF339, 0xF927, 0x04ED, 0x0D7E, 0x0FA6, 0x07E6,
    0xFA77, 0xF3CA, 0xF370, 0xFA3F, 0xFF55, 0x09C8, 0x0F8F, 0x09B4,
    0x002E, 0xF5D9, 0xF5EE, 0xFBA5, 0xFF27, 0x0838, 0x0D5D, 0x0BAF,
    0x00F8, 0xF527, 0xF024, 0xEFBF, 0xF3B0, 0xF851, 0x026E, 0x061E,
    0x0106, 0xF878, 0xF6E9, 0xFCC0, 0x0476, 0x0C16, 0x14EC, 0x1AD9,
    0x1870, 0x0C30, 0x01F4, 0xFE84, 0xFFAB, 0x0300, 0x0611, 0x0BB9,
    0x09E6, 0x00A9, 0xF497, 0xF04E, 0xF43F, 0xF710, 0xFD1E, 0x052B,
    0x088C, 0x071E, 0xFC1F, 0xF786, 0xF780, 0xFAE1, 0xFED7, 0x032C,
    0x0BC8, 0x0ADD, 0x03B0, 0xF802, 0xF3EF, 0xF72E, 0xF7BC, 0xFD2A,
    0x06E2, 0x0BB3, 0x08E8, 0x00C5, 0xFC9B, 0xFED4, 0x024B, 0x037B,
    0x096E, 0x0EB0, 0x0C69, 0x0278, 0xF6AB, 0xF475, 0xF69B, 0xF5F4,
    0xF9FC, 0xFEEE, 0xFFF7, 0xFB15, 0xF273, 0xF29B, 0xF695, 0xFECB,
    0x042B, 0x0D81, 0x15D8, 0x120C, 0x0916, 0xFF66, 0xFD39, 0xFD0C,
    0xFAD5, 0x0086, 0x07D3, 0x0890, 0xFF41, 0xF413, 0xED97, 0xED16,
    0xF1A7, 0xF587, 0x00CA, 0x07FA, 0x06C9, 0xFEF6, 0xF922, 0xF8E1,
    0xF9EA, 0xFC7B, 0x0423, 0x0AA7, 0x09EB, 0x0011, 0xF5C2, 0xF2AE,
    0xF184, 0xF531, 0xFA11, 0x0457, 0x09AC, 0x05D7, 0xFCF4, 0xF847,
    0xFBE6, 0xFD79, 0x036D, 0x0C85, 0x1033, 0x0DCE, 0x008E, 0xF736,
    0xF405, 0xF3F4, 0xF829, 0xFE59, 0x0582, 0x040E, 0xFB66, 0xEF18,
    0xEC63, 0xF22F, 0xF894, 0x02C5, 0x1039, 0x17A9, 0x1470, 0x0AF0,
    0x03C2, 0x00D7, 0x04A1, 0x0702, 0x0C59, 0x118C, 0x0E0C, 0x06E3,
    0xFA00, 0xF555, 0xF6FC, 0xF72F, 0xFE62, 0x084D, 0x0C80, 0x09C3,
    0xFF38, 0xFABA, 0xFAAE, 0xFE58, 0xFFF9, 0x038A, 0x07EA, 0x0490,
    0xFC09, 0xF129, 0xF03D, 0xF2EC, 0xF51A, 0xFBC3, 0x040D, 0x08BD,
    0x045A, 0xFBE9, 0xF929, 0xFC4A, 0x015B, 0x0442, 0x0D76, 0x11EC,
    0x0E48, 0x0365, 0xF9AE, 0xF99F, 0xFA8E, 0xFB8D, 0x0124, 0x0845,
    0x0A33, 0x024A, 0xF695, 0xF06E, 0xEE35, 0xF191, 0xF6E0, 0x03D3,
    0x0BF0, 0x0ACA, 0x02BE, 0xF9E1, 0xF9BD, 0xF994, 0xFB3D, 0x0449,
    0x0C00, 0x0E73, 0x05BE, 0xFBC1, 0xF8E5, 0xF84C, 0xFA1A, 0xFE6F,
    0x08AD, 0x0CA1, 0x0981, 0xFD95, 0xF6B0, 0xF75B, 0xF89A, 0xFD43,
    0x04AE, 0x0A04, 0x06A3, 0xFA32, 0xF00A, 0xEC85, 0xEEBA, 0xF303,
    0xFBF7, 0x09DB, 0x0C9C, 0x064C, 0xF8C8, 0xF268, 0xF3B9, 0xF5CA,
    0xFEB8, 0x095B, 0x0EEE, 0x0C2D, 0xFE43, 0xF671, 0xF52F, 0xF9BF,
    0x0068, 0x0913, 0x12F7, 0x110D, 0x0707, 0xF7D3, 0xF1CC, 0xF0DA,
    0xF24D, 0xF9D7, 0x02D2, 0x0878, 0x04CE, 0xFA75, 0xF45A, 0xF5E9,
    0xFCAF, 0x0260, 0x0D80, 0x14A0, 0x1343, 0x0B2E, 0xFFFF, 0xFF47,
    0x02C6, 0x081B, 0x0E06, 0x126B, 0x1183, 0x0772, 0xF97A, 0xF377,
    0xF562, 0xFBE5, 0xFD90, 0x0430, 0x073D, 0x00AF, 0xF721, 0xED5E,
    0xEF85, 0xF48A, 0xF926, 0xFFF3, 0x060B, 0x0883, 0x023A, 0xF98A,
    0xF62D, 0xF82D, 0xFC07, 0xFD3A, 0x0515, 0x0927, 0x06E3, 0xFF2C,
    0xFA75, 0xFC78, 0xFEC2, 0x031D, 0x084C, 0x0E75, 0x105B, 0x0A82,
    0x0223, 0xFC4C, 0xFB47, 0xFA93, 0xF812, 0xFDAE, 0xFFE1, 0xFDAB,
    0xF5A2, 0xF100, 0xF36C, 0xF381, 0xF834, 0xFFF7, 0x08B1, 0x0E6F,
    0x0A14, 0x0526, 0x035C, 0x046C, 0x03BA, 0x056C, 0x0F35, 0x124E,
    0x0DE8, 0x00CA, 0xF869, 0xF43A, 0xF0B8, 0xF41C, 0xFD36, 0x0653,
    0x07E4, 0x009A, 0xF6AD, 0xF181, 0xF131, 0xF0AD, 0xF8F0, 0x05E1,
    0x0A3B, 0x0785, 0xFC00, 0xF520, 0xF153, 0xEFE5, 0xF539, 0xFF9A,
    0x0775, 0x055B, 0xFD1F, 0xF455, 0xF06A, 0xF4A2, 0xF998, 0x0699,
    0x14CF, 0x16EC, 0x11FC, 0x043D, 0xFC0E, 0xF856, 0xF8A0, 0xFEE5,
    0x081D, 0x0C01, 0x0416, 0xF78C, 0xEAE8, 0xE6B2, 0xEC8F, 0xF5C2,
    0x032F, 0x0E74, 0x110E, 0x0B95, 0x02C2, 0xFF8E, 0x0119, 0x0878,
    0x0FCD, 0x176D, 0x19BE, 0x106E, 0x02E3, 0xF677, 0xF29E, 0xF65E,
    0xFB37, 0x04B6, 0x0A66, 0x093A, 0x00C3, 0xF517, 0xF3BF, 0xF5FC,
    0xFCFD, 0x02F8, 0x0966, 0x0B6A, 0x0340, 0xF8F6, 0xF1AB, 0xF30A,
    0xF684, 0xFB9F, 0x01E9, 0x02A4, 0x0090, 0xF93B, 0xF307, 0xF59F,
    0xFACF, 0x01C1, 0x0895, 0x1043, 0x1134, 0x0CED, 0x05F8, 0x00D3,
    0x0107, 0x0063, 0x0336, 0x07E4, 0x0696, 0x0539, 0xFD7C, 0xF402,
    0xF1FE, 0xF1BF, 0xF4FC, 0xF958, 0x023F, 0x044A, 0x034B, 0x0061,
    0xFCEC, 0xFF0D, 0xFFAB, 0x0440, 0x0B2F, 0x0CD4, 0x0D0B, 0x0786,
    0xFDB5, 0xF818, 0xF720, 0xF7A5, 0xFBC5, 0x045B, 0x062B, 0x0695,
    0x0115, 0xFA80, 0xF743, 0xF630, 0xFA38, 0x005E, 0x0445, 0x043D,
    0xFD85, 0xF477, 0xEE7D, 0xEF05, 0xF222, 0xF7D3, 0x034F, 0x04D2,
    0x01FB, 0xF926, 0xF1DD, 0xF16B, 0xF468, 0xFD6D, 0x0757, 0x0F06,
    0x1074, 0x08CD, 0xFFE9, 0xF8EB, 0xFA03, 0xFE90, 0x058D, 0x0EBF,
    0x0D57, 0x073E, 0xFC7E, 0xF4AB, 0xF08A, 0xF3F6, 0xFC44, 0x0441,
    0x0874, 0x065C, 0xFE88, 0xF706, 0xF595, 0xFB6B, 0x03C4, 0x0D7B,
    0x137D, 0x10FE, 0x0A78, 0xFDEE, 0xF83F, 0xF813, 0xFF44, 0x0995,
    0x0F81, 0x11F6, 0x0D5E, 0x02F5, 0xFA41, 0xF74A, 0xFC33, 0x00FA,
    0x0747, 0x08D4, 0x0584, 0x0064, 0xF4D1, 0xF089, 0xF14E, 0xF846,
    0xFF13, 0x032D, 0x0503, 0x0224, 0xFC08, 0xF58F, 0xF4A2, 0xFA16,
    0xFF7B, 0x0692, 0x07B0, 0x06BB, 0x03CD, 0xFAEC, 0xF8D0, 0xFB0A,
    0xFF4D, 0x0319, 0x0781, 0x0A70, 0x0B93, 0x0608, 0xFE86, 0xFF59,
    0x02DF, 0x0452, 0x063C, 0x044F, 0x04E3, 0x0047, 0xF6ED, 0xF404,
    0xF508, 0xF9C4, 0xFC2E, 0x030A, 0x0745, 0x0695, 0x01E2, 0xF994,
    0xF893, 0xF9A6, 0xFB4B, 0x0309, 0x0953, 0x0DD2, 0x099D, 0xFF97,
    0xF9A2, 0xF756, 0xF7FA, 0xF8C7, 0xFF9B, 0x0507, 0x04D1, 0xFF62,
    0xF67E, 0xF267, 0xF1A6, 0xF496, 0xFD1A, 0x05AF, 0x0B8B, 0x06FC,
    0xFD04, 0xF5C5, 0xF3A5, 0xF50F, 0xF8BD, 0x00F0, 0x05AE, 0x0541,
    0xFC6D, 0xF3E6, 0xF1D6, 0xF331, 0xFABE, 0x033F, 0x0D24, 0x131D,
    0x0BAF, 0x029F, 0xFBD0, 0xFB3E, 0xFFAD, 0x05F8, 0x0EA1, 0x0E61,
    0x07DC, 0xF97D, 0xEE66, 0xEE16, 0xF0F1, 0xF9B3, 0x04C3, 0x0E15,
    0x117F, 0x0801, 0xFAA8, 0xF509, 0xF756, 0xFDBB, 0x081F, 0x125D,
    0x152C, 0x1263, 0x057A, 0xFB05, 0xF922, 0xFABF, 0x0100, 0x07E2,
    0x0CC7, 0x0ACB, 0x0114, 0xF69D, 0xF2E3, 0xF709, 0xFA72, 0x00BC,
    0x0804, 0x07E2, 0x04A8, 0xF8C1, 0xF2BA, 0xF543, 0xF932, 0xFE67,
    0x024C, 0x05F6, 0x0247, 0xFA53, 0xF302, 0xF115, 0xF7A1, 0xFCCD,
    0x04B0, 0x0CD3, 0x0EE5, 0x0D94, 0x0551, 0x010A, 0x02AE, 0x0694,
    0x09B5, 0x0DB8, 0x1235, 0x0EE6, 0x033B, 0xF6CA, 0xF0BE, 0xF180,
    0xF383, 0xF92A, 0x00B0, 0x05A3, 0x0375, 0xFA76, 0xF65F, 0xF31A,
    0xF66F, 0xFB41, 0x0307, 0x0DFA, 0x0D5E, 0x05CF, 0xFD9E, 0xF92C,
    0xF727, 0xF714, 0xFD9F, 0x03E7, 0x0938, 0x06B0, 0xFC10, 0xF7F4,
    0xF5E0, 0xF7C6, 0xFC68, 0x0410, 0x0AAA, 0x0A75, 0x0170, 0xF6DE,
    0xF292, 0xEFCC, 0xF35E, 0xFC79, 0x031F, 0x070C, 0x003B, 0xF33E,
    0xECFE, 0xEBBB, 0xF02D, 0xF90B, 0x080C, 0x1214, 0x11C1, 0x0886,
    0xFD19, 0xFA87, 0xF9C9, 0xFF23, 0x0BD7, 0x12F3, 0x14AC, 0x0AC2,
    0xFB21, 0xF0D5, 0xEC3F, 0xEE82, 0xF676, 0x05F5, 0x0DA7, 0x0C7C,
    0x051B, 0xFAFC, 0xF7EC, 0xF877, 0xFDEA, 0x09CC, 0x12E4, 0x13AF,
    0x0C2D, 0xFF2A, 0xF66A, 0xF6A2, 0xFAFF, 0x030B, 0x0E14, 0x1061,
    0x0BD8, 0x019A, 0xF7A9, 0xF53D, 0xF7CA, 0x00EB, 0x0A1A, 0x10D0,
    0x0E4E, 0x0161, 0xF472, 0xEB5C, 0xED48, 0xF468, 0xFCB4, 0x0934,
    0x0B8A, 0x0606, 0xFA64, 0xEFA9, 0xEF3E, 0xF3B1, 0xFE12, 0x097F,
    0x12B5, 0x1300, 0x09D6, 0xFEE5, 0xF839, 0xFA03, 0xFF53, 0x0832,
    0x1203, 0x12CB, 0x0B9A, 0xFEB2, 0xF503, 0xF113, 0xF265, 0xF8E2,
    0x0016, 0x0762, 0x06F1, 0xFFB5, 0xF768, 0xF417, 0xF65C, 0xFA18,
    0x02E9, 0x0B29, 0x0C2C, 0x0822, 0xFC1B, 0xF433, 0xF170, 0xF3BD,
    0xFCF9, 0x05CF, 0x0C89, 0x0A28, 0x0194, 0xF7AA, 0xF2C3, 0xF4F2,
    0xF93C, 0x04A0, 0x0E22, 0x0E28, 0x08CF, 0xFA5D, 0xEF7F, 0xEB24,
    0xEE2A, 0xF6DC, 0x02B4, 0x0A6B, 0x08F9, 0x0171, 0xF50B, 0xEFF7,
    0xF053, 0xF54B, 0x023E, 0x0C00, 0x0F3D, 0x0C12, 0xFFC4, 0xF767,
    0xF18B, 0xF3B8, 0xFCC3, 0x084C, 0x1054, 0x0D4D, 0x03A7, 0xF73D,
    0xF097, 0xF00C, 0xF5BA, 0x03A4, 0x0CE9, 0x0E01, 0x0944, 0xFD93,
    0xF658, 0xF4D6, 0xFC48, 0x06E7, 0x12C0, 0x16B9, 0x125C, 0x0736,
    0xF7AF, 0xF132, 0xF17C, 0xFB24, 0x0A02, 0x11DF, 0x1358, 0x0AB6,
    0xFBA4, 0xF1DD, 0xEF70, 0xF7C7, 0x037A, 0x1039, 0x1436, 0x0F3E,
    0x0083, 0xF0D9, 0xEBC8, 0xED09, 0xF6A9, 0x04A1, 0x0C06, 0x0E59,
    0x04D5, 0xF6F2, 0xF10C, 0xF125, 0xFAF5, 0x05D2, 0x1032, 0x111C,
    0x0A9B, 0xFD7A, 0xF272, 0xF17C, 0xF4E8, 0xFF75, 0x0BC2, 0x1070,
    0x0DE1, 0x029B, 0xF527, 0xEF4D, 0xF30F, 0xFB5E, 0x07C3, 0x114A,
    0x0E9C, 0x0804, 0xF8BB, 0xEE9E, 0xEFEB, 0xF55D, 0x01D2, 0x0DC3,
    0x104B, 0x0C7D, 0x004B, 0xF548, 0xF070, 0xF30A, 0xFB7F, 0x0652,
    0x0EFA, 0x0C72, 0x05E9, 0xFA68, 0xF1A1, 0xF1B1, 0xF6CD, 0xFFD8,
    0x077B, 0x0AA3, 0x0787, 0xFE47, 0xF65D, 0xEF6D, 0xF1A4, 0xF7A8,
    0x008B, 0x059D, 0x04C8, 0x01FC, 0xF8A5, 0xF3FA, 0xF495, 0xFAAD,
    0x0409, 0x0A47, 0x0D2C, 0x08F3, 0xFCB6, 0xF3EB, 0xEFBB, 0xF1DF,
    0xF889, 0x034E, 0x089F, 0x09A9, 0x044D, 0xF886, 0xF354, 0xF2C5,
    0xF84F, 0x02C7, 0x0A5B, 0x0F5B, 0x0AE6, 0xFEA2, 0xF636, 0xEFE2,
    0xF0A0, 0xF969, 0x08EA, 0x1019, 0x11A6, 0x0A47, 0xFDF6, 0xF895,
    0xF696, 0xFD36, 0x0866, 0x120A, 0x16ED, 0x108B, 0x048E, 0xFA09,
    0xF600, 0xF61D, 0xFEE0, 0x0C0F, 0x0D31, 0x0B50, 0x0143, 0xF4B9,
    0xEF9E, 0xEF52, 0xF7D2, 0x0538, 0x0CDA, 0x0FDD, 0x06FA, 0xFA74,
    0xF337, 0xF212, 0xF816, 0x05AA, 0x1326, 0x1402, 0x0D40, 0xFCF7,
    0xEE6D, 0xE909, 0xEC1E, 0xF8AA, 0x05F9, 0x0E9F, 0x0E57, 0x01D3,
    0xF797, 0xF26C, 0xF487, 0xFBE1, 0x0B5F, 0x1693, 0x1582, 0x0CD2,
    0xFCCF, 0xF45A, 0xF061, 0xF351, 0xFE25, 0x067F, 0x0A4E, 0x05E1,
    0xFA8C, 0xF37F, 0xF323, 0xF84E, 0x00D4, 0x0F4B, 0x14A9, 0x0FB0,
    0x0628, 0xF89D, 0xF37C, 0xF256, 0xF600, 0x0205, 0x07A3, 0x0704,
    0xFEBA, 0xF28F, 0xEE2D, 0xEF16, 0xF531, 0xFF95, 0x0C23, 0x0EC3,
    0x0951, 0xFF92, 0xF7E6, 0xF639, 0xF64E, 0xFED8, 0x09FA, 0x0E26,
    0x0B83, 0xFFF2, 0xF60A, 0xEFE7, 0xED65, 0xF101, 0xF909, 0x02DF,
    0x03D3, 0xFF89, 0xF961, 0xF6B2, 0xF769, 0xF815, 0x0255, 0x0C65,
    0x0EFF, 0x0C53, 0x0226, 0xFB9D, 0xF6CC, 0xF4FD, 0xF8FE, 0x007B,
    0x0662, 0x0431, 0xFD2B, 0xF69E, 0xF6E1, 0xF8B0, 0xFC7A, 0x098D,
    0x1384, 0x1529, 0x10F2, 0x07D5, 0x0411, 0xFF74, 0xFDA1, 0x02B3,
    0x09EA, 0x0D01, 0x07CF, 0x0008, 0xF81B, 0xF5DF, 0xF3B7, 0xF710,
    0x0438, 0x0B9A, 0x0D5C, 0x06DF, 0xFF9E, 0xFCF3, 0xF7EE, 0xFA2E,
    0x0173, 0x08E9, 0x0A09, 0x0318, 0xFBA5, 0xF5C0, 0xF2D5, 0xF171,
    0xF6CE, 0x0126, 0x0620, 0x0387, 0xFD1E, 0xFA0F, 0xF977, 0xFA3D,
    0x0188, 0x0AB5, 0x12AB, 0x114F, 0x09C6, 0x03A5, 0xFE48, 0xFC55,
    0xFB87, 0x008F, 0x07B7, 0x06E9, 0x002D, 0xF621, 0xF2D3, 0xF08D,
    0xF121, 0xFB49, 0x059B, 0x0DBA, 0x097C, 0x0331, 0x0016, 0xFD8F,
    0xFEC3, 0x0068, 0x06A4, 0x0966, 0x044C, 0xFBF9, 0xF56B, 0xF4B6,
    0xF3F3, 0xF739, 0xFFE5, 0x074A, 0x074E, 0xFF71, 0xFB93, 0xFBE4,
    0xFC16, 0xFE7B, 0x031C, 0x0810, 0x071D, 0xFFE0, 0xF7A7, 0xF39F,
    0xF456, 0xF3F5, 0xF94A, 0xFF91, 0x0163, 0xFD5B, 0xF634, 0xF5A3,
    0xF516, 0xF717, 0xFDAD, 0x0572, 0x0C3E, 0x07DB, 0x029C, 0xFF93,
    0xFD7A, 0x00C8, 0x02B3, 0x07A3, 0x093F, 0x044E, 0xFB45, 0xF5BA,
    0xF554, 0xF53C, 0xFAA7, 0x00A7, 0x04AD, 0x0428, 0xFEB3, 0xFD82,
    0xFE6D, 0x0067, 0x0652, 0x0C80, 0x10F8, 0x0F20, 0x07CD, 0xFF6E,
    0xFC40, 0xFD2A, 0xFF99, 0x06D7, 0x0AF0, 0x0A0A, 0x042D, 0xFD19,
    0xFCCB, 0xFBF4, 0xFF5B, 0x062F, 0x0B28, 0x0B99, 0x02C4, 0xFA04,
    0xF41A, 0xF488, 0xF76F, 0xFBE4, 0x02F4, 0x02BE, 0xFD4F, 0xF51E,
    0xF235, 0xF57A, 0xF924, 0x0226, 0x09D6, 0x0B7E, 0x0663, 0xFDB8,
    0xFB81, 0xFE0F, 0x024F, 0x073E, 0x0E1B, 0x128F, 0x0E05, 0x03D1,
    0xFA6A, 0xF98A, 0xFC60, 0xFEEA, 0x0605, 0x089E, 0x0480, 0xFA94,
    0xF050, 0xF051, 0xF2C5, 0xF85C, 0x009F, 0x084D, 0x0A92, 0x0209,
    0xF993, 0xF709, 0xFB76, 0xFECA, 0x0407, 0x0C04, 0x0BFC, 0x0478,
    0xF7D9, 0xF304, 0xF6E4, 0xFC39, 0x03A2, 0x0998, 0x0C63, 0x051C,
    0xF7A0, 0xF0AA, 0xF134, 0xF620, 0xFA10, 0x018B, 0x0881, 0x03C8,
    0xF91E, 0xEF27, 0xEE6A, 0xF415, 0xF9EB, 0x03AD, 0x0A0F, 0x0AE5,
    0x0149, 0xF4A8, 0xF129, 0xF339, 0xFA97, 0x0264, 0x0C34, 0x0F94,
    0x06B2, 0xFC47, 0xF692, 0xFA3C, 0x0087, 0x068D, 0x0CCA, 0x0E14,
    0x07CD, 0xF978, 0xEFCB, 0xEFC8, 0xF632, 0xFEC5, 0x0476, 0x090F,
    0x048E, 0xFA47, 0xF33F, 0xF460, 0xFCF1, 0x069B, 0x1244, 0x17C8,
    0x1508, 0x0C1A, 0xFDF8, 0xFA35, 0xFD3C, 0x0338, 0x0BE2, 0x0F65,
    0x1001, 0x0601, 0xF7E0, 0xF14C, 0xF235, 0xF98F, 0x01E2, 0x0941,
    0x08D9, 0x0107, 0xF822, 0xF1E4, 0xF2A5, 0xF7D4, 0x00EC, 0x0794,
    0x09E3, 0x06D8, 0xFBFD, 0xF522, 0xF3B1, 0xF7E9, 0xFFE1, 0x0737,
    0x0BCA, 0x08CB, 0x0135, 0xFAAC, 0xF9B0, 0xFE0A, 0x0519, 0x1019,
    0x14A5, 0x1367, 0x0C41, 0xFED5, 0xF95C, 0xF69B, 0xF834, 0xFE97,
    0x03A3, 0x04BB, 0xFC4A, 0xF09D, 0xE9BE, 0xE9A6, 0xEF9E, 0xFA52,
    0x0882, 0x0E68, 0x0CAB, 0x05F3, 0xFE82, 0xFE2F, 0xFE45, 0x0248,
    0x0A81, 0x0E82, 0x0AA9, 0xFF28, 0xF508, 0xF13C, 0xF182, 0xF5B6,
    0xFE60, 0x066D, 0x04CF, 0xFE35, 0xF584, 0xF1B6, 0xF2E7, 0xF677,
    0x0133, 0x085A, 0x0AA9, 0x046D, 0xF80F, 0xF31F, 0xF0A8, 0xF3B5,
    0xFBD1, 0x04F6, 0x0C65, 0x0750, 0xFCA0, 0xF397, 0xF345, 0xF744,
    0x000C, 0x0C91, 0x12FF, 0x1389, 0x0936, 0xFEA9, 0xFBE0, 0xFB24,
    0xFDF9, 0x0373, 0x0844, 0x06EB, 0xFB31, 0xF014, 0xEB74, 0xED06,
    0xF00B, 0xF890, 0x04D1, 0x0A18, 0x08F6, 0x01A9, 0xFEC0, 0x0276,
    0x0733, 0x0FD7, 0x16E1, 0x1A29, 0x1332, 0x03E5, 0xFA82, 0xF6B2,
    0xF917, 0xFD9C, 0x0627, 0x0C3C, 0x0946, 0xFFBF, 0xF44D, 0xF20C,
    0xF395, 0xF9CF, 0x03F6, 0x097C, 0x0CD9, 0x0511, 0xF83E, 0xF427,
    0xF486, 0xF7FD, 0xFE7B, 0x05F1, 0x08A4, 0x0420, 0xFA0D, 0xF4EA,
    0xF6FA, 0xF927, 0x0165, 0x0B71, 0x1071, 0x1158, 0x068B, 0xFD66,
    0xFD84, 0xFF8F, 0x0693, 0x0CFA, 0x117C, 0x0D0A, 0xFF60, 0xF278,
    0xED98, 0xEF91, 0xF235, 0xFB97, 0x0189, 0x014E, 0xFC05, 0xF102,
    0xEF86, 0xF45D, 0xFC65, 0x0750, 0x10BE, 0x1588, 0x0F47, 0x0349,
    0xF96F, 0xF78B, 0xF806, 0xFBBD, 0x03F7, 0x0675, 0x0393, 0xFAD6,
    0xF1A0, 0xF181, 0xF34B, 0xF966, 0x030E, 0x0843, 0x0A74, 0x01B0,
    0xF755, 0xF54A, 0xF71E, 0xFAAF, 0x01E6, 0x0811, 0x06A2, 0x009D,
    0xF561, 0xEFE8, 0xF45C, 0xF7AD, 0x01B3, 0x0A05, 0x0B8B, 0x0950,
    0xFDBB, 0xF72F, 0xF931, 0xFD91, 0x026E, 0x0C93, 0x1112, 0x0D30,
    0x0496, 0xF75A, 0xF383, 0xF494, 0xF4C3, 0xFCDD, 0x01F2, 0x01DC,
    0xFD52, 0xF2F0, 0xF06B, 0xF3B2, 0xF960, 0x014B, 0x0BDE, 0x1179,
    0x0EA9, 0x08DD, 0x0202, 0x0369, 0x0649, 0x06F1, 0x0E1C, 0x0E53,
    0x0B5D, 0x036E, 0xF958, 0xF808, 0xF9BB, 0xFD2F, 0x0219, 0x088D,
    0x07FD, 0x0252, 0xF9A2, 0xF4E7, 0xF829, 0xF924, 0xFE88, 0x071B,
    0x0894, 0x06DB, 0xFD42, 0xF474, 0xF253, 0xF3D1, 0xF8FC, 0x0153,
    0x0A1D, 0x0BF2, 0x0859, 0xFF97, 0xFACB, 0xFD91, 0xFD7F, 0x0416,
    0x0D8C, 0x0E43, 0x0E25, 0x05DE, 0xFE30, 0xFC55, 0xFAE1, 0xFCE5,
    0x0246, 0x05B9, 0x038E, 0xFD97, 0xF300, 0xEF83, 0xF141, 0xF02D,
    0xF817, 0x0198, 0x03A3, 0x03E6, 0xFE53, 0xF972, 0xFA0B, 0xFD86,
    0x02DB, 0x0CFF, 0x109A, 0x0C3A, 0x053F, 0xF829, 0xF33F, 0xF49F,
    0xF53B, 0xFF7E, 0x07F5, 0x0757, 0x043F, 0xFAEA, 0xF421, 0xF24F,
    0xF642, 0xFD7D, 0x07C9, 0x0D1C, 0x0A07, 0x0320, 0xF6E1, 0xF25A,
    0xF2ED, 0xF4AF, 0xFF7D, 0x07FF, 0x09B1, 0x06DB, 0xFE02, 0xF6B7,
    0xF3B2, 0xF593, 0xFC15, 0x06A5, 0x0B6B, 0x0B1F, 0x04C6, 0xFAA1,
    0xF9D9, 0xF9FB, 0xFD13, 0x070F, 0x0AF7, 0x0969, 0x01F5, 0xF6A6,
    0xEF23, 0xEDBA, 0xF1E5, 0xFA46, 0x05DD, 0x0802, 0x058E, 0xFFB6,
    0xF6EF, 0xF856, 0xFBC5, 0x04EA, 0x1465, 0x1ADC, 0x1A46, 0x11B7,
    0x0477, 0xF9FE, 0xF687, 0xF936, 0x0258, 0x0C2D, 0x0BAB, 0x0813,
    0xFDB4, 0xF168, 0xEF43, 0xF114, 0xFAB9, 0x07A8, 0x0CA6, 0x0BFC,
    0x05B8, 0xFC5D, 0xF3FF, 0xF374, 0xF6FF, 0xFF54, 0x0816, 0x0752,
    0x060A, 0xFE13, 0xF565, 0xF530, 0xF744, 0xFEFC, 0x07FD, 0x0C73,
    0x0C59, 0x07EB, 0x019C, 0xFB63, 0xFDC5, 0x02FB, 0x0AAB, 0x11DE,
    0x0E85, 0x0850, 0xFDB0, 0xF20A, 0xECD4, 0xED85, 0xF426, 0xFC9E,
    0x01CC, 0x0005, 0xFAC2, 0xF4DA, 0xEFA4, 0xF2BA, 0xF9FE, 0x05AE,
    0x10DF, 0x140C, 0x131C, 0x0B3E, 0x0162, 0xF8D4, 0xF6AF, 0xFC35,
    0x021D, 0x0837, 0x066F, 0x01B7, 0xFAC1, 0xF0B2, 0xEEB4, 0xF2CF,
    0xFDF9, 0x07F9, 0x0C8C, 0x0B0F, 0x03E8, 0xFBBE, 0xF333, 0xF2AE,
    0xF92A, 0x0124, 0x06CF, 0x051E, 0x0093, 0xF8CB, 0xEFC0, 0xED3F,
    0xF289, 0xFE1F, 0x0700, 0x0AA1, 0x09E7, 0x0431, 0xFD5F, 0xF771,
    0xF8CF, 0x01D1, 0x0BF1, 0x1160, 0x0E22, 0x0820, 0xFC33, 0xEFA9,
    0xEA9D, 0xEDBF, 0xF976, 0x01FD, 0x0709, 0x05D9, 0xFEC2, 0xF622,
    0xEECA, 0xF2A9, 0xFE2C, 0x0D6A, 0x1674, 0x1698, 0x15D7, 0x0CED,
    0x00A2, 0xFA1B, 0xFB4F, 0x0350, 0x0AA7, 0x0D67, 0x0B0A, 0x03F2,
    0xF7FF, 0xEEE6, 0xEF9D, 0xF712, 0x0524, 0x0D32, 0x0D5E, 0x0C9F,
    0x01FF, 0xF59E, 0xF058, 0xF48B, 0xFE99, 0x06D6, 0x0A1F, 0x0638,
    0xFFDA, 0xF3BF, 0xEAB3, 0xEDFA, 0xF662, 0x05FD, 0x0DCE, 0x0E10,
    0x0CC6, 0x035F, 0xF833, 0xF4D8, 0xFD45, 0x06E9, 0x1073, 0x1551,
    0x1186, 0x0989, 0xFA6A, 0xED78, 0xED13, 0xF2E3, 0xFE61, 0x057A,
    0x06C6, 0x03A1, 0xF96E, 0xED5C, 0xE8BC, 0xF120, 0xFCF0, 0x0A2C,
    0x1312, 0x132D, 0x0D6E, 0x025F, 0xF886, 0xF7C7, 0xFD57, 0x0634,
    0x0B61, 0x0E35, 0x089E, 0xFE5E, 0xF1E8, 0xEA82, 0xF1E0, 0xFABC,
    0x05EF, 0x0DB5, 0x0DB1, 0x078A, 0xFB20, 0xEFDC, 0xED6D, 0xF397,
    0xFE0C, 0x0638, 0x0A44, 0x051F, 0xFAEC, 0xED96, 0xE644, 0xEC43,
    0xF702, 0x0518, 0x0EF4, 0x1033, 0x09C5, 0xFCFC, 0xF234, 0xF179,
    0xFAF2, 0x07EC, 0x11DF, 0x1696, 0x0F75, 0x0369, 0xF316, 0xE9B2,
    0xED50, 0xF68A, 0x0445, 0x0C19, 0x0B8D, 0x0217, 0xF3D5, 0xE93B,
    0xE8AE, 0xF304, 0x0170, 0x0FE2, 0x16E7, 0x129B, 0x09F3, 0xFC34,
    0xF6A2, 0xFB5A, 0x0591, 0x13D0, 0x195B, 0x1605, 0x0BE5, 0xFDD3,
    0xF271, 0xF012, 0xF7DE, 0x04D5, 0x1088, 0x124B, 0x0AC6, 0x00AE,
    0xF2E7, 0xEBDE, 0xEDC6, 0xF6C0, 0x0499, 0x0B4F, 0x0A18, 0x012C,
    0xF605, 0xEA9F, 0xE81B, 0xF25F, 0xFF3B, 0x0D45, 0x1130, 0x0CC1,
    0x052C, 0xF82E, 0xF18E, 0xF546, 0x0114, 0x0F6A, 0x1724, 0x1512,
    0x0BD3, 0x0159, 0xF448, 0xF075, 0xF812, 0x025D, 0x0E40, 0x0FED,
    0x0921, 0xFE66, 0xF061, 0xE8AB, 0xEB3F, 0xF64E, 0x0386, 0x0CD6,
    0x0D60, 0x05F6, 0xFE5E, 0xF2DC, 0xF0A4, 0xFA33, 0x067F, 0x1469,
    0x1847, 0x11D5, 0x0557, 0xF7B0, 0xEE8A, 0xEF1A, 0xF8AA, 0x0457,
    0x0E2A, 0x0C16, 0x019E, 0xF7E6, 0xEBE8, 0xE94D, 0xEF0A, 0xFA84,
    0x07C5, 0x0AFC, 0x0782, 0xFE23, 0xF35B, 0xEB86, 0xEB77, 0xF589,
    0x047F, 0x0EFE, 0x0D0F, 0x03FE, 0xFB5D, 0xF144, 0xEE29, 0xF427,
    0x01C4, 0x0F52, 0x12F9, 0x0E14, 0x02A9, 0xF8C2, 0xF051, 0xF181,
    0xFC90, 0x09CA, 0x1342, 0x0E5C, 0x03E4, 0xF8A5, 0xEBAB, 0xE779,
    0xEDB1, 0xFC6C, 0x097C, 0x0CC1, 0x08BA, 0x00E6, 0xFA61, 0xF494,
    0xF6DE, 0x0376, 0x144F, 0x1EE7, 0x1BB3, 0x13C5, 0x088B, 0xFAA7,
    0xF3F6, 0xF6D4, 0x03C3, 0x0E8D, 0x0F31, 0x08F4, 0xFF6D, 0xF53E,
    0xEAF6, 0xEBF5, 0xF630, 0x0491, 0x0CDC, 0x0901, 0x04A5, 0xFCAB,
    0xF143, 0xECA1, 0xF199, 0xFE1C, 0x0915, 0x0C06, 0x071C, 0x00EE,
    0xF83A, 0xEEDD, 0xF30E, 0xFD5C, 0x0B98, 0x1467, 0x1191, 0x0EA4,
    0x056F, 0xF96F, 0xF5E7, 0xFC2D, 0x0900, 0x1429, 0x1686, 0x0F4D,
    0x03A1, 0xF52B, 0xE844, 0xE8AD, 0xF151, 0xFFD2, 0x0874, 0x073E,
    0x02F3, 0xF80A, 0xEEE6, 0xECD1, 0xF6B8, 0x0330, 0x106C, 0x18B7,
    0x13BD, 0x0B71, 0xFF42, 0xF394, 0xF1D2, 0xF734, 0x02A2, 0x0A0C,
    0x08D1, 0x02E5, 0xF8B7, 0xEF68, 0xEA9F, 0xF0FC, 0xFBA7, 0x0723,
    0x0DAC, 0x0759, 0xFFE6, 0xF73A, 0xEE44, 0xEE73, 0xF5D6, 0x0231,
    0x08A4, 0x0771, 0x0026, 0xF625, 0xEE1B, 0xEADF, 0xF3C7, 0xFFD6,
    0x0D04, 0x1318, 0x0D57, 0x047B, 0xFA99, 0xF324, 0xF33F, 0xFD6C,
    0x0BA2, 0x1371, 0x1339, 0x09FF, 0xFD5F, 0xEFB1, 0xE8F0, 0xEE66,
    0xF812, 0x0666, 0x0C70, 0x078F, 0x0059, 0xF6E7, 0xF15B, 0xF305,
    0xFD35, 0x0DFB, 0x165D, 0x177F, 0x11A8, 0x0787, 0xFD84, 0xF84C,
    0xFC13, 0x03D9, 0x0F4F, 0x10BF, 0x0B63, 0x031B, 0xF8BB, 0xF321,
    0xF2AC, 0xFAC9, 0x0804, 0x0E48, 0x0B9B, 0x04D9, 0xFB46, 0xF084,
    0xEE23, 0xF361, 0xFD0C, 0x08E6, 0x08CF, 0x02EA, 0xFA74, 0xEFAF,
    0xEB0C, 0xEF14, 0xFBC8, 0x0B70, 0x13EF, 0x1286, 0x0B62, 0x020F,
    0xF60F, 0xF4FF, 0xFC96, 0x0748, 0x1537, 0x1614, 0x10FD, 0x06DD,
    0xF935, 0xF0FB, 0xF061, 0xF8B1, 0x03B1, 0x0B30, 0x0911, 0x0198,
    0xF8C5, 0xED66, 0xED06, 0xF358, 0xFDE5, 0x099D, 0x0C1A, 0x0827,
    0x0023, 0xF7FF, 0xF287, 0xF6C7, 0xFFCC, 0x098D, 0x0FEC, 0x0B6F,
    0x02C9, 0xFB27, 0xF196, 0xF288, 0xFA0B, 0x03D4, 0x0D33, 0x0CD0,
    0x0632, 0xFB9C, 0xF24E, 0xEB94, 0xEF58, 0xF954, 0x02EF, 0x093E,
    0x0482, 0xFCC9, 0xF3A0, 0xEAA3, 0xEC33, 0xF379, 0x01F9, 0x0C19,
    0x0E9F, 0x0B91, 0x00DC, 0xF75E, 0xF169, 0xF44C, 0xFD1E, 0x0882,
    0x0F23, 0x0E0B, 0x083F, 0xFD8B, 0xF546, 0xF4C9, 0xF8CE, 0x03DE,
    0x0C2E, 0x0CB2, 0x0828, 0xFDAB, 0xF354, 0xEF0C, 0xF261, 0xFA9A,
    0x068A, 0x0BC4, 0x07B3, 0x02C7, 0xF926, 0xF4E4, 0xF8CF, 0x0076,
    0x1012, 0x188A, 0x1837, 0x109B, 0x04ED, 0xFA83, 0xF6AB, 0xFB68,
    0x04F3, 0x1074, 0x1165, 0x0A71, 0x010B, 0xF2D0, 0xEBAB, 0xEC6B,
    0xF46D, 0x02A6, 0x08DE, 0x0873, 0x01BA, 0xF6F0, 0xEDAA, 0xEC02,
    0xF3B9, 0x0141, 0x0E29, 0x1174, 0x0C95, 0x03E1, 0xF77B, 0xF215,
    0xF3C6, 0xFDB8, 0x0B84, 0x104C, 0x0F99, 0x07C9, 0xFE7A, 0xF81C,
    0xF881, 0x00C4, 0x0D3D, 0x1612, 0x11AF, 0x090E, 0xFC22, 0xEF36,
    0xEBEF, 0xED76, 0xFA76, 0x0564, 0x0506, 0x0150, 0xF63C, 0xEC50,
    0xE991, 0xEEAB, 0xFD2C, 0x0F9C, 0x17F9, 0x1479, 0x0D4C, 0x0028,
    0xF679, 0xF4B6, 0xFA00, 0x0A45, 0x119C, 0x0E31, 0x07B8, 0xFA24,
    0xEEA8, 0xE9FA, 0xED5E, 0xF9A1, 0x06BD, 0x08CA, 0x02D9, 0xFD37,
    0xF25F, 0xED87, 0xF017, 0xF94B, 0x094A, 0x0BB5, 0x074C, 0x01C7,
    0xF751, 0xEEAF, 0xEDC7, 0xF5E6, 0x02F1, 0x0B88, 0x095A, 0x03ED,
    0xFDD6, 0xF4B4, 0xF3C0, 0xFA52, 0x07D7, 0x14BD, 0x1262, 0x0DF2,
    0x05A2, 0xF8BC, 0xF123, 0xF06C, 0xF993, 0x0505, 0x0714, 0x0318,
    0xFE1E, 0xF435, 0xED17, 0xEE7D, 0xF57A, 0x06E1, 0x10F7, 0x0FFC,
    0x11C4, 0x0B30, 0x02F9, 0xFF6C, 0x0152, 0x0BDA, 0x1227, 0x1025,
    0x0B70, 0x04F1, 0xFA2A, 0xF2E6, 0xF3D9, 0xFA43, 0x0583, 0x085F,
    0x0499, 0x0219, 0xF8BE, 0xF1BF, 0xF17A, 0xF868, 0x0496, 0x0931,
    0x0800, 0x02A0, 0xFA70, 0xF1A2, 0xEE9F, 0xF590, 0xFFCE, 0x097A,
    0x0A82, 0x072B, 0x012B, 0xF8FB, 0xF621, 0xF88B, 0x0481, 0x0EB7,
    0x12B3, 0x11D6, 0x0962, 0x012D, 0xF9CA, 0xF7A7, 0xFE2D, 0x05FB,
    0x0877, 0x05DE, 0xFFDA, 0xF4EB, 0xEEBE, 0xED52, 0xF11E, 0xFFDC,
    0x057A, 0x0604, 0x0559, 0xFB8C, 0xF83E, 0xF837, 0xFC49, 0x08ED,
    0x0EBE, 0x0D20, 0x081A, 0xFF2A, 0xF4D1, 0xF240, 0xF61E, 0xFFA2,
    0x0A79, 0x0A1B, 0x073B, 0xFF77, 0xF5AE, 0xF195, 0xF2D9, 0xFC86,
    0x067F, 0x09B2, 0x0684, 0xFE8F, 0xF4EB, 0xED07, 0xEDD4, 0xF63C,
    0x0057, 0x0641, 0x048B, 0x00EC, 0xF895, 0xF288, 0xF30A, 0xFA10,
    0x06AD, 0x0BC0, 0x0A31, 0x036A, 0xF9E0, 0xF58A, 0xF41E, 0xFBD5,
    0x07BB, 0x0E9A, 0x0D70, 0x0593, 0xFCAB, 0xF3A7, 0xF32B, 0xF8D5,
    0x046C, 0x0E46, 0x0CD1, 0x0689, 0xFC9A, 0xF450, 0xF2EA, 0xF64A,
    0x02CD, 0x0F25, 0x11D7, 0x0C3C, 0x0247, 0xF9EE, 0xF55E, 0xF92E,
    0x02F2, 0x0F85, 0x13E1, 0x0E72, 0x0630, 0xFB45, 0xF702, 0xF8D0,
    0xFF01, 0x0D1A, 0x106C, 0x0A5D, 0xFF3F, 0xF1FC, 0xED22, 0xEE21,
    0xF68D, 0x0358, 0x0BB8, 0x07E7, 0xFEBC, 0xF42F, 0xEE59, 0xF3E1,
    0xFC48, 0x09E2, 0x1502, 0x1079, 0x05D2, 0xF788, 0xEF5F, 0xF06C,
    0xF695, 0x0433, 0x1040, 0x1345, 0x0A10, 0xFDCB, 0xF54D, 0xF495,
    0xFE1E, 0x085F, 0x1372, 0x1792, 0x0DB6, 0xFFC4, 0xF299, 0xEF2C,
    0xF1F9, 0xFB48, 0x074F, 0x0A9F, 0x05B8, 0xF75A, 0xECE7, 0xEBA4,
    0xEFEA, 0xFC43, 0x08E6, 0x10CF, 0x0F5B, 0x03FB, 0xF6CD, 0xF259,
    0xF807, 0x0069, 0x0D8A, 0x1502, 0x10D2, 0x0576, 0xF501, 0xEC7F,
    0xED14, 0xF3B9, 0xFF88, 0x0956, 0x0A90, 0x01A9, 0xF48C, 0xEAB4,
    0xEBF2, 0xF49E, 0xFF49, 0x0CAA, 0x10CC, 0x09EC, 0xFD4E, 0xEF15,
    0xED5F, 0xF0A9, 0xF9A7, 0x06A4, 0x0A86, 0x0707, 0xFB4A, 0xF06B,
    0xEE6D, 0xF530, 0x0013, 0x0E1F, 0x1896, 0x16DD, 0x0CDA, 0xFE16,
    0xF5C9, 0xF8C1, 0xFDAC, 0x08B7, 0x10B5, 0x0D93, 0x0421, 0xF464,
    0xEB0E, 0xEB35, 0xF1A5, 0xFDF5, 0x0BDA, 0x11A2, 0x0C8B, 0x0319,
    0xF99F, 0xF8A5, 0xFEC3, 0x0691, 0x134F, 0x1876, 0x13BB, 0x0868,
    0xF9B9, 0xF396, 0xF40A, 0xFBD0, 0x0603, 0x0D01, 0x0A77, 0xFE58,
    0xF3DD, 0xED05, 0xEEC7, 0xF818, 0x03CB, 0x0E14, 0x0E80, 0x06B5,
    0xF914, 0xF132, 0xF188, 0xF545, 0x00C3, 0x08D7, 0x0B94, 0x0758,
    0xF9CF, 0xF0FE, 0xEFC2, 0xF3FD, 0xFFE9, 0x0E3B, 0x1525, 0x12F4,
    0x0BB6, 0xFFC8, 0xFD30, 0xFF91, 0x02D3, 0x0DD5, 0x10DE, 0x0D40,
    0x0412, 0xF4B6, 0xEDD2, 0xEDE4, 0xF18D, 0xFBD1, 0x04E5, 0x04A5,
    0xFFB3, 0xF807, 0xF0C4, 0xF440, 0xFA8D, 0x046C, 0x0E8B, 0x0E4A,
    0x098C, 0xFE31, 0xF46B, 0xF3E0, 0xF78B, 0xFFE0, 0x07F9, 0x0C11,
    0x08A7, 0xFE28, 0xF4FB, 0xEFAB, 0xF2E1, 0xFB92, 0x0604, 0x0B0A,
    0x087C, 0x00CD, 0xF3F6, 0xEF72, 0xF0AA, 0xF5D9, 0x00E0, 0x055B,
    0x0625, 0xFF60, 0xF37E, 0xEF7E, 0xF038, 0xF69C, 0x0126, 0x0989,
    0x099E, 0x0657, 0xFF64, 0xF7A0, 0xFABE, 0x002B, 0x09A6, 0x12C6,
    0x1106, 0x0B21, 0x0046, 0xF696, 0xF5D9, 0xF992, 0x0088, 0x09BF,
    0x0BAB, 0x0589, 0xFE7F, 0xF536, 0xF165, 0xF7DC, 0xFFA6, 0x0B9C,
    0x10F4, 0x0D13, 0x07D3, 0xFC41, 0xF720, 0xF955, 0xFE79, 0x08F3,
    0x0F39, 0x0D74, 0x05E0, 0xFCB4, 0xF635, 0xF802, 0xFE7F, 0x069C,
    0x0E96, 0x0A60, 0x0355, 0xFA1B, 0xEFE3, 0xF27B, 0xF731, 0xFE76,
    0x0850, 0x07C0, 0x0149, 0xF83E, 0xF046, 0xF053, 0xF6F4, 0x000D,
    0x0BC1, 0x11C2, 0x0AEA, 0x036F, 0xF90D, 0xF336, 0xFA78, 0x022C,
    0x0CED, 0x1476, 0x10FB, 0x0810, 0xFC56, 0xF4D1, 0xF53E, 0xFC54,
    0x0565, 0x0E03, 0x0E15, 0x048A, 0xFB0A, 0xF076, 0xEFCD, 0xF82B,
    0xFFA0, 0x0976, 0x0B42, 0x0547, 0xFBAA, 0xF07B, 0xEF21, 0xF4C6,
    0xFC7C, 0x05DE, 0x0B9E, 0x078E, 0xFDF5, 0xF502, 0xEF50, 0xF54A,
    0xFEE0, 0x08BF, 0x1262, 0x0F2A, 0x071A, 0xF8EE, 0xED4B, 0xEEB4,
    0xF3DF, 0xFDD5, 0x0848, 0x0A21, 0x0270, 0xF716, 0xECD0, 0xEA51,
    0xF224, 0xFBE2, 0x0943, 0x1150, 0x0D4F, 0x0624, 0xF811, 0xF01B,
    0xF431, 0xF976, 0x0397, 0x0CE4, 0x0CC3, 0x04D7, 0xF9D2, 0xF040,
    0xEF9F, 0xF761, 0x0059, 0x0DA4, 0x1287, 0x0D2E, 0x0582, 0xF8E7,
    0xF5B6, 0xFA40, 0x011D, 0x0D1E, 0x13D5, 0x108D, 0x04A7, 0xF81A,
    0xF0A2, 0xF296, 0xFB50, 0x064E, 0x12FA, 0x11EE, 0x0979, 0xFEED,
    0xF26E, 0xF23F, 0xF899, 0x0330, 0x11D5, 0x16D0, 0x0FEA, 0x0333,
    0xF5D5, 0xEDF2, 0xEF41, 0xF60A, 0x0275, 0x0D6E, 0x0A1F, 0x018E,
    0xF70E, 0xEC61, 0xECC8, 0xF3D0, 0x0188, 0x106C, 0x1480, 0x0EA4,
    0x0453, 0xFA9F, 0xF34F, 0xF653, 0xFEC7, 0x0B9E, 0x147F, 0x0C3F,
    0x020A, 0xF704, 0xED51, 0xEF05, 0xF72F, 0x0565, 0x1255, 0x1322,
    0x0B9B, 0x01B4, 0xF782, 0xF128, 0xF63D, 0x0144, 0x0DDD, 0x137A,
    0x09ED, 0x0010, 0xF4DA, 0xE98A, 0xE9D3, 0xF32C, 0x025C, 0x0E59,
    0x0DC8, 0x041C, 0xFAF8, 0xF116, 0xEBBF, 0xF3EA, 0x0032, 0x0EE9,
    0x135F, 0x0B52, 0x0314, 0xF5FE, 0xEBE2, 0xED0A, 0xF6EC, 0x0508,
    0x0C69, 0x08B4, 0xFFCC, 0xF7BE, 0xEE1C, 0xE9F5, 0xF372, 0x0075,
    0x0E91, 0x1109, 0x09C2, 0x03C1, 0xF7F6, 0xEFBD, 0xF24C, 0xFAC9,
    0x068A, 0x0C38, 0x081B, 0xFFAF, 0xF6E0, 0xEBC5, 0xE960, 0xF3EE,
    0x010B, 0x0E79, 0x0FFE, 0x0C75, 0x079F, 0xFD45, 0xF6EF, 0xF91C,
    0x02BB, 0x0D56, 0x136E, 0x0F63, 0x0679, 0xFE63, 0xF279, 0xEFB4,
    0xF754, 0x0177, 0x0DB2, 0x1008, 0x0DE7, 0x084E, 0xFD16, 0xF62D,
    0xF7CB, 0x008E, 0x0A8B, 0x11CB, 0x0FAE, 0x07A1, 0xFEDF, 0xF1C3,
    0xEC71, 0xF149, 0xFB72, 0x07C9, 0x0BB6, 0x087A, 0x0117, 0xF6EE,
    0xEFAE, 0xF25F, 0xFC23, 0x07C7, 0x11D8, 0x10F2, 0x09A1, 0x0108,
    0xF506, 0xF0A5, 0xF507, 0x0023, 0x0B63, 0x0D32, 0x0963, 0x0005,
    0xF643, 0xEE15, 0xEE70, 0xF99E, 0x07B0, 0x13EB, 0x1268, 0x0B38,
    0x0386, 0xF83E, 0xF3D3, 0xF7C0, 0x034E, 0x0DD0, 0x0EE9, 0x092A,
    0xFEF3, 0xF464, 0xEA60, 0xEA6A, 0xF66C, 0x04E5, 0x0E57, 0x0BE5,
    0x061C, 0xFF42, 0xF57B, 0xF028, 0xF57D, 0x0336, 0x0C50, 0x0D67,
    0x0809, 0xFE9F, 0xF540, 0xEA46, 0xEA4C, 0xF592, 0x01C4, 0x0A89,
    0x0A01, 0x06AA, 0xFE76, 0xF4C1, 0xEFB9, 0xF55F, 0x02E8, 0x0AA0,
    0x0D38, 0x09FF, 0x0342, 0xFA52, 0xEF2C, 0xEEAF, 0xF66E, 0x008B,
    0x07B3, 0x063B, 0x037B, 0xFB29, 0xF102, 0xECFD, 0xF2CB, 0xFE88,
    0x082B, 0x0DF5, 0x0DC9, 0x09A7, 0x0028, 0xF505, 0xF59E, 0xFCEA,
    0x076E, 0x0F6E, 0x0F28, 0x0C1F, 0x01BA, 0xF52C, 0xEDDE, 0xF368,
    0xFD8F, 0x097C, 0x1358, 0x1245, 0x0C27, 0x00A5, 0xF62C, 0xF636,
    0xFC15, 0x064E, 0x0FDB, 0x122A, 0x0D76, 0x00F2, 0xF41F, 0xEB6D,
    0xEF1E, 0xF87A, 0x04B0, 0x100E, 0x0F07, 0x08D7, 0xFEA2, 0xF3E6,
    0xF1EB, 0xF78B, 0x030D, 0x0E03, 0x1151, 0x0A9E, 0xFECF, 0xF3E8,
    0xEB9C, 0xEF97, 0xF8A0, 0x04E0, 0x0F4C, 0x0CCA, 0x0463, 0xF9C4,
    0xF124, 0xEF9F, 0xF8B3, 0x05F0, 0x104F, 0x14CC, 0x0D38, 0x031E,
    0xF9BB, 0xF19C, 0xF588, 0xFE48, 0x09CC, 0x1278, 0x0E98, 0x03CE,
    0xF845, 0xEF8E, 0xEBE2, 0xF37E, 0x00BD, 0x0AA7, 0x0FC5, 0x0965,
    0xFF08, 0xF5F3, 0xEE73, 0xF17D, 0xFADA, 0x0649, 0x0DC1, 0x0C07,
    0x02F4, 0xF8D9, 0xF266, 0xED90, 0xF37D, 0xFF16, 0x0910, 0x0FAA,
    0x0A72, 0x0271, 0xFB09, 0xF518, 0xF575, 0xFB1D, 0x03E3, 0x0956,
    0x0923, 0x005D, 0xF71A, 0xF16C, 0xECDE, 0xF18F, 0xFA30, 0x03D8,
    0x0A55, 0x066D, 0xFF56, 0xF840, 0xF32B, 0xF368, 0xF98D, 0x04C6,
    0x0DCA, 0x0F0A, 0x076C, 0xFE3E, 0xF82F, 0xF2D4, 0xF5E7, 0xFD8D,
    0x0A46, 0x138A, 0x0FE6, 0x0922, 0xFF04, 0xF739, 0xF2F0, 0xF67C,
    0x0205, 0x0D62, 0x1089, 0x0989, 0x0258, 0xF950, 0xF19A, 0xF1C7,
    0xF96D, 0x095F, 0x126E, 0x0FFA, 0x09FF, 0x009E, 0xF8FF, 0xF401,
    0xF83E, 0x03D7, 0x0F54, 0x1381, 0x0CB3, 0x04AF, 0xFBFA, 0xF41A,
    0xF40B, 0xF9FC, 0x04C2, 0x0AB9, 0x0661, 0xFEE4, 0xF6F0, 0xF0AE,
    0xEC43, 0xF242, 0xFD8D, 0x0914, 0x0E1D, 0x07DC, 0x01B4, 0xFA29,
    0xF3F5, 0xF45B, 0xFB67, 0x07CD, 0x0FDC, 0x0E30, 0x0618, 0xFF9D,
    0xF853, 0xF282, 0xF840, 0x0170, 0x0D50, 0x13B7, 0x0ECF, 0x0921,
    0x00FA, 0xF6D3, 0xF294, 0xF658, 0xFF79, 0x0715, 0x0807, 0x0109,
    0xFBDF, 0xF37A, 0xEB7B, 0xED97, 0xF3CE, 0x0172, 0x08FF, 0x0B8F,
    0x085E, 0x01DB, 0xFBF0, 0xF3AC, 0xF7F5, 0x0288, 0x0AF4, 0x100C,
    0x0992, 0x03C4, 0xFCB5, 0xF038, 0xEF58, 0xF458, 0xFF08, 0x07F6,
    0x0613, 0x011C, 0xFA09, 0xF220, 0xEBAB, 0xF0E4, 0xFE25, 0x0A2E,
    0x118E, 0x0C75, 0x055E, 0xFB2E, 0xEEEC, 0xEE8C, 0xF5B7, 0x04C6,
    0x0ECC, 0x0FA9, 0x0A95, 0xFD99, 0xF2B3, 0xEA87, 0xF006, 0xFFF4,
    0x0FEF, 0x1A81, 0x170F, 0x0F11, 0x01C6, 0xF41F, 0xF0F7, 0xF633,
    0x042A, 0x0E17, 0x0F16, 0x0858, 0xFAB2, 0xEFA9, 0xE895, 0xEE8A,
    0xFD66, 0x0CD4, 0x1708, 0x147C, 0x0D4A, 0x017C, 0xF730, 0xF6F2,
    0xFE2C, 0x0D3E, 0x17B1, 0x1627, 0x0C9F, 0xFE0A, 0xF02F, 0xE98A,
    0xEFCA, 0xFACE, 0x0A5D, 0x1081, 0x0859, 0xFEA2, 0xEF66, 0xE88F,
    0xEB13, 0xF605, 0x0736, 0x1285, 0x12E8, 0x08DB, 0xFB79, 0xEEFB,
    0xEBA2, 0xF172, 0xFD92, 0x0E68, 0x144C, 0x0D2B, 0x0324, 0xF625,
    0xF089, 0xF0D8, 0xF99F, 0x0A41, 0x1659, 0x1A30, 0x0FD7, 0x046F,
    0xF9C8, 0xF2DA, 0xF3E6, 0xFBBD, 0x09C0, 0x0CBA, 0x05CA, 0xFAEA,
    0xF03E, 0xEA91, 0xE8D5, 0xF1CA, 0x00E8, 0x0D40, 0x0F6B, 0x07A9,
    0xFF71, 0xF8F5, 0xF3DD, 0xF752, 0x023B, 0x1001, 0x15D6, 0x0E30,
    0x024F, 0xF772, 0xEED0, 0xE9F0, 0xF3BD, 0x00B0, 0x0C37, 0x0E1B,
    0x02EE, 0xFB23, 0xF029, 0xE8EA, 0xECB9, 0xF959, 0x09D3, 0x1041,
    0x0BCA, 0x001A, 0xF4D5, 0xEBC9, 0xE6CB, 0xF02B, 0xFE30, 0x0B63,
    0x0E4F, 0x05F5, 0xFD91, 0xF194, 0xEC04, 0xEEF7, 0xFBAE, 0x0D09,
    0x1467, 0x13C3, 0x0B77, 0x00B1, 0xF631, 0xF29E, 0xF8D5, 0x03ED,
    0x0EF0, 0x0D60, 0x03DC, 0xF892, 0xEC9C, 0xE857, 0xEBFD, 0xF955,
    0x09BC, 0x0FFD, 0x0ECC, 0x03E9, 0xFA61, 0xF3B9, 0xF369, 0xFD9F,
    0x0ABA, 0x1643, 0x13B9, 0x0B47, 0xFCDF, 0xF103, 0xEBC2, 0xED08,
    0xFA37, 0x0771, 0x0DD2, 0x0AF5, 0xFF41, 0xF469, 0xEC8B, 0xEBD4,
    0xF499, 0x016C, 0x0EDB, 0x0F3E, 0x0893, 0xFCB8, 0xF1A5, 0xEDC2,
    0xF0F7, 0xFDDB, 0x0A8D, 0x12EB, 0x0F0C, 0x0478, 0xFD95, 0xF444,
    0xF558, 0xFE05, 0x0931, 0x158D, 0x15AD, 0x0EB1, 0x04EC, 0xFD01,
    0xF731, 0xFA6F, 0x0398, 0x0C80, 0x1387, 0x0B5C, 0xFFB4, 0xF7AB,
    0xEC2A, 0xED8A, 0xF584, 0x012A, 0x0E2C, 0x0E81, 0x07D0, 0xFDE6,
    0xF67D, 0xF14E, 0xF69B, 0x0295, 0x1037, 0x1868, 0x117D, 0x0713,
    0xFC29, 0xF069, 0xF0A1, 0xF7AE, 0x052F, 0x1025, 0x0F94, 0x0822,
    0xFB38, 0xF255, 0xEA19, 0xEF07, 0xFB66, 0x091B, 0x1125, 0x094D,
    0x00E1, 0xF59D, 0xEBD7, 0xEC50, 0xF4AE, 0x04F7, 0x0F80, 0x0F56,
    0x06ED, 0xF976, 0xEFA3, 0xE9C5, 0xF06D, 0xFEE7, 0x0DC3, 0x12C3,
    0x0AA4, 0x020A, 0xF563, 0xEE97, 0xF290, 0xFE7D, 0x10E1, 0x1705,
    0x12F2, 0x0822, 0xF835, 0xED29, 0xEA15, 0xF25C, 0x0198, 0x10AB,
    0x1244, 0x082A, 0xFDE3, 0xF030, 0xEB04, 0xF222, 0x00B1, 0x13B6,
    0x1ACC, 0x1708, 0x0AF7, 0xFC67, 0xF191, 0xF143, 0xFC56, 0x09D6,
    0x1732, 0x12EF, 0x065A, 0xFA55, 0xEC07, 0xE96A, 0xF134, 0x011E,
    0x0FE7, 0x115A, 0x09B7, 0xFD7E, 0xF09A, 0xEA3E, 0xEFB9, 0xFE59,
    0x0D3B, 0x15F8, 0x0F6B, 0x0329, 0xF811, 0xEC2B, 0xED1C, 0xF743,
    0x07F1, 0x12D6, 0x1089, 0x089D, 0xFB40, 0xF059, 0xEDD3, 0xF7B9,
    0x0744, 0x155E, 0x1A4C, 0x11D1, 0x05A4, 0xF62F, 0xED89, 0xF051,
    0xFAD6, 0x0AA8, 0x0E55, 0x07BB, 0xFE98, 0xF086, 0xE721, 0xE929,
    0xF495, 0x0460, 0x105C, 0x1165, 0x08C3, 0x00DA, 0xF444, 0xF218,
    0xFA05, 0x0483, 0x1366, 0x1159, 0x09F6, 0x0012, 0xF120, 0xEA83,
    0xEEF0, 0xFA42, 0x080D, 0x0DB7, 0x0A02, 0x011F, 0xF5D4, 0xECEB,
    0xEF73, 0xF8EF, 0x0710, 0x1327, 0x0F0B, 0x08A1, 0xFBA5, 0xEEA5,
    0xEC15, 0xF1E9, 0xFF4E, 0x09E7, 0x0BD6, 0x057D, 0xFA93, 0xEFD9,
    0xEB59, 0xF1A3, 0xFDDB, 0x0E82, 0x1635, 0x11F3, 0x0B52, 0xFD84,
    0xF654, 0xF531, 0xFB5D, 0x0A6E, 0x0F5D, 0x0DE5, 0x057E, 0xF5A6,
    0xEBDA, 0xE9FB, 0xF1B9, 0xFFA5, 0x0E87, 0x108E, 0x0B16, 0x02FC,
    0xF6B7, 0xF6BB, 0xFB58, 0x07AC, 0x16D6, 0x1889, 0x12CB, 0x05C1,
    0xF5FF, 0xEF3B, 0xF0CF, 0xF915, 0x05E3, 0x0F11, 0x0BAE, 0x0257,
    0xF6B1, 0xEEDF, 0xF19A, 0xF794, 0x071A, 0x1162, 0x0FE3, 0x08AD,
    0xFAE3, 0xF218, 0xEF91, 0xF529, 0x00C0, 0x0B82, 0x0F88, 0x06CE,
    0xF9A7, 0xEFFD, 0xECBB, 0xF2B9, 0xFF18, 0x0EB6, 0x1488, 0x1014,
    0x05F5, 0xFA6A, 0xF871, 0xFA03, 0x0493, 0x110A, 0x140F, 0x1072,
    0x018F, 0xF360, 0xECA6, 0xEBCD, 0xF285, 0xFE36, 0x0707, 0x05F6,
    0xFEC8, 0xF456, 0xEF8F, 0xF21D, 0xF88C, 0x06C1, 0x0FD9, 0x10C3,
    0x0A1A, 0xFD72, 0xF5BF, 0xF2F3, 0xF7E6, 0x00C8, 0x0985, 0x0C4D,
    0x034F, 0xF91A, 0xF0BA, 0xF00E, 0xF652, 0xFEA7, 0x0A72, 0x0D61,
    0x0865, 0xFE70, 0xF42F, 0xF209, 0xF4E5, 0xFEEA, 0x07B2, 0x0AED,
    0x06E6, 0xF9C6, 0xF0DD, 0xECBE, 0xEFDB, 0xF8C3, 0x01ED, 0x0911,
    0x067B, 0xFFAC, 0xF7CE, 0xF5F8, 0xFA70, 0x0236, 0x0D2F, 0x10EF,
    0x0F33, 0x0604, 0xFAA0, 0xF5C2, 0xF659, 0xFD8A, 0x0549, 0x09C6,
    0x0759, 0xFC4F, 0xF33C, 0xEF28, 0xF400, 0xFE32, 0x081D, 0x110A,
    0x0F10, 0x0837, 0xFDA0, 0xF92C, 0xFD1B, 0x038D, 0x0EBD, 0x12DF,
    0x1031, 0x05BA, 0xF82C, 0xF26D, 0xF35D, 0xFBAF, 0x04F3, 0x0BBD,
    0x0CDA, 0x0447, 0xF9A4, 0xF213, 0xF3D8, 0xFB0E, 0x0405, 0x0B1C,
    0x0A86, 0x03FB, 0xF801, 0xEFE0, 0xF100, 0xF777, 0x03CB, 0x0B10,
    0x0C17, 0x061C, 0xF8C3, 0xF1EC, 0xF19C, 0xFA38, 0x06E0, 0x11B6,
    0x1500, 0x0E00, 0x01CB, 0xF4AA, 0xF334, 0xF92D, 0x0493, 0x1133,
    0x1284, 0x0C2C, 0xFD9C, 0xEEBD, 0xEB18, 0xEDC8, 0xF7CA, 0x03ED,
    0x0AC7, 0x080E, 0xFD56, 0xF211, 0xED10, 0xF2A2, 0xFAFC, 0x08A3,
    0x1333, 0x1008, 0x06E2, 0xF878, 0xF088, 0xF36B, 0xFA92, 0x0764,
    0x10AB, 0x109C, 0x056C, 0xF700, 0xEDD8, 0xED70, 0xF6FE, 0x01D9,
    0x0DF7, 0x1144, 0x06E0, 0xF838, 0xEAF7, 0xE9BD, 0xF20C, 0xFE09,
    0x0C80, 0x118C, 0x0BCE, 0xFC57, 0xEE0A, 0xE974, 0xEDBF, 0xF972,
    0x05B2, 0x107D, 0x0F11, 0x0339, 0xF5EA, 0xEE7D, 0xF28B, 0xFB5E,
    0x089B, 0x145B, 0x155D, 0x0C4C, 0xFC3F, 0xF3E9, 0xF387, 0xF94E,
    0x04DD, 0x0CB7, 0x0FAD, 0x05F2, 0xF6A2, 0xECF8, 0xECAA, 0xF4B8,
    0x006E, 0x0E40, 0x1395, 0x0E89, 0x02AD, 0xF6B1, 0xF775, 0xFC36,
    0x05D5, 0x12BA, 0x1682, 0x13CB, 0x05F3, 0xF733, 0xF0B1, 0xF2D0,
    0xFA5F, 0x0432, 0x0E0C, 0x0CF7, 0x0483, 0xF6DB, 0xED32, 0xF05D,
    0xF4E2, 0xFFEB, 0x0C0F, 0x0E6E, 0x09EA, 0xFDC8, 0xF37E, 0xF1D8,
    0xF785, 0xFEB0, 0x0843, 0x0DC3, 0x079A, 0xFE9E, 0xF3F9, 0xF16B,
    0xF953, 0x0078, 0x0B1C, 0x1156, 0x0E6A, 0x058E, 0xFB45, 0xF854,
    0xFAF8, 0x03B4, 0x0B2A, 0x0FB9, 0x0D6B, 0x0049, 0xF400, 0xEA68,
    0xEA9F, 0xF240, 0xFBF9, 0x05D4, 0x07B5, 0x0457, 0xFA1A, 0xF317,
    0xF47F, 0xF96C, 0x05DC, 0x0EEE, 0x11BA, 0x0F36, 0x0363, 0xF93A,
    0xF481, 0xF74F, 0xFF0A, 0x06BB, 0x091A, 0x044B, 0xFC4F, 0xF0F5,
    0xEE6D, 0xF33D, 0xFA72, 0x0563, 0x093D, 0x0716, 0x0037, 0xF64E,
    0xF222, 0xF471, 0xFCBB, 0x0537, 0x0B4D, 0x0852, 0xFEB6, 0xF59D,
    0xEBC3, 0xEE05, 0xF658, 0x00ED, 0x0C0F, 0x0CB2, 0x08AF, 0xFDB9,
    0xF5A3, 0xF5DE, 0xFBC3, 0x0892, 0x1196, 0x14E2, 0x0E33, 0x0293,
    0xF768, 0xEFB7, 0xF360, 0xFA97, 0x03EA, 0x08EE, 0x04B0, 0xFDC7,
    0xF3A2, 0xF0C9, 0xF6E0, 0x0033, 0x0C73, 0x1381, 0x1351, 0x0B10,
    0x0113, 0xFA6E, 0xFAAB, 0x035F, 0x0AF4, 0x1121, 0x0F73, 0x06AC,
    0xFB49, 0xEF3D, 0xEF12, 0xF4BF, 0xFF6D, 0x0B40, 0x0DF4, 0x0A2A,
    0xFD2B, 0xF253, 0xEE86, 0xF38C, 0xFF40, 0x0989, 0x101B, 0x0BA9,
    0x0265, 0xF4C3, 0xEB8E, 0xF03C, 0xF7C1, 0x03B1, 0x0C58, 0x0C8F,
    0x089A, 0xFC70, 0xF549, 0xF630, 0xFCDC, 0x08E1, 0x12AA, 0x154B,
    0x0F16, 0x058C, 0xF847, 0xF3E3, 0xF95C, 0xFE61, 0x0831, 0x0A44,
    0x0518, 0xFD20, 0xEEEC, 0xE922, 0xECEE, 0xF6F7, 0x0445, 0x0E9C,
    0x0E59, 0x06BA, 0xFE6B, 0xF2AB, 0xF2D0, 0xFB7C, 0x0431, 0x10A6,
    0x11AC, 0x0C52, 0x01E8, 0xF2DE, 0xEE7F, 0xF105, 0xFA2D, 0x05AD,
    0x0C1E, 0x0A90, 0x0327, 0xF96C, 0xEF17, 0xEF5B, 0xF596, 0xFF99,
    0x0A91, 0x099D, 0x0536, 0xFB3D, 0xF094, 0xEDBC, 0xF070, 0xFBDF,
    0x0743, 0x0D09, 0x0936, 0x00F4, 0xF703, 0xEF6E, 0xF3A6, 0xFB9B,
    0x0937, 0x122F, 0x0FE1, 0x0C60, 0x00C9, 0xF724, 0xF3E5, 0xF73F,
    0x0475, 0x0DA6, 0x0FBF, 0x096B, 0xFF63, 0xF36C, 0xEB31, 0xEE56,
    0xF633, 0x059A, 0x0EED, 0x0D65, 0x0A0D, 0xFE73, 0xF546, 0xF3B1,
    0xF8D1, 0x06DC, 0x12B2, 0x15E0, 0x11A2, 0x0992, 0xFCB9, 0xF3BB,
    0xF581, 0xFD01, 0x0B1B, 0x10DC, 0x0CD4, 0x05E5, 0xF9EF, 0xF033,
    0xEC23, 0xF3B0, 0xFFEA, 0x0A8C, 0x0C7F, 0x052B, 0xFEE7, 0xF1C2,
    0xEB70, 0xF1DC, 0xFB67, 0x0AAD, 0x1063, 0x0DE8, 0x0812, 0xFC58,
    0xF17E, 0xEF08, 0xFA42, 0x07A6, 0x1210, 0x13F7, 0x0C16, 0x0560,
    0xF7D1, 0xF06F, 0xF7D7, 0x021B, 0x0FAE, 0x1511, 0x110F, 0x07AD,
    0xFAC8, 0xEDB2, 0xEA5C, 0xF48E, 0xFF51, 0x08AD, 0x08EE, 0x029F,
    0xFB52, 0xEE5B, 0xE964, 0xF102, 0xFEE8, 0x0B26, 0x0FA5, 0x0EDF,
    0x06F4, 0xFDB5, 0xF3CF, 0xF35C, 0xFE31, 0x067B, 0x0E94, 0x0CF8,
    0x05C0, 0xFC14, 0xED82, 0xEB29, 0xF113, 0xFB80, 0x05D6, 0x08A5,
    0x079D, 0xFE59, 0xF492, 0xED2E, 0xEF46, 0xFA0F, 0x0376, 0x0CE5,
    0x0C18, 0x073E, 0xFEC4, 0xF2AD, 0xEF83, 0xF29F, 0xFB17, 0x057E,
    0x0A87, 0x091E, 0x0301, 0xFB8F, 0xF49F, 0xF7FE, 0xFEB7, 0x07B3,
    0x1199, 0x102E, 0x0D18, 0x04B0, 0xF995, 0xF5AF, 0xF56A, 0xFB5A,
    0x03B8, 0x0780, 0x0546, 0xFFC6, 0xF9C6, 0xF1B6, 0xF347, 0xF868,
    0x02C3, 0x0F0F, 0x0F6E, 0x0E8F, 0x089E, 0x00CE, 0xFC5C, 0xFB9C,
    0x024F, 0x0AEA, 0x0FBC, 0x0C9F, 0x065D, 0xFDE7, 0xF1A7, 0xED9C,
    0xF03A, 0xFA07, 0x053D, 0x083D, 0x07F7, 0x0293, 0xFA72, 0xF162,
    0xF04D, 0xF92C, 0x0410, 0x0D5B, 0x0CDE, 0x0940, 0x01B0, 0xF508,
    0xEFCF, 0xF245, 0xFCF8, 0x07E8, 0x0D5D, 0x0DB9, 0x07C2, 0xFF6C,
    0xF4E3, 0xF577, 0xFFCE, 0x0A63, 0x13E8, 0x1377, 0x1061, 0x076D,
    0xF7B5, 0xF0C3, 0xF318, 0xFC26, 0x051A, 0x08CB, 0x0681, 0xFF14,
    0xF404, 0xE876, 0xE920, 0xF22E, 0xFFE9, 0x0C91, 0x0F12, 0x0DC9,
    0x0311, 0xF598, 0xF077, 0xF3B0, 0xFF69, 0x0B63, 0x1201, 0x0F81,
    0x067E, 0xF8CC, 0xEB65, 0xE975, 0xF071, 0xFF6C, 0x0BA5, 0x0DBA,
    0x0BD6, 0xFF53, 0xF2D1, 0xEB47, 0xEBC5, 0xF96D, 0x06D4, 0x0F47,
    0x0E63, 0x05CC, 0xF858, 0xEBB9, 0xE92E, 0xF060, 0xFFB3, 0x0AC8,
    0x0DF9, 0x0B7C, 0xFF86, 0xF387, 0xEC5E, 0xF07F, 0xFFA8, 0x0F9A,
    0x1881, 0x15BB, 0x0CE8, 0xFE5E, 0xF1D5, 0xEF1B, 0xF621, 0x0611,
    0x1111, 0x1275, 0x0B29, 0xFD1E, 0xEFC4, 0xE6B7, 0xEC41, 0xFA16,
    0x09A5, 0x14FB, 0x1164, 0x0A61, 0xFD17, 0xEF74, 0xEF6D, 0xF816,
    0x090D, 0x16BB, 0x1906, 0x111E, 0x04BC, 0xF686, 0xEBA1, 0xEFAD,
    0xFA7F, 0x09CB, 0x1344, 0x0D85, 0x054F, 0xF874, 0xEC56, 0xEBF0,
    0xF40F, 0x0168, 0x0E96, 0x113C, 0x085D, 0xFF3E, 0xF3A1, 0xEAEC,
    0xF0BB, 0xFCA9, 0x0BE2, 0x141F, 0x0F16, 0x06A1, 0xFAE5, 0xF0F9,
    0xEF0B, 0xF8DB, 0x078F, 0x1437, 0x1948, 0x0EE1, 0x0442, 0xF8F1,
    0xEF72, 0xF531, 0x00D8, 0x0DEE, 0x14D4, 0x103E, 0x04F8, 0xF639,
    0xEB6C, 0xE7C9, 0xF064, 0xFDB9, 0x0876, 0x0CA8, 0x038C, 0xFA24,
    0xF122, 0xEB10, 0xEFA5, 0xFBB9, 0x09C2, 0x11DE, 0x10DB, 0x0762,
    0xFC60, 0xF4D4, 0xF1C3, 0xF78D, 0x01C6, 0x0BD3, 0x0F59, 0x0693,
    0xFDD1, 0xF363, 0xED2C, 0xEEE2, 0xF75D, 0x0425, 0x08FE, 0x08C2,
    0x009B, 0xF7C8, 0xF2D6, 0xF05C, 0xF57F, 0xFF16, 0x0A68, 0x0D09,
    0x0651, 0xFED1, 0xF50B, 0xF01C, 0xEF9C, 0xF766, 0x045A, 0x0B48,
    0x0EB4, 0x0992, 0x00FD, 0xFAA9, 0xF738, 0xF9DA, 0x02FE, 0x0E9A,
    0x1327, 0x0FBB, 0x089A, 0xFE73, 0xF637, 0xF1D8, 0xF658, 0xFF6D,
    0x0721, 0x0ADA, 0x045E, 0xFCE8, 0xF510, 0xF170, 0xF451, 0xFB25,
    0x080A, 0x0FFC, 0x0FFC, 0x0B42, 0x03A0, 0xFC69, 0xF86A, 0xFCE6,
    0x0356, 0x0B8C, 0x0FDF, 0x08A4, 0x00B9, 0xF6D9, 0xF0E0, 0xF1D9,
    0xF702, 0x037C, 0x0C74, 0x0AF8, 0x03EE, 0xFC34, 0xF4B6, 0xF220,
    0xF767, 0xFF21, 0x0B64, 0x117E, 0x0A90, 0x027F, 0xF805, 0xF1E2,
    0xF0ED, 0xF557, 0x028E, 0x0D94, 0x0ED2, 0x089F, 0x0278, 0xFA36,
    0xF60C, 0xF97B, 0x00BE, 0x0EF8, 0x16A3, 0x10E3, 0x08A6, 0xFE9C,
    0xF72F, 0xF199, 0xF38C, 0xFEE5, 0x078E, 0x0812, 0xFF7C, 0xF813,
    0xEF81, 0xE9B5, 0xED32, 0xF716, 0x063B, 0x0DDE, 0x0AD9, 0x03CD,
    0xFD0A, 0xF78D, 0xF2B4, 0xF95A, 0x05EE, 0x0EAA, 0x0F3D, 0x068A,
    0xFEC6, 0xF471, 0xED99, 0xEF2C, 0xF8E6, 0x0690, 0x0C6B, 0x09DC,
    0x003C, 0xF73B, 0xF063, 0xEC36, 0xF554, 0x028F, 0x0C27, 0x0E64,
    0x06D5, 0xFE22, 0xF315, 0xEC57, 0xEE27, 0xF863, 0x0504, 0x0C33,
    0x0C1C, 0x02C7, 0xFB38, 0xF577, 0xF2A1, 0xFB26, 0x071D, 0x114A,
    0x14A0, 0x0F16, 0x061F, 0xFC79, 0xF87C, 0xF894, 0x0066, 0x09CC,
    0x0D7F, 0x0B27, 0xFED9, 0xF58C, 0xEFCC, 0xEE06, 0xF50D, 0x001C,
    0x0B52, 0x0D75, 0x0788, 0xFF11, 0xF7F7, 0xF7D0, 0xFA1B, 0x02C7,
    0x0E01, 0x1399, 0x110B, 0x04D8, 0xFBF4, 0xF509, 0xF309, 0xF78D,
    0x00E9, 0x0BAE, 0x0C74, 0x05D3, 0xFC5C, 0xF4D0, 0xF1EB, 0xF2CF,
    0xFB3A, 0x0691, 0x0E07, 0x0B79, 0x0190, 0xFBA1, 0xF5C8, 0xF4E4,
    0xF831, 0x0003, 0x0A34, 0x09E6, 0x04B0, 0xFD6E, 0xF926, 0xF7DB,
    0xF909, 0x00C4, 0x08EF, 0x0F41, 0x0C5E, 0x050B, 0x030C, 0xFF27,
    0xFE3C, 0x011F, 0x0732, 0x0D14, 0x0AAE, 0x0380, 0xFAD4, 0xF567,
    0xF0A9, 0xF074, 0xF75B, 0xFD8C, 0x0464, 0x027D, 0xFBFF, 0xF964,
    0xF5B7, 0xF599, 0xF975, 0x0163, 0x07AD, 0x0AF6, 0x0860, 0x01BE,
    0xFE95, 0xF87E, 0xF63A, 0xFA39, 0xFECF, 0x061A, 0x0584, 0x002F,
    0xFD16, 0xF861, 0xF4AB, 0xF4B8, 0xFB48, 0x00DE, 0x0602, 0x0648,
    0x013A, 0xFE5A, 0xF787, 0xF480, 0xF81E, 0xFCCD, 0x0415, 0x04AB,
    0x0112, 0xFDD4, 0xF912, 0xF52A, 0xF63A, 0xFD94, 0x0373, 0x0A3C,
    0x0A2D, 0x05F7, 0x03AD, 0xFE22, 0xFCEF, 0x006C, 0x079B, 0x0F8D,
    0x0FE6, 0x0AB0, 0x0277, 0xFA94, 0xF2F3, 0xF30C, 0xFAD8, 0x01DC,
    0x096B, 0x0819, 0x0283, 0xFD36, 0xF50B, 0xF395, 0xF871, 0x0300,
    0x0E0A, 0x0FA9, 0x0C53, 0x04F7, 0xFD21, 0xF57F, 0xF586, 0xFC41,
    0x03BA, 0x0B98, 0x083D, 0x02B5, 0xFD53, 0xF4DC, 0xF301, 0xF690,
    0xFFE2, 0x0960, 0x0AC8, 0x06A4, 0x00DA, 0xFA1D, 0xF2D0, 0xF5A0,
    0xFD9B, 0x06F9, 0x0DF0, 0x083C, 0x0237, 0xFAB8, 0xF271, 0xF213,
    0xF876, 0x0534, 0x0DDA, 0x0E5B, 0x085A, 0x00F9, 0xFA63, 0xF45D,
    0xFB44, 0x0615, 0x10DF, 0x1625, 0x0E8D, 0x075C, 0xFCEB, 0xF271,
    0xF0A7, 0xF6C1, 0x0310, 0x09CC, 0x0883, 0x0118, 0xF8CC, 0xF0D7,
    0xEAEE, 0xF1AE, 0xFCFE, 0x08CA, 0x0C37, 0x0615, 0x0062, 0xF746,
    0xF0B5, 0xF1F4, 0xFC87, 0x08EA, 0x0BBF, 0x0853, 0x005D, 0xF815,
    0xF0F1, 0xEEF8, 0xF8AA, 0x0550, 0x0D62, 0x0A13, 0x0316, 0xFBFF,
    0xF1BB, 0xEF69, 0xF35B, 0x0074, 0x0CA9, 0x0BCB, 0x07CC, 0xFED3,
    0xF429, 0xED5B, 0xEE86, 0xFA43, 0x07CA, 0x0E03, 0x08CC, 0x0351,
    0xFA8D, 0xF0FC, 0xF250, 0xF935, 0x0923, 0x13A6, 0x10CF, 0x0CD5,
    0x0490, 0xFA99, 0xF698, 0xFA92, 0x05C4, 0x0FA8, 0x0F43, 0x06F8,
    0x0188, 0xF7B2, 0xF0B4, 0xF460, 0xFC29, 0x0A1D, 0x0CFA, 0x070F,
    0x0254, 0xF9FC, 0xF3BC, 0xF3FC, 0xFD1E, 0x09D6, 0x10B0, 0x0D20,
    0x03AF, 0xFC38, 0xF177, 0xEEE4, 0xF694, 0x028C, 0x0ED6, 0x0D11,
    0x06CF, 0xFE57, 0xF445, 0xF046, 0xF36B, 0x0053, 0x0C79, 0x0F11,
    0x0A05, 0x00B2, 0xF9D2, 0xF35D, 0xF4C8, 0xFE59, 0x0948, 0x0E17,
    0x0902, 0x02CB, 0xF920, 0xF297, 0xF2EA, 0xFA58, 0x08BA, 0x0E9D,
    0x0CEA, 0x05AE, 0xFC36, 0xF854, 0xF732, 0xFF8A, 0x0BFC, 0x140E,
    0x111B, 0x0759, 0xFCDB, 0xF156, 0xEEF6, 0xF338, 0xFF6F, 0x0B25,
    0x09C9, 0x03C9, 0xF7EA, 0xEE15, 0xED07, 0xF0A6, 0xFE6A, 0x0B92,
    0x0ED7, 0x082F, 0xFE4D, 0xF51B, 0xEF18, 0xF321, 0xFB3B, 0x0747,
    0x0CC0, 0x0672, 0xFF14, 0xF450, 0xEEEA, 0xF2CB, 0xFB47, 0x088E,
    0x0F1B, 0x0AF2, 0xFFA3, 0xF5A2, 0xF0E6, 0xF208, 0xFC9E, 0x07C9,
    0x107E, 0x0D9E, 0x0167, 0xF55A, 0xEBB1, 0xED7A, 0xF60B, 0x038A,
    0x0D8D, 0x0D92, 0x05EC, 0xF743, 0xF0C0, 0xF250, 0xF913, 0x0891,
    0x1347, 0x1664, 0x1017, 0x01BC, 0xF828, 0xF56C, 0xF9EF, 0x0320,
    0x0DE7, 0x0FF0, 0x09D5, 0xFE9B, 0xF030, 0xEFBF, 0xF558, 0xFDD2,
    0x0B9C, 0x1064, 0x0D80, 0x0295, 0xF6AD, 0xF2D7, 0xF687, 0x0020,
    0x0AD2, 0x1210, 0x0CB6, 0x011D, 0xF345, 0xE9EB, 0xEFF2, 0xFA01,
    0x0754, 0x1092, 0x0E79, 0x0666, 0xF86B, 0xF10B, 0xF1BC, 0xFA88,
    0x07B1, 0x0FD4, 0x12A6, 0x0983, 0xFD69, 0xF3F6, 0xEFC0, 0xF82A,
    0x02BD, 0x0AFA, 0x0D6F, 0x079B, 0xFD8E, 0xF367, 0xF212, 0xF75D,
    0x03E9, 0x0DEA, 0x0FD4, 0x0D08, 0x013E, 0xFA07, 0xF6D5, 0xF9FD,
    0x0587, 0x0DCD, 0x1016, 0x0980, 0xFDD2, 0xF206, 0xED80, 0xF0FB,
    0xFA1F, 0x06BF, 0x09C7, 0x06F3, 0xFEFB, 0xF40A, 0xF307, 0xF40A,
    0xFC08, 0x08CE, 0x0CC2, 0x0A70, 0x00B8, 0xF722, 0xF1D5, 0xF23A,
    0xF822, 0x00EE, 0x0835, 0x058A, 0xFF83, 0xF814, 0xF2E8, 0xF5F8,
    0xFAB0, 0x0466, 0x0B2F, 0x0913, 0x023A, 0xF866, 0xF52C, 0xF5FF,
    0xFC33, 0x0553, 0x0A53, 0x0917, 0xFFE6, 0xF650, 0xF07A, 0xF2E5,
    0xFA4D, 0x033B, 0x0B7C, 0x0AA5, 0x0598, 0xFBDC, 0xF4C3, 0xF785,
    0xFBA5, 0x0678, 0x0F06, 0x0EBB, 0x0A29, 0xFF08, 0xF795, 0xF740,
    0xFBF6, 0x0333, 0x0944, 0x0A54, 0x04BA, 0xFDA8, 0xF566, 0xF4A5,
    0xFBF7, 0x0229, 0x0C40, 0x0F2F, 0x09D8, 0x01EE, 0xF886, 0xF6B1,
    0xFAF6, 0x0408, 0x0B60, 0x0D7D, 0x0863, 0xFCD2, 0xF44F, 0xEF7B,
    0xF342, 0xFE06, 0x078E, 0x0DAA, 0x0AA3, 0x0200, 0xF66C, 0xF1D4,
    0xF4F5, 0xFCA2, 0x0A3E, 0x0F28, 0x0D88, 0x05C8, 0xFA09, 0xF508,
    0xF45A, 0xFC03, 0x0761, 0x0DDA, 0x0EC7, 0x075F, 0xFD3C, 0xF461,
    0xF39D, 0xF9D3, 0x043D, 0x0EF7, 0x0E4F, 0x07C6, 0xFD5F, 0xF45F,
    0xF54B, 0xFA6E, 0x0666, 0x0FC0, 0x0F90, 0x0817, 0xFB14, 0xF088,
    0xEB08, 0xF0B4, 0xFBF4, 0x0782, 0x0D97, 0x07BD, 0xFD8D, 0xF19C,
    0xEE52, 0xF3C6, 0xFD80, 0x0B74, 0x100C, 0x0CD4, 0x027D, 0xF5F3,
    0xF033, 0xF020, 0xF9BC, 0x04A3, 0x0BCB, 0x0A43, 0x0013, 0xF545,
    0xEC38, 0xEEDB, 0xF777, 0x032A, 0x0DA9, 0x0C20, 0x04A3, 0xF7CF,
    0xF001, 0xF1C3, 0xF8A0, 0x06E6, 0x0FB3, 0x0FC1, 0x0753, 0xF92F,
    0xEF62, 0xED4A, 0xF5B0, 0x01E7, 0x0D68, 0x0F91, 0x07C6, 0xFCCF,
    0xF066, 0xF03C, 0xF71C, 0x025E, 0x1193, 0x1563, 0x10F7, 0x0529,
    0xF766, 0xF178, 0xF45A, 0xFFAD, 0x0A69, 0x104D, 0x0B92, 0xFFFD,
    0xF3B5, 0xEC2B, 0xF349, 0xFD6D, 0x0A58, 0x14C1, 0x1200, 0x0935,
    0xFB8A, 0xF370, 0xF54E, 0xFEB3, 0x0B8C, 0x1353, 0x131D, 0x06A3,
    0xF6F7, 0xEAED, 0xE8C2, 0xF55B, 0x024F, 0x0DB3, 0x1175, 0x0887,
    0xFB43, 0xEEF2, 0xED94, 0xF51A, 0x032C, 0x1059, 0x1517, 0x11E2,
    0x0302, 0xF490, 0xED87, 0xF1BB, 0xFFD6, 0x0C07, 0x1396, 0x0F55,
    0x02E8, 0xF3BE, 0xEA3F, 0xEF72, 0xFA49, 0x0A46, 0x1401, 0x1319,
    0x0B49, 0xFC07, 0xF238, 0xF157, 0xFB26, 0x095E, 0x112B, 0x1148,
    0x069E, 0xF7B1, 0xE8C1, 0xE44B, 0xEEEC, 0xFC1A, 0x0AFA, 0x0FC4,
    0x0A61, 0x0001, 0xF1A8, 0xEC97, 0xF180, 0xFF9A, 0x0EAB, 0x153B,
    0x12B9, 0x062D, 0xF7D2, 0xEB73, 0xEABB, 0xF55F, 0x0103, 0x0B07,
    0x0A95, 0x0334, 0xF792, 0xECBB, 0xEA5C, 0xF193, 0x0119, 0x0D2E,
    0x111C, 0x0B7F, 0xFF3B, 0xF546, 0xEE72, 0xF2B5, 0xFDFB, 0x08E2,
    0x0F62, 0x0A2F, 0x0207, 0xF604, 0xED84, 0xEEA8, 0xF5CF, 0x051B,
    0x0F22, 0x108C, 0x0ACF, 0xFFD4, 0xF73A, 0xF27A, 0xF958, 0x046E,
    0x1086, 0x1522, 0x0DC5, 0x048C, 0xF78F, 0xEFDA, 0xEF0E, 0xF4D8,
    0x0271, 0x0BA1, 0x0BD5, 0x0631, 0xFDDF, 0xF614, 0xF27D, 0xF960,
    0x04FA, 0x1230, 0x151F, 0x0F56, 0x0916, 0xFCB7, 0xF63D, 0xF483,
    0xF9CC, 0x059C, 0x0ACE, 0x093C, 0x0217, 0xF9D3, 0xF0E1, 0xEDAE,
    0xF564, 0x0004, 0x0CF0, 0x0E8F, 0x0986, 0x032B, 0xF675, 0xF1D3,
    0xF2E6, 0xFC64, 0x09CB, 0x0F43, 0x0DDC, 0x0647, 0xFC20, 0xF1A5,
    0xEE3C, 0xF549, 0x0260, 0x0DFF, 0x0F5E, 0x0C15, 0x033C, 0xF747,
    0xF339, 0xF4EF, 0x004F, 0x0D83, 0x12E1, 0x1205, 0x09FA, 0xFD8B,
    0xF07C, 0xED15, 0xF2B0, 0xFE40, 0x084E, 0x0830, 0x062F, 0xFB69,
    0xEFE2, 0xED85, 0xF097, 0xFDA3, 0x097D, 0x0F1D, 0x0EA7, 0x06A1,
    0xFC21, 0xF263, 0xF1EB, 0xF8D7, 0x046C, 0x0C7E, 0x0A8D, 0x065F,
    0xF9DF, 0xED2D, 0xEB5E, 0xEEF0, 0xFC09, 0x08AC, 0x0C7D, 0x0B38,
    0x0301, 0xF6C2, 0xEDB1, 0xEEBA, 0xF637, 0x04FB, 0x0E61, 0x0DA4,
    0x0AB5, 0xFCC9, 0xEFF3, 0xEC5A, 0xF092, 0xFD10, 0x08E1, 0x0ECA,
    0x0C24, 0x0515, 0xF869, 0xEF35, 0xF236, 0xF972, 0x0935, 0x129A,
    0x1235, 0x0F51, 0x02BA, 0xF6BA, 0xF1D9, 0xF5CA, 0x0030, 0x09DD,
    0x0E08, 0x0954, 0x01D5, 0xF5B7, 0xEC56, 0xF01B, 0xF8DC, 0x089B,
    0x118D, 0x1115, 0x0DC6, 0x01F0, 0xF697, 0xF3B8, 0xFB81, 0x0605,
    0x0FFA, 0x1346, 0x0D86, 0x0453, 0xF503, 0xEB48, 0xED81, 0xF63F,
    0x04B5, 0x0C7E, 0x0D10, 0x0774, 0xFB65, 0xEF19, 0xEB58, 0xF4D0,
    0xFFCC, 0x0C5D, 0x11C6, 0x0DBF, 0x0684, 0xF858, 0xEFDE, 0xF167,
    0xF9DF, 0x0789, 0x0E2B, 0x0F89, 0x098F, 0xFD04, 0xF192, 0xEE54,
    0xF82B, 0x031A, 0x0F1E, 0x146D, 0x1102, 0x0839, 0xFAD2, 0xF424,
    0xF55A, 0xFD91, 0x07E4, 0x0C88, 0x0BF2, 0x030F, 0xF5F2, 0xEA76,
    0xE814, 0xF108, 0xFB75, 0x0844, 0x0D67, 0x0A04, 0x00DC, 0xF54C,
    0xF1F8, 0xF526, 0xFF9A, 0x0B79, 0x11F2, 0x109E, 0x06E6, 0xFAE4,
    0xEECD, 0xEC85, 0xF380, 0xFB41, 0x06F8, 0x0A1B, 0x05B5, 0xFD40,
    0xF2A5, 0xEF9A, 0xF199, 0xF9B0, 0x03F7, 0x0BE4, 0x0B89, 0x0498,
    0xFCDB, 0xF404, 0xF418, 0xF81D, 0xFD2E, 0x0726, 0x08D4, 0x0602,
    0xFF8E, 0xF7B9, 0xF59C, 0xF4FC, 0xFAF9, 0x0468, 0x0D2A, 0x0D47,
    0x0916, 0x04FF, 0xFDD5, 0xFC67, 0xFC24, 0x0108, 0x09BD, 0x0B49,
    0x085A, 0x014A, 0xFB08, 0xF4DB, 0xF07D, 0xF498, 0xFC99, 0x064C,
    0x0927, 0x07FC, 0x05A6, 0xFEA7, 0xFA94, 0xF9B3, 0x0082, 0x0A81,
    0x1000, 0x0FE2, 0x0A04, 0x040A, 0xF982, 0xF127, 0xF2AE, 0xF972,
    0x03DD, 0x06F4, 0x05EC, 0x0200, 0xF922, 0xF213, 0xEF0D, 0xF627,
    0x00DC, 0x0A05, 0x0CD2, 0x0A07, 0x048B, 0xF8F9, 0xF25D, 0xF47C,
    0xFC96, 0x07C4, 0x0B66, 0x0B49, 0x068A, 0xFBE1, 0xF3A5, 0xF040,
    0xF875, 0x04B2, 0x0F81, 0x133C, 0x0FB0, 0x092D, 0xFCD9, 0xF652,
    0xF77D, 0x00CB, 0x0BF0, 0x1003, 0x0F03, 0x050B, 0xF7B9, 0xECFE,
    0xE832, 0xEFE3, 0xFBE5, 0x06A6, 0x0B19, 0x084E, 0x00E1, 0xF5FF,
    0xF0E4, 0xF36E, 0xFF4F, 0x0C64, 0x12EB, 0x1307, 0x089B, 0xFC46,
    0xF192, 0xECE5, 0xF36A, 0xFD64, 0x08D3, 0x0AC8, 0x062B, 0xFCEA,
    0xF05C, 0xEC6D, 0xEE7E, 0xF9F7, 0x064E, 0x0E01, 0x0D32, 0x0423,
    0xFAC8, 0xF087, 0xEF1F, 0xF672, 0x00F8, 0x0C23, 0x0C7D, 0x0636,
    0xFD18, 0xF257, 0xEEB3, 0xF1EC, 0xFC42, 0x088F, 0x10D1, 0x0FBD,
    0x0810, 0x0023, 0xF799, 0xF7C4, 0xFDC1, 0x0680, 0x1013, 0x0FD4,
    0x0A90, 0x003C, 0xF591, 0xEFE6, 0xF056, 0xF855, 0x0190, 0x0A29,
    0x087A, 0x0280, 0xFCDD, 0xF5CB, 0xF6F1, 0xFB70, 0x04AC, 0x0E8F,
    0x110E, 0x0D95, 0x04A3, 0xFCC2, 0xF6A0, 0xF62E, 0xFBFB, 0x021F,
    0x0966, 0x0761, 0xFFD7, 0xFA0F, 0xF2C8, 0xF1EC, 0xF5CE, 0xFDFE,
    0x06CD, 0x0A52, 0x079B, 0x0040, 0xFBAD, 0xF6B2, 0xF637, 0xFBA9,
    0x024C, 0x0A04, 0x094F, 0x0337, 0xFD10, 0xF7C2, 0xF664, 0xF8D1,
    0x0121, 0x07CF, 0x0CB7, 0x0B3A, 0x055C, 0x02F3, 0xFDD3, 0xFE03,
    0x0262, 0x07FD, 0x0D8D, 0x0C51, 0x07A9, 0x013B, 0xFB81, 0xF7A5,
    0xF618, 0xFAD1, 0xFE11, 0x0230, 0x016D, 0xFD05, 0xFC0C, 0xF873,
    0xF9C2, 0xFCDE, 0x01AA, 0x073F, 0x0911, 0x07C0, 0x02FD, 0xFF8B,
    0xFC5E, 0xFA44, 0xFC94, 0xFED2, 0x024C, 0x021A, 0xFE96, 0xFC1A,
    0xF88E, 0xF7A8, 0xF60C, 0xF995, 0xFE31, 0x01A5, 0x0345, 0xFFCF,
    0xFF9B, 0xFC2F, 0xF881, 0xF826, 0xFA19, 0x007F, 0x0356, 0x038F,
    0x017F, 0xFE0E, 0xFAAA, 0xF5D1, 0xF7D7, 0xFD65, 0x0482, 0x0887,
    0x0718, 0x0737, 0x0266, 0xFCCE, 0xFAAA, 0xFDC5, 0x065C, 0x0A91,
    0x0B2D, 0x0823, 0x02AE, 0xFADA, 0xF24D, 0xF2A7, 0xF7F0, 0x00F0,
    0x0513, 0x04D2, 0x03ED, 0xFC19, 0xF597, 0xF332, 0xF9F7, 0x05CA,
    0x0D6B, 0x1117, 0x0DC5, 0x0755, 0xFCE8, 0xF417, 0xF620, 0xFE33,
    0x08A4, 0x0C1C, 0x0A6C, 0x043F, 0xF804, 0xEE93, 0xEB83, 0xF3FD,
    0x0109, 0x09EB, 0x0D8A, 0x0897, 0x001B, 0xF531, 0xEE3E, 0xF326,
    0xFD5E, 0x0973, 0x0DC8, 0x0C84, 0x0547, 0xF880, 0xF026, 0xEE7F,
    0xF8A5, 0x0565, 0x0F8E, 0x11C4, 0x0A79, 0x01BE, 0xF6F9, 0xF3ED,
    0xFA95, 0x05B2, 0x129E, 0x1550, 0x114B, 0x062E, 0xF92E, 0xF15F,
    0xF0D3, 0xFA15, 0x03BA, 0x0BB0, 0x09A2, 0x0055, 0xF743, 0xEE09,
    0xEDEE, 0xF5A6, 0x0292, 0x0EF5, 0x116A, 0x0DDB, 0x02F6, 0xF8E3,
    0xF442, 0xF59E, 0xFEEA, 0x07EA, 0x0F45, 0x0BB2, 0x01BF, 0xF761,
    0xEED5, 0xEE67, 0xF349, 0xFE4A, 0x0733, 0x0885, 0x04BF, 0xFAA8,
    0xF47D, 0xF237, 0xF485, 0xFD31, 0x04EE, 0x0BB3, 0x075E, 0xFF0D,
    0xF87F, 0xF3DA, 0xF4B6, 0xF882, 0x00ED, 0x070E, 0x0903, 0x04A1,
    0xFD00, 0xFAB0, 0xF8F6, 0xFC30, 0x032C, 0x0A4B, 0x10CA, 0x0C62,
    0x052D, 0xFF14, 0xFAAE, 0xF907, 0xFAB8, 0x00EF, 0x052C, 0x05DF,
    0xFF56, 0xF835, 0xF643, 0xF377, 0xF5CB, 0xFB1A, 0x020D, 0x0A31,
    0x07B1, 0x04C2, 0x02D7, 0x0050, 0xFE83, 0xFFEA, 0x052C, 0x0847,
    0x0A43, 0x04D2, 0x0140, 0xFEE0, 0xF7D0, 0xF6E6, 0xF797, 0xFC0B,
    0x02B6, 0x0107, 0xFFB3, 0xFF6E, 0xFCC9, 0xF87D, 0xF929, 0xFCE7,
    0x00AF, 0x0578, 0x02D3, 0x01CB, 0xFFDD, 0xF99D, 0xF84F, 0xF8BA,
    0xFDFD, 0x0439, 0x0485, 0x0486, 0x03FA, 0x00D8, 0xFA89, 0xFB8A,
    0x003D, 0x061C, 0x0E68, 0x0CF1, 0x0C49, 0x0837, 0xFE3F, 0xF99D,
    0xF82D, 0xFD9F, 0x04E5, 0x0725, 0x049C, 0x0081, 0xF8F7, 0xEF15,
    0xF090, 0xF590, 0xFEFC, 0x0A33, 0x0AE5, 0x0AF4, 0x0657, 0xFCAD,
    0xF782, 0xF884, 0x011B, 0x0B3F, 0x0F17, 0x0A97, 0x055C, 0xFCBA,
    0xF05A, 0xEFA4, 0xF438, 0xFE54, 0x077C, 0x05E3, 0x03A1, 0xFC5A,
    0xF25C, 0xED76, 0xF1F7, 0xFE9D, 0x09AE, 0x0D6F, 0x07F5, 0x02B1,
    0xF7EA, 0xEC61, 0xF04F, 0xF934, 0x0745, 0x0EBF, 0x0A1E, 0x04CD,
    0xFB2B, 0xF100, 0xEE64, 0xF7D1, 0x079B, 0x1361, 0x1528, 0x0D77,
    0x0601, 0xF847, 0xEEA3, 0xF4DE, 0xFFC9, 0x0CF4, 0x0FFF, 0x0A1A,
    0x0192, 0xF4AE, 0xE955, 0xE795, 0xF437, 0x0503, 0x0EB0, 0x0E52,
    0x06A2, 0xFF80, 0xF3E7, 0xF044, 0xFB58, 0x09BD, 0x1648, 0x1519,
    0x0E10, 0x03D4, 0xF5C3, 0xED48, 0xF08A, 0xFF73, 0x0B8E, 0x0E9D,
    0x080A, 0xFDB1, 0xF474, 0xE92C, 0xEAF9, 0xF9AC, 0x09D1, 0x11D7,
    0x0C65, 0x053B, 0xF9A8, 0xEE79, 0xEC61, 0xF44B, 0x0591, 0x0F6E,
    0x0F3B, 0x0882, 0xFD48, 0xF290, 0xEAF9, 0xF104, 0x01A1, 0x1140,
    0x1436, 0x0DA5, 0x07D1, 0xFB59, 0xF436, 0xF5BE, 0xFF94, 0x0FDD,
    0x1310, 0x0EA4, 0x050D, 0xF951, 0xEFC7, 0xEC6F, 0xF455, 0x0201,
    0x0BC9, 0x088B, 0x01D9, 0xFBA7, 0xF16D, 0xF0A5, 0xF75E, 0x0513,
    0x12AE, 0x1297, 0x0CBF, 0x02FF, 0xF9B5, 0xF3E7, 0xF635, 0x0017,
    0x0B96, 0x111A, 0x08CC, 0xFED5, 0xF630, 0xEC79, 0xEED9, 0xF73C,
    0x037C, 0x0BF0, 0x08BD, 0x0219, 0xF8C8, 0xF2C9, 0xF0EF, 0xF7E2,
    0x0358, 0x0B2D, 0x0CF8, 0x032F, 0xFAB9, 0xF4CF, 0xF16E, 0xF7B8,
    0x0156, 0x0A11, 0x0BAF, 0x078D, 0x0014, 0xF925, 0xF807, 0xFAC4,
    0x050A, 0x0DE1, 0x0F85, 0x0CE4, 0x00F0, 0xF8DC, 0xF59A, 0xF5C0,
    0xFE2A, 0x06C1, 0x095F, 0x043F, 0xFC76, 0xF2A9, 0xEEE7, 0xF369,
    0xFA03, 0x066E, 0x0C0E, 0x09ED, 0x060D, 0xFB81, 0xF884, 0xFA3C,
    0x004A, 0x0ABA, 0x105C, 0x0DCB, 0x0443, 0xFC8C, 0xF4DE, 0xF4FA,
    0xFB8D, 0x01A3, 0x08A8, 0x0622, 0xFF4C, 0xF847, 0xF0B3, 0xF25D,
    0xF8D2, 0x0264, 0x0920, 0x09FF, 0x0352, 0xF8B8, 0xF43D, 0xF264,
    0xF8C7, 0x02B7, 0x0910, 0x0BD0, 0x04D8, 0xFC21, 0xF4A6, 0xF263,
    0xF97C, 0x0366, 0x0D32, 0x0F4C, 0x0C56, 0x02B3, 0xF8A3, 0xF865,
    0xFABE, 0x045F, 0x0D78, 0x0EE9, 0x0AF4, 0xFFB0, 0xF57D, 0xEFFD,
    0xF2AB, 0xFA99, 0x03AA, 0x0989, 0x0589, 0x0047, 0xF5C6, 0xEFFE,
    0xF68C, 0xFDD5, 0x0A86, 0x113C, 0x0F10, 0x07EF, 0xFCB8, 0xF668,
    0xF6DE, 0xFE79, 0x075C, 0x0D99, 0x0C6C, 0x031F, 0xF8FF, 0xEE22,
    0xED63, 0xF60A, 0xFF8A, 0x09D1, 0x0A70, 0x04DA, 0xFA83, 0xF0CB,
    0xF05A, 0xF6D0, 0x02CD, 0x0A94, 0x0D9E, 0x0906, 0xFD14, 0xF480,
    0xEF4F, 0xF5BB, 0x00F9, 0x0956, 0x0DCA, 0x09B0, 0x0266, 0xF6DB,
    0xF3A3, 0xF8E4, 0x030E, 0x0F4F, 0x1150, 0x0FC1, 0x06C1, 0xF95E,
    0xF414, 0xF43F, 0xFD33, 0x06A8, 0x0AC9, 0x07FA, 0xFEA6, 0xF4C4,
    0xEB89, 0xEEE8, 0xF8F3, 0x0499, 0x0D94, 0x0B9C, 0x0637, 0xFCFD,
    0xF5A1, 0xF766, 0xFF51, 0x0B25, 0x1202, 0x119A, 0x0890, 0xFD20,
    0xF44C, 0xF063, 0xF8F7, 0x01CE, 0x09EE, 0x0A1C, 0x0123, 0xF8EF,
    0xEF51, 0xEE76, 0xF5D7, 0x00C2, 0x0B2B, 0x0BDF, 0x073C, 0xFC6E,
    0xF317, 0xF0BD, 0xF4CF, 0x00DF, 0x08F5, 0x0CA3, 0x07E3, 0xFCD2,
    0xF431, 0xEFD3, 0xF605, 0x00D4, 0x0BA2, 0x10BC, 0x0C7E, 0x04F0,
    0xF9F6, 0xF620, 0xFA78, 0x02AE, 0x0D4D, 0x10DD, 0x0D84, 0x01DC,
    0xF570, 0xEE8D, 0xF023, 0xFA0A, 0x0376, 0x0AE7, 0x085E, 0xFF79,
    0xF700, 0xEEBB, 0xF29E, 0xFC4D, 0x0876, 0x125A, 0x1178, 0x0B7D,
    0xFEC0, 0xF631, 0xF51F, 0xFB7C, 0x06DB, 0x0C4B, 0x0DE0, 0x0597,
    0xF968, 0xF0CD, 0xEC4A, 0xF325, 0xFE22, 0x078F, 0x0AFA, 0x0624,
    0xFD00, 0xF273, 0xEF88, 0xF453, 0xFFDF, 0x0A7D, 0x0D01, 0x0A57,
    0xFE4E, 0xF39C, 0xEF9C, 0xF293, 0xFE44, 0x0812, 0x0DD8, 0x0AD9,
    0x0267, 0xF90F, 0xF2E1, 0xF67B, 0xFEEF, 0x0CAA, 0x137E, 0x1090,
    0x09DC, 0xFB6E, 0xF47E, 0xF44B, 0xF9AB, 0x04DF, 0x0A4F, 0x0A3F,
    0x01BE, 0xF7F4, 0xF02B, 0xEE48, 0xF558, 0xFF3B, 0x0A39, 0x0BF0,
    0x06C9, 0xFFA5, 0xF7E2, 0xF7C4, 0xFD13, 0x0758, 0x0FF4, 0x10A0,
    0x0B21, 0xFFBE, 0xF7CE, 0xF409, 0xF6DA, 0x000C, 0x077F, 0x0A86,
    0x0415, 0xFBA6, 0xF375, 0xEF87, 0xF4C1, 0xFC87, 0x085C, 0x0B85,
    0x0756, 0x008E, 0xF54B, 0xF2C3, 0xF407, 0xFB78, 0x0566, 0x09A8,
    0x0955, 0x011A, 0xF913, 0xF3A3, 0xF54F, 0xFD0F, 0x0670, 0x0F0D,
    0x0C6F, 0x0697, 0xFEE6, 0xF7F7, 0xFB78, 0x00BE, 0x091C, 0x0F44,
    0x0DC0, 0x067B, 0xFB54, 0xF3B3, 0xF1C4, 0xF874, 0x004A, 0x0813,
    0x0A4B, 0x0049, 0xF78A, 0xEF9D, 0xEEB5, 0xF855, 0x022C, 0x0DDD,
    0x1118, 0x0C1A, 0x0203, 0xF76F, 0xF53B, 0xF7D6, 0x029D, 0x0B19,
    0x0FEA, 0x0CEE, 0xFFA2, 0xF4DE, 0xECD1, 0xEEDD, 0xF96C, 0x0397,
    0x0B93, 0x099F, 0x01A5, 0xF618, 0xEE80, 0xF12D, 0xF90B, 0x0541,
    0x0C18, 0x0DF7, 0x06AA, 0xF8ED, 0xEFD4, 0xED8F, 0xF693, 0x029A,
    0x0C9E, 0x1020, 0x0866, 0xFDB3, 0xF198, 0xEEC5, 0xF6DC, 0x02D4,
    0x1087, 0x1516, 0x12AC, 0x0713, 0xF7FB, 0xF033, 0xF16D, 0xFCD8,
    0x0794, 0x10AC, 0x0FBD, 0x03AF, 0xF6E5, 0xE8E1, 0xE7EE, 0xF1B6,
    0xFF66, 0x0C62, 0x0F65, 0x0BC7, 0x0022, 0xF4D1, 0xF0CA, 0xF6D4,
    0x04F4, 0x1053, 0x17A9, 0x1380, 0x05D1, 0xF85D, 0xEDE8, 0xF0C6,
    0xFAB8, 0x0681, 0x0D9A, 0x0AFF, 0x0403, 0xF656, 0xED06, 0xEC7C,
    0xF5C3, 0x03E2, 0x0DCF, 0x1307, 0x0B3C, 0xFDF7, 0xF241, 0xEB09,
    0xF25B, 0xFDB1, 0x0AFC, 0x1267, 0x0DC9, 0x046C, 0xF631, 0xEE06,
    0xEE56, 0xF968, 0x0673, 0x1137, 0x169B, 0x0DC4, 0x036B, 0xF7BF,
    0xF264, 0xF9D7, 0x03C4, 0x102F, 0x148D, 0x0DD6, 0x02D7, 0xF61B,
    0xEE01, 0xED87, 0xF6AE, 0xFED0, 0x075B, 0x0A8F, 0x0187, 0xF9AA,
    0xF115, 0xEF21, 0xF843, 0x02CB, 0x0EED, 0x1425, 0x0E41, 0x0480,
    0xFAFC, 0xF45B, 0xF4AF, 0xFDF7, 0x0532, 0x0CD3, 0x0C5C, 0x00E6,
    0xF85E, 0xEE88, 0xEC5F, 0xF341, 0xFDC3, 0x0B22, 0x0F14, 0x0A06,
    0x0003, 0xF6A3, 0xEFDC, 0xF111, 0xFAA4, 0x02E7, 0x0D04, 0x0CF8,
    0x04C6, 0xFCD7, 0xF1AB, 0xEE65, 0xF25D, 0xFCBA, 0x0A8A, 0x0F30,
    0x0C53, 0x053D, 0xFD46, 0xF64D, 0xF73B, 0xFFE3, 0x0839, 0x11C7,
    0x1132, 0x0998, 0x0105, 0xF523, 0xF05A, 0xF27E, 0xFB78, 0x055D,
    0x086B, 0x04B2, 0xFCA6, 0xF50D, 0xED43, 0xF0E5, 0xFAA9, 0x043E,
    0x0FEF, 0x10AA, 0x0C10, 0x0382, 0xF8CD, 0xF53D, 0xF786, 0x0194,
    0x0BC1, 0x10D7, 0x0CDD, 0x0274, 0xF795, 0xECB6, 0xEEC5, 0xF71B,
    0x00B8, 0x0D57, 0x0EFD, 0x0970, 0xFF5A, 0xF451, 0xEF11, 0xF1B9,
    0xFC4F, 0x06FE, 0x0F91, 0x0C94, 0x0384, 0xFA27, 0xEF7D, 0xF09A,
    0xF7A7, 0x00F2, 0x0C2F, 0x0F09, 0x0A36, 0x00D0, 0xF9AD, 0xF4EE,
    0xF7FC, 0x0345, 0x0D57, 0x161B, 0x1264, 0x0904, 0xFF08, 0xF4D4,
    0xF416, 0xF94C, 0x02BB, 0x0AE6, 0x0C12, 0x04F7, 0xF8E6, 0xF1A2,
    0xEC27, 0xEEF5, 0xFB07, 0x05D9, 0x0F4D, 0x0CC3, 0x051E, 0xFD1C,
    0xF462, 0xF3CE, 0xFA15, 0x04D9, 0x0DA5, 0x0FE6, 0x099A, 0xFF8D,
    0xF7F7, 0xEF45, 0xF0CE, 0xFA62, 0x0399, 0x0C3F, 0x0A1F, 0x0475,
    0xFBFD, 0xF317, 0xF11A, 0xF5ED, 0xFF8A, 0x064F, 0x0AFF, 0x06E3,
    0xFF6A, 0xF9E6, 0xF211, 0xF42D, 0xFB43, 0x02DF, 0x0916, 0x0780,
    0x03F7, 0xFC65, 0xF6A9, 0xF59D, 0xFA4C, 0x0320, 0x0978, 0x0ED6,
    0x0BD7, 0x0582, 0x0009, 0xF8D7, 0xF9E1, 0xFE80, 0x04AD, 0x09BD,
    0x0890, 0x047F, 0xFBC6, 0xF552, 0xF16F, 0xF36B, 0xFABA, 0x00AC,
    0x0713, 0x063D, 0x02A0, 0xFEB9, 0xF9C2, 0xF8F8, 0xFC5C, 0x0427,
    0x08B1, 0x0B68, 0x09B8, 0x033B, 0xFF43, 0xF916, 0xF804, 0xFC13,
    0x0036, 0x059B, 0x0643, 0x0434, 0x0034, 0xFA9A, 0xF659, 0xF636,
    0xFC66, 0xFF40, 0x0311, 0x048F, 0x00F4, 0xFEEB, 0xF8D2, 0xF747,
    0xFA9F, 0xFE94, 0x0389, 0x04A8, 0x04AC, 0x015F, 0xFCAF, 0xF83B,
    0xF845, 0xFEEF, 0x01E5, 0x0813, 0x0B95, 0x0A63, 0x0788, 0x00C5,
    0xFDD9, 0xFE37, 0x0224, 0x0599, 0x091F, 0x0A56, 0x04E2, 0xFE01,
    0xF541, 0xF1FA, 0xF5CE, 0xF80A, 0xFECE, 0x044F, 0x0564, 0x0187,
    0xFABF, 0xF81C, 0xF72B, 0xFC36, 0x0113, 0x07A5, 0x0D56, 0x084B,
    0x023F, 0xFAF7, 0xF7AE, 0xF9AD, 0xFBD8, 0x02E7, 0x0816, 0x094E,
    0x0303, 0xFC37, 0xF898, 0xF562, 0xF8B6, 0xFD23, 0x03F6, 0x0869,
    0x054C, 0xFF9B, 0xF99C, 0xF815, 0xF7D7, 0xFC1A, 0x0378, 0x076B,
    0x080E, 0x0027, 0xFA06, 0xF784, 0xF4D3, 0xF859, 0xFF0C, 0x0694,
    0x0AA5, 0x08CB, 0x03AB, 0xFED7, 0xFE59, 0xFC16, 0x007E, 0x07FA,
    0x0A1E, 0x0BC8, 0x0468, 0xFE65, 0xFA2C, 0xF526, 0xF625, 0xFAC2,
    0x0001, 0x02A3, 0x02B1, 0xFE5A, 0xFB7D, 0xFB5D, 0xF89E, 0xFD8F,
    0x03EB, 0x05E7, 0x085F, 0x04BC, 0x0162, 0xFE78, 0xFBE1, 0xFC4D,
    0xFFD2, 0x02DA, 0x02E1, 0x03E4, 0x0003, 0xFCFB, 0xFCF8, 0xF9E8,
    0xFC47, 0xFEE7, 0xFF1C, 0x00DB, 0xFFDA, 0xFF0A, 0xFC57, 0xFCDB,
    0xFCC2, 0xFDCE, 0x00EA, 0xFFFE, 0x032A, 0x009E, 0xFDF9, 0xFE45,
    0xFB70, 0xFC33, 0xFD80, 0xFF73, 0x018A, 0x04A0, 0x05C3, 0x041C,
    0x05B0, 0x0355, 0x01CD, 0x0295, 0x026F, 0x067F, 0x064F, 0x04E0,
    0x038D, 0xFED8, 0xFA15, 0xF71C, 0xF79D, 0xF94F, 0xFE9C, 0x0157,
    0x0158, 0x02C1, 0xFD9B, 0xF9DD, 0xF9BE, 0xFB1C, 0x0150, 0x0407,
    0x06F1, 0x0665, 0x01CA, 0xFBE1, 0xF84E, 0xFA61, 0xFBC0, 0x0388,
    0x0725, 0x0675, 0x05C4, 0xFE1D, 0xF90F, 0xF7A1, 0xF93E, 0xFF67,
    0x0520, 0x089F, 0x06D2, 0x0153, 0xF8F8, 0xF57D, 0xF7EF, 0xFADA,
    0x04A4, 0x09E2, 0x0855, 0x046D, 0xFAE4, 0xF3A4, 0xF29F, 0xF6C8,
    0xFF3F, 0x0858, 0x0D41, 0x0A3D, 0x042B, 0xFB06, 0xF758, 0xF9D7,
    0xFE29, 0x0A32, 0x0F6B, 0x0E1E, 0x07B0, 0xFD0F, 0xF4E9, 0xF169,
    0xF64D, 0xFD8F, 0x06B2, 0x0AF8, 0x0682, 0x006E, 0xF6BB, 0xF359,
    0xF5BD, 0xFB2D, 0x0790, 0x0D07, 0x0B92, 0x0463, 0xFB59, 0xF3ED,
    0xF201, 0xF93F, 0x0113, 0x0A4C, 0x0D71, 0x0750, 0xFF52, 0xF5C9,
    0xF288, 0xF5E0, 0xFD09, 0x0766, 0x0C07, 0x09D6, 0x0155, 0xF96A,
    0xF1C0, 0xF115, 0xFA35, 0x01DB, 0x0B9A, 0x0D94, 0x0753, 0xFEE7,
    0xF528, 0xF215, 0xF47B, 0xFC4E, 0x058E, 0x0B56, 0x0AA6, 0x02B6,
    0xFD21, 0xF647, 0xF755, 0xFFDB, 0x0563, 0x0DA6, 0x0EA3, 0x08F1,
    0x00D3, 0xF93B, 0xF69E, 0xF852, 0xFF10, 0x0408, 0x0749, 0x0546,
    0xFDF3, 0xFA30, 0xF592, 0xF68D, 0xFDB5, 0x019B, 0x069D, 0x07D8,
    0x030E, 0xFC7A, 0xF8B6, 0xF78F, 0xF995, 0x0072, 0x03A8, 0x078A,
    0x05D9, 0xFF7A, 0xFD5B, 0xF895, 0xF942, 0xFE4B, 0x01C1, 0x05E6,
    0x0649, 0x0347, 0xFE00, 0xFC53, 0xF9BF, 0xFA3A, 0xFFBD, 0x0147,
    0x063A, 0x04F9, 0x01F2, 0x0175, 0xFC0A, 0xFAC6, 0xFBE2, 0xFCC5,
    0xFEAB, 0x00A5, 0x0151, 0x0053, 0x0109, 0xFDC5, 0xFCCD, 0x004D,
    0x0046, 0x04AB, 0x059B, 0x0599, 0x0678, 0x0205, 0xFF23, 0xFD66,
    0xFD01, 0xFD87, 0xFFC4, 0x0176, 0x003B, 0x011A, 0xFCD8, 0xFA65,
    0xFBA9, 0xFBCA, 0x0082, 0x0291, 0x054A, 0x04F4, 0x0145, 0xFC84,
    0xF965, 0xFAA5, 0xFBE5, 0x01C0, 0x04A9, 0x057E, 0x0506, 0xFC7C,
    0xF7AD, 0xF709, 0xF8A2, 0xFFB7, 0x0460, 0x0818, 0x0725, 0x0187,
    0xF96A, 0xF541, 0xF6EB, 0xFA72, 0x04F9, 0x09F4, 0x0ACA, 0x0960,
    0xFD3F, 0xF693, 0xF4F8, 0xF637, 0xFEAE, 0x04CF, 0x0866, 0x079D,
    0x01C9, 0xF7F8, 0xF556, 0xF91E, 0xFF38, 0x0AB9, 0x0E61, 0x0E94,
    0x0A09, 0xFCF4, 0xF655, 0xF658, 0xFAC9, 0x03D2, 0x09C9, 0x091D,
    0x043F, 0xFAF5, 0xF074, 0xF0EB, 0xF6E6, 0x0043, 0x0C3B, 0x0C96,
    0x0A65, 0x027A, 0xF544, 0xF204, 0xF502, 0xFEAF, 0x094D, 0x0E10,
    0x0A8E, 0x02CB, 0xF8DE, 0xEE72, 0xF0F3, 0xF860, 0x0327, 0x0E16,
    0x0BEF, 0x07D1, 0xFE05, 0xF257, 0xF213, 0xF6EC, 0x02A8, 0x0D36,
    0x0F51, 0x0A7C, 0x01B7, 0xF75C, 0xF143, 0xF64A, 0xFE0A, 0x08DE,
    0x0CE4, 0x0654, 0xFF60, 0xF40A, 0xEE6E, 0xF2DA, 0xFB8D, 0x08B2,
    0x1109, 0x0F10, 0x05DD, 0xFCF4, 0xF472, 0xF430, 0xFD2A, 0x05C1,
    0x10EF, 0x0EE1, 0x0483, 0xFB58, 0xEEA4, 0xECD1, 0xF358, 0xFE17,
    0x0C61, 0x10CC, 0x0A87, 0xFF2E, 0xF608, 0xF0FF, 0xF4C6, 0x008D,
    0x0AD7, 0x1416, 0x0E50, 0x01C3, 0xF757, 0xECF6, 0xF011, 0xF940,
    0x044A, 0x0E3B, 0x0D37, 0x02A9, 0xF69A, 0xEF95, 0xEEDD, 0xF892,
    0x0553, 0x0F6D, 0x12FF, 0x07E2, 0xFBCB, 0xF22F, 0xEEB8, 0xF77A,
    0x0304, 0x0F50, 0x13D5, 0x0C40, 0xFDC9, 0xEEF7, 0xEA03, 0xEDF1,
    0xFBD5, 0x0A8F, 0x137F, 0x1231, 0x03B9, 0xF86A, 0xEFB2, 0xF141,
    0xFE37, 0x0B50, 0x1750, 0x15FB, 0x09F9, 0xFA10, 0xEC2B, 0xEADA,
    0xF264, 0x0084, 0x0C43, 0x1050, 0x092A, 0xFAAF, 0xF0AC, 0xEB78,
    0xF338, 0x0131, 0x0DD5, 0x15EF, 0x1008, 0x03F2, 0xF561, 0xECB0,
    0xF039, 0xFA93, 0x08F4, 0x113A, 0x105E, 0x03BD, 0xF390, 0xEADA,
    0xE9E6, 0xF5F1, 0x047E, 0x1102, 0x1467, 0x0AAC, 0xFD41, 0xEF00,
    0xEB9B, 0xF348, 0x00D6, 0x1066, 0x15A0, 0x1095, 0x0171, 0xF1DC,
    0xEC22, 0xEDFD, 0xF9B1, 0x06B3, 0x1029, 0x0F3C, 0x047A, 0xF83D,
    0xEEAA, 0xF1DD, 0xFA92, 0x0877, 0x1594, 0x1616, 0x0FF9, 0x00A0,
    0xF4B5, 0xF364, 0xF863, 0x0435, 0x0F16, 0x13DA, 0x0D2B, 0x0110,
    0xF45C, 0xEED7, 0xF576, 0xFE97, 0x0C2D, 0x13F6, 0x0FEF, 0x06DB,
    0xF753, 0xF113, 0xF4FA, 0xFC91, 0x087F, 0x0ED1, 0x0DD9, 0x03C1,
    0xF6C6, 0xEDD7, 0xED31, 0xF44C, 0xFC91, 0x0782, 0x0927, 0x038B,
    0xFABE, 0xEE90, 0xEE09, 0xF316, 0xFB0C, 0x048A, 0x07CB, 0x04C2,
    0xFBB0, 0xF3F4, 0xF0DD, 0xF529, 0xFCB0, 0x02A4, 0x07DB, 0x03A6,
    0xFBD5, 0xF488, 0xF081, 0xF59D, 0xFD24, 0x0740, 0x0C1F, 0x0A48,
    0x047D, 0xFAFC, 0xF978, 0xFBD7, 0x016A, 0x08B0, 0x0A70, 0x0926,
    0x000C, 0xF7B2, 0xF344, 0xF33A, 0xF8A3, 0xFF00, 0x0712, 0x0699,
    0x02C0, 0xFC61, 0xF6B1, 0xFA4C, 0xFE65, 0x05D2, 0x0C32, 0x0BE0,
    0x07ED, 0xFEBC, 0xF8FA, 0xF93B, 0xFC94, 0x019F, 0x071F, 0x0936,
    0x01B8, 0xFB1A, 0xF3EB, 0xF2EE, 0xFB03, 0x01BF, 0x09E4, 0x0B8A,
    0x070C, 0xFF1E, 0xF687, 0xF67D, 0xFBA2, 0x042D, 0x0AFF, 0x0D3B,
    0x0BE7, 0xFF97, 0xF70F, 0xF2C9, 0xF3EF, 0xFDB9, 0x04D3, 0x0B2D,
    0x09C0, 0x031D, 0xFA43, 0xF3CA, 0xF766, 0xFFDA, 0x0976, 0x0F53,
    0x0F7D, 0x081E, 0xFC96, 0xF428, 0xF1CD, 0xF86C, 0xFFB1, 0x078B,
    0x08E9, 0x003B, 0xF805, 0xEE9B, 0xED45, 0xF532, 0x005A, 0x0AB0,
    0x0E11, 0x0AD8, 0x00D3, 0xF820, 0xF41B, 0xF7DC, 0x01B8, 0x08EA,
    0x0F47, 0x0AF3, 0xFF7F, 0xF64B, 0xED69, 0xEE98, 0xF670, 0x015B,
    0x0967, 0x08C8, 0x043B, 0xF901, 0xF283, 0xF1FB, 0xF802, 0x0459,
    0x0C96, 0x1230, 0x0E56, 0x05A8, 0xFF23, 0xFCB2, 0x0176, 0x0916,
    0x12D2, 0x1519, 0x1032, 0x08AD, 0xFDC4, 0xFB48, 0xFE1D, 0x055E,
    0x0F5F, 0x1359, 0x129E, 0x0AE5, 0x013A, 0xFB31, 0xFB16, 0xFF1A,
    0x04E5, 0x0B2B, 0x078B, 0x00A3, 0xF803, 0xEE90, 0xEF07, 0xF26B,
    0xFB45, 0x02E4, 0x04EF, 0x0351, 0xFAFF, 0xF524, 0xF252, 0xF6B4,
    0xFE0F, 0x0471, 0x08A7, 0x03A6, 0xFD38, 0xF548, 0xF091, 0xF338,
    0xF824, 0xFF51, 0x00C2, 0xFEFE, 0xFAC8, 0xF33F, 0xF287, 0xF576,
    0xFC25, 0x0401, 0x06A4, 0x0645, 0x00FE, 0xFB28, 0xF81B, 0xF9F5,
    0xFEFB, 0x045D, 0x0965, 0x05E3, 0x0163, 0xFAC8, 0xF45F, 0xF6DD,
    0xFA3A, 0x0145, 0x0786, 0x0887, 0x0520, 0xFF65, 0xFBAB, 0xFAFD,
    0x00B2, 0x05D4, 0x0ADA, 0x0C16, 0x04AD, 0xFF22, 0xF7F8, 0xF577,
    0xF979, 0xFD0C, 0x0329, 0x0461, 0x013B, 0xFBA5, 0xF67A, 0xF789,
    0xFCEE, 0x04D8, 0x0AC0, 0x0E0F, 0x0BC3, 0x0419, 0xFEE0, 0xFA56,
    0xFD36, 0x0342, 0x06CC, 0x0AB2, 0x06D1, 0x003A, 0xF6D7, 0xF0D3,
    0xF388, 0xF963, 0x01F6, 0x07EC, 0x09DE, 0x04AB, 0xFC01, 0xF5B9,
    0xF415, 0xFB16, 0x0222, 0x08D9, 0x0B67, 0x05BB, 0xFEF1, 0xF4AD,
    0xF22A, 0xF6D9, 0xFC0A, 0x03BF, 0x073E, 0x0515, 0xFD2C, 0xF5D0,
    0xF2A4, 0xF656, 0xFFD3, 0x0642, 0x0CE5, 0x0C8A, 0x04CA, 0xFD66,
    0xF361, 0xF3A0, 0xF926, 0xFE63, 0x05A0, 0x05BC, 0x0042, 0xF646,
    0xEDFB, 0xEBC9, 0xF1B8, 0xFBAA, 0x050A, 0x0D11, 0x0AAC, 0x0427,
    0xFC3F, 0xF651, 0xFBE2, 0x036A, 0x0BF5, 0x1427, 0x141F, 0x0E28,
    0x03C0, 0xFC8C, 0xFB16, 0xFFAE, 0x0685, 0x0D49, 0x11D7, 0x0C8A,
    0x0590, 0xFE65, 0xFB10, 0xFFD3, 0x0413, 0x0BB5, 0x1061, 0x0E78,
    0x0800, 0xFCC1, 0xF87E, 0xF82F, 0xFCC2, 0x04D5, 0x0A22, 0x0AB7,
    0x0385, 0xFA89, 0xF296, 0xF0FF, 0xF62C, 0xFCF5, 0x071B, 0x0A81,
    0x0799, 0xFF5F, 0xF486, 0xF202, 0xF2F5, 0xF7A2, 0xFF47, 0x0529,
    0x03E1, 0xFCDB, 0xF45E, 0xEC09, 0xECB8, 0xF0E6, 0xF808, 0x02EC,
    0x04E2, 0x04EC, 0xFF43, 0xF8A1, 0xF8DA, 0xF992, 0x002C, 0x0851,
    0x0D7E, 0x0B6E, 0x0496, 0xFD65, 0xF6A2, 0xF77C, 0xF9C0, 0x0042,
    0x065D, 0x040B, 0x0221, 0xFA84, 0xF4DE, 0xF60D, 0xF931, 0x0145,
    0x08C4, 0x0AFD, 0x0773, 0x0174, 0xFAF1, 0xF70E, 0xF939, 0xFCAE,
    0x05D2, 0x0A67, 0x08DD, 0x06AB, 0xFC7C, 0xF779, 0xF710, 0xF9CF,
    0x0204, 0x0945, 0x0C5A, 0x09F1, 0x04D2, 0xFD87, 0xF9F8, 0xFB56,
    0xFF05, 0x08A7, 0x0A05, 0x06F0, 0x03E4, 0xF965, 0xF479, 0xF378,
    0xF542, 0xFD35, 0x01FA, 0x036E, 0x0178, 0xFC95, 0xF7AF, 0xF841,
    0xFC4A, 0x0268, 0x0B02, 0x0A93, 0x0928, 0x0572, 0xFBA4, 0xF84E,
    0xF7EB, 0xFC29, 0x03BE, 0x065F, 0x04C8, 0xFEBC, 0xF70A, 0xF021,
    0xF19A, 0xF5A7, 0xFE1A, 0x08C8, 0x07C5, 0x0680, 0xFFF6, 0xF682,
    0xF480, 0xF62B, 0xFD7F, 0x05B2, 0x0899, 0x069A, 0x010A, 0xF9D6,
    0xF2F1, 0xF3FF, 0xF7AC, 0x0015, 0x0841, 0x05AF, 0x045B, 0xFE8A,
    0xF852, 0xF86B, 0xFBFC, 0x0446, 0x0BAF, 0x0EC8, 0x0C88, 0x06E9,
    0xFF63, 0xFA91, 0xFDC8, 0x02A1, 0x0B49, 0x0FEF, 0x0AD8, 0x0738,
    0xFFDC, 0xFB39, 0xFC8B, 0x024E, 0x0CD9, 0x14BF, 0x1568, 0x0EF1,
    0x083E, 0xFFC2, 0xFBF7, 0x0081, 0x04EB, 0x0DE4, 0x106F, 0x08E9,
    0x02D8, 0xF831, 0xF039, 0xEFE0, 0xF5C1, 0xFE68, 0x0505, 0x0511,
    0xFF61, 0xFADA, 0xF216, 0xEEB8, 0xF443, 0xF98D, 0x03AC, 0x0656,
    0xFFF6, 0xFB24, 0xF35D, 0xEF00, 0xF189, 0xF984, 0x00B5, 0x060B,
    0x0508, 0xFEDC, 0xFAB0, 0xF329, 0xF357, 0xFBA2, 0x01EE, 0x0AA3,
    0x0B9A, 0x052A, 0xFFFF, 0xF862, 0xF320, 0xF51D, 0xFC6A, 0x014B,
    0x0664, 0x0416, 0xFC85, 0xF793, 0xEE73, 0xEF44, 0xF7EA, 0xFF6D,
    0x0983, 0x0DAE, 0x0B4B, 0x0603, 0xFEAB, 0xF938, 0xFBAE, 0x03D0,
    0x076E, 0x0CE5, 0x0C43, 0x05E5, 0x0078, 0xF70A, 0xF583, 0xF937,
    0xFDCB, 0x0465, 0x07B7, 0x06D7, 0x0109, 0xFCB0, 0xF939, 0xFA5F,
    0x0107, 0x0358, 0x08AE, 0x09CE, 0x048C, 0xFF04, 0xF80D, 0xF6AD,
    0xFA02, 0xFF9B, 0x04FE, 0x08AF, 0x06E1, 0x0010, 0xFC20, 0xF711,
    0xF85E, 0xFEFC, 0x03C3, 0x0B40, 0x0C4C, 0x0867, 0x01CB, 0xFAA9,
    0xF745, 0xF71C, 0xFB7B, 0x000A, 0x053D, 0x0473, 0xFDAF, 0xF862,
    0xF065, 0xEF28, 0xF43A, 0xF9D2, 0x0347, 0x08B3, 0x09EC, 0x05B4,
    0xFEEC, 0xF9D8, 0xF83E, 0xFD0C, 0x027E, 0x0919, 0x0B14, 0x05CC,
    0xFF6D, 0xF5FC, 0xF170, 0xF2AA, 0xF67D, 0xFD3D, 0x0322, 0x0550,
    0xFFD0, 0xFA16, 0xF569, 0xF4E8, 0xFAC3, 0x014E, 0x0AC4, 0x0F0C,
    0x0B87, 0x04C1, 0xFC0F, 0xF8AC, 0xFB8D, 0x0418, 0x0D0F, 0x14B3,
    0x16A0, 0x0D46, 0x0562, 0xFDC7, 0xFBEC, 0x0230, 0x0915, 0x14B5,
    0x189F, 0x12B2, 0x094E, 0xFE4D, 0xF8E2, 0xF948, 0xFFC7, 0x0753,
    0x0E7E, 0x0E7F, 0x033E, 0xF9A7, 0xF05A, 0xECD2, 0xF132, 0xF92A,
    0x050D, 0x0A8C, 0x0827, 0xFFDC, 0xF816, 0xF2EC, 0xF279, 0xFA14,
    0x01A4, 0x0A54, 0x0AFB, 0x00C3, 0xF818, 0xF02F, 0xECF9, 0xEFA7,
    0xF782, 0x012A, 0x04B4, 0x0208, 0xF8B8, 0xF34D, 0xEFE8, 0xF004,
    0xFA19, 0x012B, 0x0932, 0x0A91, 0x019F, 0xFA07, 0xF382, 0xF06B,
    0xF37F, 0xFDB6, 0x072F, 0x0C2B, 0x0A6A, 0x0116, 0xFB7C, 0xF61D,
    0xF48E, 0xFDD1, 0x0553, 0x0D3C, 0x10D1, 0x0A38, 0x0253, 0xFBB9,
    0xF6B9, 0xF728, 0xFFB4, 0x061A, 0x0ACD, 0x0A80, 0x0210, 0xFC95,
    0xF4DF, 0xF1EF, 0xF7D3, 0xFDC5, 0x0660, 0x0B58, 0x09D6, 0x047A,
    0xFFEF, 0xFBFF, 0xFA17, 0x017A, 0x07A0, 0x0DDE, 0x0F64, 0x0895,
    0x0290, 0xF933, 0xF466, 0xF654, 0xFB17, 0x02A7, 0x0658, 0x0527,
    0xFE2F, 0xF7E8, 0xF330, 0xF101, 0xF8B3, 0x00D2, 0x07B1, 0x0ACC,
    0x0690, 0xFEA1, 0xF5A2, 0xF050, 0xF09E, 0xF86F, 0x01F8, 0x08E9,
    0x0BE6, 0x03FE, 0xFCA6, 0xF5C7, 0xF0AA, 0xF6E2, 0xFFE2, 0x0895,
    0x0D66, 0x0C60, 0x0363, 0xF952, 0xF330, 0xF14D, 0xF9B1, 0x0201,
    0x0818, 0x0B94, 0x037F, 0xFA94, 0xF207, 0xEC83, 0xF1A7, 0xF974,
    0x020A, 0x081F, 0x096B, 0x0282, 0xFAC7, 0xF777, 0xF7A5, 0x000F,
    0x08F9, 0x1219, 0x16F6, 0x1094, 0x0817, 0xFEC3, 0xF9B9, 0xFD67,
    0x0484, 0x0D3B, 0x12E3, 0x12F5, 0x097B, 0xFF00, 0xF899, 0xF6B5,
    0xFE53, 0x06D0, 0x1127, 0x1502, 0x0E9C, 0x04F8, 0xFA14, 0xF4B7,
    0xF60E, 0xFE7E, 0x083D, 0x0FF5, 0x11BD, 0x07B4, 0xFC95, 0xF483,
    0xF083, 0xF61C, 0xFECD, 0x09B4, 0x0E20, 0x0842, 0xFEB8, 0xF37E,
    0xECC5, 0xED17, 0xF6F5, 0x00DC, 0x07B8, 0x08B5, 0xFE20, 0xF38C,
    0xEA9B, 0xE713, 0xEE20, 0xF804, 0x02F7, 0x0763, 0x032B, 0xFA64,
    0xF139, 0xEC8B, 0xF01D, 0xFCBF, 0x0675, 0x0F37, 0x107A, 0x06B9,
    0xFC46, 0xF1BA, 0xEF6F, 0xF670, 0x0011, 0x09A4, 0x0C9E, 0x07C2,
    0xFCB8, 0xF1C6, 0xEC4E, 0xEFF4, 0xFC66, 0x05F9, 0x0E97, 0x0FDF,
    0x0672, 0xFBEA, 0xF2F6, 0xF281, 0xF9AB, 0x03BC, 0x0D06, 0x1017,
    0x0D85, 0x03C1, 0xFAA7, 0xF673, 0xF9CB, 0x04F0, 0x0BFB, 0x12D1,
    0x133B, 0x0A4B, 0xFF8D, 0xF7D9, 0xF7A3, 0xFCFF, 0x060C, 0x0CD8,
    0x0FCC, 0x0B02, 0xFE89, 0xF632, 0xF1B6, 0xF41A, 0xFD40, 0x0373,
    0x08FC, 0x07C8, 0xFE7B, 0xF5A4, 0xF141, 0xF285, 0xF9BD, 0x0464,
    0x0B31, 0x0DFF, 0x0963, 0xFF1F, 0xF995, 0xF474, 0xF674, 0xFDEB,
    0x0197, 0x0680, 0x037C, 0xFB11, 0xF3EC, 0xEF2D, 0xEECA, 0xF47D,
    0xFC6C, 0x014D, 0x0590, 0x00F1, 0xFA6C, 0xF793, 0xF279, 0xF605,
    0xFC8D, 0x0059, 0x05C9, 0x0406, 0xFEFF, 0xFB7D, 0xF88B, 0xF7AF,
    0xFC33, 0x01EB, 0x05AB, 0x095C, 0x050B, 0x018A, 0xFF5D, 0xFA4E,
    0xFD8E, 0x02A3, 0x06DD, 0x0C30, 0x0BC8, 0x0976, 0x060D, 0x0111,
    0xFE6A, 0x01E8, 0x066F, 0x0A72, 0x0E3F, 0x0A16, 0x0778, 0x02B7,
    0xFC16, 0xFF17, 0x0337, 0x08B3, 0x0F12, 0x0FA6, 0x0D9B, 0x09E1,
    0x03F4, 0xFFDD, 0x02BF, 0x04CE, 0x07F1, 0x0AD0, 0x060C, 0x02BB,
    0xFBE3, 0xF392, 0xF433, 0xF711, 0xFAFD, 0x0048, 0x0193, 0xFF05,
    0xFACA, 0xF4B5, 0xF08B, 0xF474, 0xF826, 0xFDE8, 0x027D, 0xFE94,
    0xFC29, 0xF5F5, 0xF00D, 0xF3F3, 0xF998, 0xFF89, 0x059C, 0x06AF,
    0x026A, 0xFCB1, 0xF5F8, 0xF367, 0xF99F, 0xFD6D, 0x04F9, 0x0847,
    0x028B, 0xFF07, 0xF6E8, 0xF179, 0xF56B, 0xFAF5, 0x0172, 0x06EB,
    0x053F, 0xFF72, 0xF8BD, 0xF17D, 0xF1C2, 0xF8E8, 0xFEA5, 0x08A6,
    0x0AE4, 0x0642, 0x0329, 0xFA5A, 0xF87D, 0xFEB9, 0x051D, 0x0CAB,
    0x1014, 0x0B82, 0x0369, 0xFAE2, 0xF46E, 0xF82C, 0xFF50, 0x04FB,
    0x0DBA, 0x0A6B, 0x033B, 0xFCAA, 0xF3A3, 0xF5C0, 0xFC88, 0x0436,
    0x0CD8, 0x0D9D, 0x06B3, 0xFE49, 0xF593, 0xF25C, 0xF9AA, 0x01A6,
    0x0ADE, 0x115F, 0x0A6F, 0x02A8, 0xF9F2, 0xF30E, 0xF78B, 0xFEB3,
    0x0853, 0x0FBD, 0x0C43, 0x03BA, 0xF941, 0xF09D, 0xF0DE, 0xF94D,
    0x013F, 0x0976, 0x0B07, 0x0060, 0xF73F, 0xED20, 0xEA60, 0xF11D,
    0xF8D7, 0x0495, 0x0840, 0x024C, 0xF95E, 0xEFB7, 0xEC6D, 0xF2D1,
    0xFD84, 0x0875, 0x1195, 0x0E1A, 0x02F2, 0xF889, 0xEEF6, 0xF100,
    0xF8C8, 0x0290, 0x0E23, 0x0C81, 0x0293, 0xF723, 0xEC81, 0xEC03,
    0xF4F0, 0x010B, 0x0D91, 0x137F, 0x0BDB, 0x0038, 0xF6B3, 0xF1AC,
    0xFA45, 0x0535, 0x125F, 0x1CA4, 0x168B, 0x0CEF, 0x00AB, 0xF8BE,
    0xFC76, 0x0663, 0x12EA, 0x1CAB, 0x1BC1, 0x0F15, 0x01BE, 0xF6B8,
    0xF54E, 0xFF88, 0x0992, 0x1692, 0x19E0, 0x0E5F, 0x019E, 0xF30B,
    0xEDDE, 0xF45E, 0xFE88, 0x0AAA, 0x1028, 0x085D, 0xF916, 0xEBE7,
    0xE3FB, 0xE8A1, 0xF68B, 0x03C8, 0x10BB, 0x0E0A, 0x011F, 0xF4FE,
    0xE9D2, 0xEB81, 0xF5BC, 0x02EF, 0x0E78, 0x0E6A, 0x035D, 0xF3A0,
    0xE7EB, 0xE47E, 0xEDBF, 0xFBBE, 0x0884, 0x0F1F, 0x056D, 0xF86D,
    0xEB91, 0xE54A, 0xED5F, 0xF95E, 0x0811, 0x113D, 0x0C20, 0x001C,
    0xF214, 0xE9F8, 0xEE9F, 0xFC05, 0x09F6, 0x15C0, 0x1573, 0x0758,
    0xFA5E, 0xEEE6, 0xEE9D, 0xFAA0, 0x0668, 0x1451, 0x1692, 0x0BB6,
    0xFF1A, 0xF256, 0xEF40, 0xF79E, 0x0483, 0x109C, 0x1773, 0x0EE3,
    0xFF8A, 0xF374, 0xEA6B, 0xF045, 0xFD8B, 0x08F6, 0x1410, 0x101C,
    0x0480, 0xF9E7, 0xF09E, 0xF3D5, 0x000A, 0x0D49, 0x16FB, 0x1871,
    0x0BBF, 0xFC4E, 0xF227, 0xEDC1, 0xF7A3, 0x03E6, 0x0D10, 0x1243,
    0x085D, 0xFB3D, 0xEFA2, 0xEA26, 0xF17F, 0xFD9C, 0x09DE, 0x0FA8,
    0x0BD3, 0xFE00, 0xF147, 0xEAB7, 0xECB3, 0xF9C0, 0x050F, 0x0ECA,
    0x0E99, 0x02F8, 0xF789, 0xED63, 0xECFF, 0xF5F5, 0x01E6, 0x0C9F,
    0x0E46, 0x06C8, 0xF9BB, 0xEF39, 0xEC01, 0xF2BC, 0x007F, 0x0A8E,
    0x110D, 0x0A85, 0xFDB4, 0xF2D1, 0xEA5F, 0xEEA5, 0xF810, 0x02F3,
    0x0B76, 0x08DD, 0x0055, 0xF435, 0xEC98, 0xEF76, 0xFAD4, 0x0951,
    0x148E, 0x195C, 0x114B, 0x06C5, 0xFD6E, 0xF999, 0x0156, 0x0A63,
    0x14DE, 0x19C2, 0x1373, 0x08E1, 0xFC1F, 0xF55E, 0xF8E6, 0x02C7,
    0x0CC7, 0x1568, 0x1424, 0x0893, 0xFDAC, 0xF3CE, 0xF3D6, 0xFD3A,
    0x05B0, 0x1036, 0x1189, 0x093F, 0xFFB2, 0xF3CA, 0xF0AF, 0xF694,
    0x0075, 0x099B, 0x0EFC, 0x09E8, 0xFCE8, 0xF2BA, 0xEA97, 0xEEBC,
    0xF9DD, 0x0252, 0x0C72, 0x0B03, 0x01A6, 0xF6FB, 0xECE1, 0xECF9,
    0xF451, 0xFE12, 0x067F, 0x09B0, 0x01BE, 0xF4A8, 0xEB52, 0xE610,
    0xECDA, 0xF81F, 0x0264, 0x0B02, 0x07E9, 0xFEBC, 0xF523, 0xF047,
    0xF2E3, 0xFCCA, 0x07D0, 0x0E98, 0x1040, 0x06D6, 0xF9B5, 0xF2A1,
    0xF020, 0xF856, 0x02A0, 0x0B4C, 0x0F34, 0x07D5, 0xFD73, 0xF205,
    0xEFAC, 0xF3E2, 0xFD4A, 0x0987, 0x0E83, 0x0D90, 0x03EF, 0xF871,
    0xF3C9, 0xF5F0, 0xFF93, 0x09EE, 0x137D, 0x1369, 0x0A39, 0xFF9F,
    0xF507, 0xF484, 0xFAA6, 0x03AC, 0x0E91, 0x1227, 0x0D75, 0x034D,
    0xF96B, 0xF52E, 0xFA21, 0x02D0, 0x0B96, 0x139E, 0x0E5B, 0x03C4,
    0xF8DC, 0xEF43, 0xF0A6, 0xF68F, 0xFEE4, 0x07EE, 0x08D0, 0x0203,
    0xF822, 0xF170, 0xEF1F, 0xF75E, 0x0130, 0x09E9, 0x118F, 0x0931,
    0xFF70, 0xF6BE, 0xEED1, 0xF33B, 0xFACD, 0x036E, 0x0BC9, 0x098F,
    0xFFE4, 0xF55C, 0xED7E, 0xEBA7, 0xF42E, 0xFD21, 0x055A, 0x09F6,
    0x01AF, 0xF864, 0xF0E3, 0xEC78, 0xF372, 0xFD57, 0x0770, 0x0EED,
    0x0BFD, 0x021B, 0xF88E, 0xF266, 0xF224, 0xFBC2, 0x04B4, 0x0DF7,
    0x107C, 0x07F4, 0x00FE, 0xF93B, 0xF84A, 0x00F5, 0x0B52, 0x1682,
    0x1AC2, 0x164E, 0x0ABE, 0x004E, 0xF9DF, 0xFA70, 0x0446, 0x0BDF,
    0x12E7, 0x107B, 0x04BD, 0xFBC1, 0xF225, 0xF26E, 0xFCF7, 0x0784,
    0x133F, 0x1651, 0x0F6E, 0x0408, 0xF906, 0xF3BD, 0xF919, 0x0414,
    0x0CC6, 0x1376, 0x0DA2, 0x0103, 0xF61B, 0xEB2C, 0xEC8E, 0xF67B,
    0x008F, 0x099C, 0x0A09, 0x0002, 0xF36E, 0xEA03, 0xE6B4, 0xF0F8,
    0xFD9B, 0x0770, 0x0F20, 0x06E1, 0xFBEB, 0xF1C9, 0xE8DD, 0xEFD6,
    0xFB1C, 0x057D, 0x0CDC, 0x0A1D, 0xFED7, 0xF24E, 0xE9C9, 0xE9B1,
    0xF6A5, 0x03BC, 0x0DF1, 0x134D, 0x094E, 0xFE43, 0xF401, 0xEDCE,
    0xF705, 0x01F8, 0x0BC7, 0x1176, 0x0B68, 0xFDA1, 0xF003, 0xE6E7,
    0xE982, 0xF6F8, 0x0303, 0x0EA6, 0x1118, 0x0639, 0xFCA4, 0xF26D,
    0xF076, 0xFBC0, 0x0774, 0x130F, 0x17E6, 0x1077, 0x0359, 0xF84F,
    0xF109, 0xF5C0, 0x02A4, 0x0B5B, 0x14CC, 0x1161, 0x034F, 0xFA6E,
    0xEE65, 0xEE75, 0xFB36, 0x05C5, 0x1132, 0x13F2, 0x0A3E, 0xFED3,
    0xF57E, 0xF028, 0xF822, 0x0491, 0x0D06, 0x15A8, 0x0E7D, 0xFFFD,
    0xF724, 0xEBEB, 0xEDFA, 0xFA62, 0x04E6, 0x0F15, 0x0FEA, 0x05B7,
    0xFB78, 0xF34F, 0xEED4, 0xF7A7, 0x0308, 0x0ADA, 0x10F2, 0x07A8,
    0xFB5F, 0xF246, 0xE7EE, 0xEB15, 0xF488, 0xFE36, 0x0637, 0x0527,
    0xFCF0, 0xF3F8, 0xED81, 0xEBD9, 0xF636, 0x0145, 0x0990, 0x0F16,
    0x069F, 0xFE4E, 0xF6AA, 0xEF8C, 0xF54D, 0xFF05, 0x084A, 0x0E9D,
    0x0C36, 0x033F, 0xFB30, 0xF457, 0xF36F, 0xFD57, 0x0614, 0x0E8C,
    0x136C, 0x0C4B, 0x0565, 0xFDD2, 0xF830, 0xFDF6, 0x078D, 0x101E,
    0x1567, 0x140F, 0x0B57, 0x02D1, 0xFB53, 0xF7DD, 0xFFDC, 0x0696,
    0x0DC1, 0x1200, 0x0B1A, 0x04EB, 0xFD5A, 0xF8FD, 0xFD6A, 0x058E,
    0x0C81, 0x10BA, 0x0FB5, 0x0543, 0xFD56, 0xF5CE, 0xF17C, 0xF7DF,
    0xFC2A, 0x00D7, 0x03DB, 0xFDAB, 0xF719, 0xF1D3, 0xECF3, 0xEFED,
    0xF946, 0x0010, 0x06A0, 0x07BD, 0xFECC, 0xF9A8, 0xF3CA, 0xF084,
    0xF803, 0xFE92, 0x0563, 0x09AB, 0x04C7, 0xFCF1, 0xF5E3, 0xEFA9,
    0xEFA3, 0xF8DB, 0xFEC0, 0x04A0, 0x071B, 0xFEA8, 0xFA9C, 0xF46D,
    0xF0E8, 0xF801, 0xFF83, 0x0763, 0x0C1C, 0x091A, 0x0174, 0xFB3C,
    0xF451, 0xF2D1, 0xFB06, 0x00C3, 0x074C, 0x09DE, 0x0309, 0xFE47,
    0xF752, 0xF3D0, 0xFBBD, 0x0470, 0x0C5B, 0x1185, 0x0EF5, 0x06C6,
    0xFF63, 0xF787, 0xF6F2, 0xFFD9, 0x059B, 0x0C80, 0x0C06, 0x0364,
    0xFC37, 0xF347, 0xF0B6, 0xF744, 0x0102, 0x09B4, 0x0F31, 0x0D1F,
    0x0384, 0xFBFE, 0xF432, 0xF4EE, 0xFFA3, 0x0775, 0x1001, 0x1000,
    0x0810, 0xFFC0, 0xF521, 0xF16C, 0xF728, 0x00E8, 0x08A3, 0x0C5A,
    0x086C, 0xFD87, 0xF573, 0xEEB3, 0xF011, 0xFA75, 0x0317, 0x0AC8,
    0x0AEC, 0x030E, 0xF98E, 0xF14F, 0xEF88, 0xF553, 0xFF63, 0x0517,
    0x07F8, 0x034B, 0xF8CA, 0xF262, 0xECC4, 0xF03F, 0xFB8A, 0x05F2,
    0x0D67, 0x0C65, 0x0496, 0xFAAB, 0xF3B3, 0xF242, 0xF8F7, 0x03C5,
    0x0910, 0x0CDB, 0x0662, 0xFA79, 0xF453, 0xEEBB, 0xF44B, 0x0057,
    0x09A6, 0x1065, 0x0FF6, 0x08F4, 0x0055, 0xFB1D, 0xFA21, 0x01B9,
    0x0BE5, 0x10DB, 0x1518, 0x0F38, 0x0531, 0x004E, 0xFAB3, 0xFE75,
    0x0721, 0x0D4C, 0x1199, 0x0F91, 0x0787, 0xFDF4, 0xF911, 0xF898,
    0x006C, 0x07BE, 0x0AF4, 0x0E46, 0x070E, 0xFE95, 0xF8FC, 0xF43D,
    0xF826, 0xFFEC, 0x0532, 0x06DB, 0x0488, 0xFC31, 0xF3EB, 0xF063,
    0xF00E, 0xF805, 0xFEFE, 0x0338, 0x0847, 0x0306, 0xFC17, 0xF77A,
    0xF378, 0xF679, 0xFCE8, 0x0251, 0x04FC, 0x052A, 0xFDFD, 0xF5DF,
    0xF1E8, 0xEE99, 0xF452, 0xFA76, 0xFE64, 0x03DC, 0x00FA, 0xFC35,
    0xF918, 0xF5EE, 0xF6A0, 0xFC94, 0x0145, 0x03F3, 0x077C, 0x024F,
    0xFD29, 0xFB09, 0xF7D0, 0xFB76, 0xFFB2, 0x028D, 0x065E, 0x0583,
    0x0158, 0xFE12, 0xFB9E, 0xF9B3, 0xFE4E, 0x030F, 0x0426, 0x08DF,
    0x0641, 0x02A1, 0x0250, 0xFEC1, 0xFE0A, 0x00D3, 0x0345, 0x0425,
    0x0715, 0x062B, 0x02F3, 0x012E, 0xFAD1, 0xFA26, 0xFD80, 0xFEDD,
    0x0559, 0x0A13, 0x09EB, 0x06CA, 0x0289, 0xFDD4, 0xFBE1, 0xFF37,
    0xFF56, 0x0374, 0x0908, 0x06DF, 0x038B, 0xFC81, 0xF6E5, 0xF64D,
    0xF7AF, 0xF9B6, 0xFF58, 0x06C9, 0x04E7, 0x016D, 0xFD12, 0xF7AC,
    0xF808, 0xF7F3, 0xF8D4, 0xFF1C, 0x049A, 0x02D3, 0x0028, 0xFD20,
    0xF6AF, 0xF67E, 0xF6B4, 0xF6D6, 0xFFC6, 0x0389, 0x0201, 0x00FE,
    0xFD02, 0xF7A6, 0xF5DB, 0xF83A, 0xF8D9, 0x001F, 0x0552, 0x02DE,
    0x03B2, 0xFE2C, 0xF941, 0xF958, 0xF87A, 0xFABB, 0x01BE, 0x07E1,
    0x0792, 0x08A2, 0x0388, 0xFBDC, 0xFD34, 0xFE4D, 0x0222, 0x0BA0,
    0x117F, 0x122F, 0x0FD4, 0x07C0, 0xFEC7, 0xFDC8, 0xFE70, 0x0140,
    0x0C10, 0x10DF, 0x10A9, 0x0CE8, 0x0164, 0xF8C9, 0xF647, 0xF8E6,
    0xFFCD, 0x0D51, 0x13FD, 0x115D, 0x0CE2, 0xFD2C, 0xF380, 0xF271,
    0xF421, 0xFDDA, 0x0AC5, 0x112D, 0x0C8F, 0x036B, 0xF479, 0xEAB5,
    0xEC36, 0xF187, 0xFDDF, 0x0B1B, 0x0E5A, 0x0A27, 0xFE02, 0xEF92,
    0xE931, 0xEC61, 0xF4C5, 0x0176, 0x0EA3, 0x0DC5, 0x05EA, 0xFA92,
    0xEC12, 0xE7B6, 0xECAF, 0xF83C, 0x045E, 0x0D9E, 0x0B18, 0x004E,
    0xF639, 0xEA93, 0xEBE3, 0xF58E, 0x00B5, 0x0CCD, 0x118D, 0x0C7D,
    0x019A, 0xF59F, 0xEC43, 0xEF07, 0xF95F, 0x01B6, 0x0AEF, 0x0DFA,
    0x0583, 0xFC9F, 0xF2E4, 0xECFE, 0xF26E, 0xFE28, 0x0835, 0x0EEF,
    0x1210, 0x0A2D, 0x0155, 0xF850, 0xF296, 0xF967, 0x0057, 0x077D,
    0x0E13, 0x0E7D, 0x06A8, 0xFE86, 0xF87B, 0xF439, 0xFA70, 0x00F7,
    0x04D3, 0x0C0C, 0x0D02, 0x0648, 0x003C, 0xF9FD, 0xF6DA, 0xFA45,
    0xFFD4, 0x036D, 0x0A56, 0x0C02, 0x05A2, 0x01DE, 0xF9E5, 0xF5B8,
    0xF8BA, 0xFCA0, 0x0119, 0x078D, 0x0913, 0x0253, 0x00B1, 0xF98A,
    0xF436, 0xF96C, 0xFB29, 0x007A, 0x085C, 0x07F8, 0x027C, 0xFDAB,
    0xF513, 0xEF8D, 0xF362, 0xF723, 0xFD7C, 0x05B8, 0x0388, 0x0057,
    0xFB00, 0xEFFD, 0xF008, 0xF61F, 0xFC2F, 0x044C, 0x0B5A, 0x09AE,
    0x042C, 0xFC6C, 0xF0C4, 0xF0EC, 0xF6D5, 0xFE66, 0x06D1, 0x0AAD,
    0x0A93, 0x0430, 0xFC62, 0xF4EA, 0xF67B, 0xFDFA, 0x04CC, 0x0D5E,
    0x11F1, 0x0FE6, 0x0919, 0xFF8E, 0xF955, 0xFB67, 0x02CB, 0x087E,
    0x0DA4, 0x1411, 0x0E4E, 0x0618, 0x0017, 0xFA56, 0xFE6C, 0x038A,
    0x07A6, 0x0BC5, 0x0EF4, 0x0A6D, 0x058E, 0x0153, 0xFB6F, 0xFF0F,
    0x0143, 0x0297, 0x0752, 0x0753, 0x0244, 0xFEBC, 0xFA95, 0xF530,
    0xF626, 0xF8BE, 0xF912, 0xFD2F, 0xFF93, 0xFD52, 0xFD68, 0xFA01,
    0xF7B4, 0xF8DA, 0xFAA0, 0xFC0F, 0xFFE7, 0x0411, 0x0092, 0x0088,
    0xFB2C, 0xF3AA, 0xF568, 0xF52B, 0xF663, 0xFC85, 0x021E, 0x01D7,
    0x0205, 0xFBD1, 0xF29D, 0xF441, 0xF4D5, 0xF803, 0x02CF, 0x0855,
    0x089F, 0x0626, 0xFBDF, 0xF374, 0xF2D3, 0xF4A7, 0xFAF8, 0x0741,
    0x0C73, 0x0BB4, 0x0876, 0xFAAD, 0xF2A7, 0xF2A5, 0xF591, 0xFF99,
    0x0D94, 0x158E, 0x11D3, 0x0B49, 0xFC24, 0xF1D9, 0xF393, 0xF812,
    0x042C, 0x1076, 0x1452, 0x0E78, 0x0344, 0xF30D, 0xEB5C, 0xF048,
    0xF794, 0x05CC, 0x13FC, 0x1315, 0x0C56, 0x0276, 0xF362, 0xEF9B,
    0xF5F1, 0x00B2, 0x0D70, 0x1783, 0x12DB, 0x0819, 0xFBED, 0xECA4,
    0xED45, 0xF4EE, 0x001F, 0x0E1C, 0x1308, 0x0D14, 0x01E1, 0xF4AF,
    0xE939, 0xECC1, 0xF874, 0x0367, 0x0EDE, 0x101E, 0x06B6, 0xFB29,
    0xEEAE, 0xE7E6, 0xED0E, 0xF9F7, 0x0488, 0x0B2B, 0x0CC6, 0x0371,
    0xF9B6, 0xF00A, 0xEB40, 0xF31E, 0xFDC6, 0x0723, 0x0DB1, 0x0E6E,
    0x03A1, 0xFA65, 0xF2ED, 0xED20, 0xF6AF, 0xFF23, 0x0393, 0x097F,
    0x0823, 0xFFCF, 0xF890, 0xF31E, 0xF0D7, 0xF9A8, 0x0289, 0x06D5,
    0x0E57, 0x0DED, 0x0822, 0x0560, 0xFE6B, 0xFD87, 0x03D2, 0x07BF,
    0x0AF0, 0x0FD9, 0x0FE1, 0x0846, 0x04F1, 0xFD5D, 0xFAF1, 0x01A2,
    0x047B, 0x096D, 0x0F5F, 0x0F42, 0x07F0, 0x02DE, 0xFCC6, 0xFA6B,
    0xFF98, 0x0187, 0x056A, 0x0B84, 0x08F1, 0x0317, 0xFDC2, 0xF5A1,
    0xF419, 0xF954, 0xFCD1, 0x0139, 0x09A6, 0x06AE, 0xFFA9, 0xFC81,
    0xF377, 0xF2D3, 0xF8AA, 0xFE97, 0x04F9, 0x0A43, 0x068D, 0xFE43,
    0xF986, 0xEF97, 0xEFEA, 0xF64A, 0xF8F2, 0xFF8F, 0x02B9, 0xFE3F,
    0xF9E1, 0xF518, 0xEE8D, 0xF07B, 0xF7BE, 0xFB71, 0x018C, 0x080F,
    0x048B, 0x01C5, 0xFD08, 0xF677, 0xF8B0, 0xFBDC, 0xFE6B, 0x01C1,
    0x0607, 0x03C8, 0x00E5, 0xFCB2, 0xF66C, 0xF8E8, 0xFB1E, 0xFDBF,
    0x032D, 0x0828, 0x0761, 0x054B, 0x0386, 0xFB75, 0xFADC, 0xFCAA,
    0xFBFC, 0x02A5, 0x08C6, 0x08B3, 0x072B, 0x021C, 0xFA17, 0xF8AD,
    0xFB8D, 0xFE64, 0x0709, 0x0EFD, 0x0D42, 0x0C7F, 0x037C, 0xF99E,
    0xFA9B, 0xFB01, 0x003D, 0x0912, 0x0FD5, 0x0DD1, 0x0880, 0xFD2C,
    0xF26C, 0xF2E5, 0xF4F3, 0xFB5D, 0x0575, 0x0C28, 0x09CB, 0x01FF,
    0xF7F9, 0xEF67, 0xF04B, 0xF622, 0xFED3, 0x0BBF, 0x1102, 0x0B21,
    0x021E, 0xF62E, 0xEDF7, 0xEF1A, 0xF61C, 0xFD2E, 0x0861, 0x0CEF,
    0x0320, 0xFD78, 0xF326, 0xECC4, 0xF1FB, 0xF854, 0x010C, 0x0A12,
    0x0CBB, 0x046F, 0xFD79, 0xF361, 0xECCC, 0xF2F2, 0xF827, 0xFFD0,
    0x096D, 0x08D9, 0x0329, 0xFDC0, 0xF501, 0xF310, 0xFACA, 0x019D,
    0x07E6, 0x10C3, 0x100E, 0x0ADF, 0x0640, 0xFD0A, 0xFC4F, 0x0139,
    0x0512, 0x095A, 0x106F, 0x0FDA, 0x0952, 0x04D2, 0xF9B2, 0xF855,
    0xFC9B, 0xFEBF, 0x06DC, 0x0E5C, 0x1058, 0x0BB5, 0x0528, 0xFB6A,
    0xF7BC, 0xFCBA, 0x00AC, 0x08A5, 0x11C8, 0x111B, 0x0B7C, 0x0208,
    0xF5F5, 0xF147, 0xF39E, 0xFA69, 0x0256, 0x0C51, 0x0D00, 0x068A,
    0xFDB4, 0xF01F, 0xED25, 0xF1C2, 0xFA5E, 0x047C, 0x0E4E, 0x0D91,
    0x03A9, 0xF933, 0xEA51, 0xE78D, 0xEEB8, 0xF6F9, 0x029E, 0x0BAF,
    0x0A1E, 0x00A2, 0xF675, 0xEB34, 0xEB08, 0xF59C, 0xFDE3, 0x0936,
    0x110D, 0x0B07, 0x0327, 0xF7EC, 0xED85, 0xEF9F, 0xF72D, 0x004B,
    0x08DF, 0x0E57, 0x06A9, 0xFC75, 0xF2C5, 0xE999, 0xEEC5, 0xF6C0,
    0x0100, 0x0A87, 0x0DC7, 0x086A, 0xFF00, 0xF7DE, 0xF304, 0xF7AC,
    0xFFDF, 0x0858, 0x0F70, 0x105B, 0x09D6, 0xFFC3, 0xF8FD, 0xF4FB,
    0xF732, 0xFFB2, 0x058E, 0x0BAB, 0x0FC5, 0x0975, 0x023E, 0xFC0E,
    0xF7B2, 0xF90A, 0x0025, 0x0640, 0x09FF, 0x0DFE, 0x0633, 0xFF84,
    0xFB26, 0xF413, 0xF75B, 0xFBB7, 0xFFF2, 0x0777, 0x0B8C, 0x08D1,
    0x0413, 0xFE7D, 0xF7ED, 0xF90A, 0xFCA0, 0xFFDF, 0x07B3, 0x0C56,
    0x09B3, 0x03FE, 0xFBC1, 0xF4C0, 0xF2B7, 0xF4AD, 0xF8CA, 0x00BF,
    0x066A, 0x0392, 0xFE24, 0xF5C4, 0xEFD9, 0xEF9D, 0xF44C, 0xFB25,
    0x0276, 0x0AC0, 0x0746, 0x01AC, 0xFB94, 0xF264, 0xF32E, 0xF789,
    0xFE30, 0x061F, 0x0B14, 0x0857, 0xFFFF, 0xF8F0, 0xF208, 0xF34F,
    0xFB2C, 0x01F9, 0x0BF7, 0x10FA, 0x0CB2, 0x05E6, 0xFD04, 0xF7D9,
    0xF9F1, 0x0131, 0x06A4, 0x0CAA, 0x1002, 0x09E4, 0x0313, 0xFB92,
    0xF82E, 0xFAF5, 0x0295, 0x08EC, 0x0E31, 0x1390, 0x0E6B, 0x0863,
    0x022E, 0xFD4C, 0x0027, 0x037B, 0x077F, 0x0B8E, 0x0D30, 0x08F1,
    0x0228, 0xFDE0, 0xF780, 0xF713, 0xFAE0, 0xFB0C, 0x002B, 0x03DD,
    0x0171, 0xFED8, 0xFB48, 0xF787, 0xF61E, 0xF8A0, 0xF9E2, 0xFEC3,
    0x05C5, 0x060E, 0x055D, 0x00BC, 0xF973, 0xF598, 0xF46B, 0xF552,
    0xFACE, 0x0307, 0x0450, 0x03B5, 0xFEEE, 0xF5E5, 0xF272, 0xF1A4,
    0xF57A, 0xFD5D, 0x06EC, 0x0ACA, 0x07FF, 0x01D3, 0xF5BE, 0xEE74,
    0xEEC2, 0xF306, 0xFE34, 0x0897, 0x0B9A, 0x07FF, 0xFDE3, 0xF3B7,
    0xEDA0, 0xF173, 0xFA6C, 0x06A2, 0x1343, 0x13C4, 0x0DCB, 0x0143,
    0xF4F1, 0xF0B5, 0xF4C9, 0xFF07, 0x09BD, 0x1427, 0x12B7, 0x0810,
    0xFB8E, 0xEF1F, 0xEC10, 0xF235, 0xFE4F, 0x0991, 0x1228, 0x1145,
    0x05DF, 0xFB9A, 0xF0E2, 0xEEE6, 0xF806, 0x02E4, 0x0E82, 0x159B,
    0x11E2, 0x064B, 0xFB41, 0xF233, 0xEFBF, 0xF98B, 0x0317, 0x0ABF,
    0x116A, 0x0BA6, 0x029D, 0xF957, 0xF24B, 0xF40D, 0xFAF7, 0x0353,
    0x08EB, 0x0E12, 0x0928, 0xFF98, 0xF7CD, 0xF043, 0xF0F0, 0xF606,
    0xFD4E, 0x0266, 0x0611, 0x04CC, 0xFD6F, 0xF909, 0xF4AF, 0xF441,
    0xFB0F, 0x01F5, 0x05FD, 0x0A0F, 0x07E9, 0x005F, 0xFC42, 0xF782,
    0xF35A, 0xF8D8, 0xFD29, 0xFF6D, 0x05F6, 0x035E, 0xFEEB, 0xFB90,
    0xF5B2, 0xF3DA, 0xF8EE, 0xFDC7, 0x0163, 0x0AB0, 0x0B0B, 0x0719,
    0x04F9, 0xFDA2, 0xFC11, 0xFECD, 0x0258, 0x07E1, 0x0EC4, 0x1017,
    0x0AA9, 0x065C, 0xFEB5, 0xFA55, 0xFD20, 0x0033, 0x05F5, 0x0E6A,
    0x10C3, 0x0C96, 0x089E, 0x01C5, 0xFA16, 0xFB34, 0xFE6D, 0x02D1,
    0x0C59, 0x0C3C, 0x079D, 0x02DF, 0xFA0E, 0xF349, 0xF3D0, 0xF7A9,
    0xFC96, 0x08E4, 0x0B80, 0x0823, 0x0561, 0xFAF0, 0xF54D, 0xF577,
    0xF87F, 0xFE55, 0x083E, 0x0C7D, 0x0757, 0x021C, 0xF6C5, 0xEE2C,
    0xEEDE, 0xF08D, 0xF769, 0x0397, 0x086E, 0x0447, 0xFDB7, 0xF39A,
    0xEA5A, 0xED16, 0xF207, 0xFA65, 0x0A3A, 0x0DC4, 0x0923, 0x02FD,
    0xF687, 0xEDD7, 0xF01D, 0xF545, 0xFE22, 0x0E0B, 0x1063, 0x09E3,
    0x025E, 0xF300, 0xEC30, 0xEFC8, 0xF642, 0x027C, 0x1211, 0x15BD,
    0x0E42, 0x04F1, 0xF4CC, 0xED17, 0xF26C, 0xF8FF, 0x059F, 0x1305,
    0x1459, 0x0BB1, 0xFF67, 0xF1EE, 0xEBB5, 0xF2FE, 0xFCD1, 0x08D6,
    0x172F, 0x16C1, 0x0DEB, 0x02AD, 0xF505, 0xF0BC, 0xF686, 0xFF76,
    0x097F, 0x14D6, 0x123F, 0x07DD, 0xFDF9, 0xF08B, 0xEE6E, 0xF594,
    0xFD99, 0x06B2, 0x101D, 0x0EF8, 0x040E, 0xFAE6, 0xF007, 0xEE81,
    0xF70E, 0xFD8A, 0x0629, 0x0DEC, 0x0C79, 0x04C2, 0xFB80, 0xF2D8,
    0xF0F4, 0xF763, 0xFB0C, 0x013C, 0x0B6C, 0x0867, 0x019D, 0xFACD,
    0xF23E, 0xF0E3, 0xF4C5, 0xFA4B, 0x0159, 0x0BB4, 0x0B73, 0x03C0,
    0xFCF1, 0xF2C1, 0xEF9D, 0xF1AD, 0xF62D, 0xFF0F, 0x0939, 0x0B1E,
    0x0578, 0xFF8D, 0xF537, 0xF169, 0xF5C2, 0xFAF9, 0x063D, 0x128C,
    0x1516, 0x0FC6, 0x06A8, 0xFA35, 0xF340, 0xF7D0, 0xFD78, 0x066B,
    0x141A, 0x150F, 0x0E6A, 0x043C, 0xF793, 0xF30D, 0xF600, 0xFD80,
    0x07DC, 0x1575, 0x1601, 0x0D44, 0x0474, 0xF641, 0xF389, 0xF8A6,
    0xFE08, 0x09AF, 0x15D6, 0x14D0, 0x0BBF, 0x0194, 0xF413, 0xF0F6,
    0xF580, 0xFABA, 0x0687, 0x1051, 0x0E9D, 0x06FD, 0xFB95, 0xF10E,
    0xEF3D, 0xF398, 0xFADC, 0x0551, 0x0DC0, 0x0B6E, 0x041E, 0xF82A,
    0xEE41, 0xECEB, 0xEF12, 0xF6E1, 0xFF5C, 0x0988, 0x0A07, 0x01A4,
    0xF9A9, 0xF082, 0xEED6, 0xF1DB, 0xF94F, 0x039B, 0x0DDD, 0x0FAF,
    0x05B1, 0xFB67, 0xF20B, 0xED29, 0xF00C, 0xF5AC, 0x0096, 0x0D30,
    0x0E7D, 0x0742, 0xFCB7, 0xF1FC, 0xECA2, 0xEF4C, 0xF617, 0x021C,
    0x1096, 0x121F, 0x0B58, 0x0034, 0xF474, 0xEF69, 0xF128, 0xFA51,
    0x0776, 0x16BA, 0x1917, 0x0EF0, 0x015D, 0xF332, 0xEE64, 0xF064,
    0xFA9A, 0x09FD, 0x170C, 0x18C5, 0x0C7D, 0xFDF6, 0xF18D, 0xED18,
    0xF248, 0xFBDE, 0x0AF1, 0x1843, 0x1668, 0x0946, 0xF929, 0xED7C,
    0xE9F1, 0xF196, 0xFEC3, 0x0C31, 0x1900, 0x159C, 0x078F, 0xF85A,
    0xED38, 0xED25, 0xF4F3, 0x017D, 0x0DB7, 0x173E, 0x1125, 0x0173,
    0xF2AB, 0xE758, 0xE9F5, 0xF291, 0xFDF1, 0x0A83, 0x127A, 0x0CF7,
    0xFD56, 0xF02D, 0xE85D, 0xEA35, 0xF38A, 0xFDCC, 0x0977, 0x10E5,
    0x0C1E, 0xFF1C, 0xF16F, 0xECA2, 0xED6B, 0xF5B6, 0x0111, 0x0A52,
    0x1254, 0x0CE7, 0x00B1, 0xF5BF, 0xEFCB, 0xF14D, 0xF8EC, 0x025B,
    0x09A7, 0x12D9, 0x0FE0, 0x0523, 0xFDD4, 0xF626, 0xF5A2, 0xFC2E,
    0x0299, 0x0A84, 0x13C1, 0x124D, 0x0878, 0xFF1F, 0xF74C, 0xF6EE,
    0xFD47, 0x0268, 0x0C5C, 0x16F1, 0x15F0, 0x0E02, 0x0358, 0xFB83,
    0xF84B, 0xFBBF, 0x00D2, 0x092E, 0x14D3, 0x1253, 0x08C8, 0xFD7A,
    0xF3F8, 0xF141, 0xF3FF, 0xFBC0, 0x0548, 0x10EE, 0x1054, 0x05B5,
    0xFA68, 0xEE78, 0xEACF, 0xEF47, 0xF881, 0x0598, 0x10A7, 0x1031,
    0x0563, 0xF826, 0xEC98, 0xE8CD, 0xF04C, 0xFA2C, 0x057E, 0x0F05,
    0x0CCB, 0x02D6, 0xF47A, 0xEA37, 0xE744, 0xEFB8, 0xFADD, 0x03F7,
    0x0DBD, 0x0B55, 0x036C, 0xF7A0, 0xED33, 0xEC5F, 0xF36F, 0xFD25,
    0x0457, 0x0865, 0x04A8, 0xFDFF, 0xF909, 0xF5DC, 0xF7B2, 0xFBEB,
    0x008E, 0x04D2, 0x067C, 0x0565, 0x0116, 0x0257, 0x0352, 0xFF72,
    0xFFC7, 0xFF78, 0x019D, 0x0460, 0x02A9, 0x00C3, 0x012C, 0x037C,
    0x0219, 0x02E8, 0x03D1, 0x01E3, 0x0052, 0xFBF3, 0xFB03, 0xFE1D,
    0x024B, 0x06D1, 0x0900, 0x07BA, 0x01EC, 0xFB30, 0xF781, 0xF967,
    0x0082, 0x0760, 0x0BF8, 0x0C0E, 0x0888, 0x0363, 0xFC1A, 0xF7CF,
    0xF61A, 0xF90E, 0x00B4, 0x0666, 0x088E, 0x08B1, 0x07A7, 0xFDE0,
    0xF505, 0xF0F2, 0xF010, 0xFA00, 0x01A2, 0x0576, 0x09C1, 0x06D1,
    0xFD2B, 0xF3C7, 0xEE72, 0xEEB3, 0xF77F, 0xFFEE, 0x054D, 0x0CFD,
    0x0AC0, 0x025A, 0xFAFB, 0xF221, 0xF105, 0xF4B5, 0xF8EF, 0x011E,
    0x08A4, 0x086D, 0x0381, 0xFF2D, 0xF709, 0xF3FD, 0xF6BA, 0xF9FA,
    0x01A6, 0x063B, 0x06EB, 0x055A, 0x0164, 0xFE0A, 0xFCA5, 0xFDA8,
    0x0000, 0x025F, 0x0262, 0x03CC, 0x0781, 0x07FC, 0x0A3E, 0x0B77,
    0x09C0, 0x0730, 0x0137, 0xFFA1, 0x00BA, 0x02F3, 0x06A2, 0x099A,
    0x0CFF, 0x0D01, 0x0A88, 0x029D, 0xFD6C, 0xFB64, 0xF913, 0xFE12,
    0x0413, 0x0AB9, 0x0E03, 0x09BA, 0x0275, 0xFA66, 0xF405, 0xF25B,
    0xF862, 0x00C1, 0x076F, 0x0C92, 0x09E8, 0x04EB, 0x0059, 0xF697,
    0xF2CD, 0xF50D, 0xF877, 0xFE95, 0x032A, 0x061F, 0x054D, 0x0249,
    0xFAF9, 0xF435, 0xF0BA, 0xEFA2, 0xF61F, 0xFB2E, 0xFFF3, 0x0319,
    0x0226, 0xFE0B, 0xF915, 0xF45E, 0xEF07, 0xF0BA, 0xF51F, 0xFB0D,
    0x0248, 0x0702, 0x0938, 0x071D, 0x0150, 0xF8D5, 0xF169, 0xF1B8,
    0xF80E, 0x008C, 0x0839, 0x0BE4, 0x0C65, 0x0578, 0xFCF8, 0xF763,
    0xF3F7, 0xF6EE, 0xFD16, 0x0628, 0x0B0C, 0x0CCD, 0x0B0B, 0x0451,
    0xFFB0, 0xF892, 0xF585, 0xF8AF, 0xFFB6, 0x074D, 0x0937, 0x0ABC,
    0x09B5, 0x0591, 0x013F, 0xFCC6, 0xFADE, 0xFB80, 0xFF28, 0x0318,
    0x0607, 0x08B9, 0x0935, 0x0895, 0x0529, 0x002D, 0xFAB6, 0xF619,
    0xF947, 0xFE84, 0x028C, 0x06DD, 0x08FD, 0x0709, 0x002D, 0xF876,
    0xF012, 0xEE2A, 0xF2DA, 0xFA11, 0x037D, 0x08C3, 0x0BC5, 0x0936,
    0x018D, 0xF9A9, 0xF19F, 0xEEDB, 0xF3C8, 0xFE87, 0x063F, 0x092C,
    0x0AE1, 0x04E5, 0xFD42, 0xF560, 0xED67, 0xEE88, 0xF4FC, 0xFED1,
    0x05FD, 0x08C5, 0x07A8, 0x038F, 0xFE24, 0xF574, 0xF157, 0xF1BF,
    0xF6AD, 0x01E6, 0x0841, 0x0AE3, 0x0C75, 0x083C, 0x01B2, 0xFC15,
    0xF715, 0xF598, 0xFD49, 0x0694, 0x0CC7, 0x10AF, 0x0ED9, 0x0BB8,
    0x06AA, 0xFF9B, 0xFB56, 0xFAE1, 0x00A2, 0x086B, 0x0DC1, 0x0E3B,
    0x0C48, 0x0875, 0x016B, 0xFC8B, 0xF826, 0xF76B, 0xFB45, 0x0234,
    0x0864, 0x0846, 0x0874, 0x0703, 0x0489, 0x03A8, 0xFE5F, 0xFA74,
    0xFBEE, 0xFF73, 0x03AA, 0x05DA, 0x079F, 0x07D1, 0x067C, 0x003E,
    0xF6CC, 0xF349, 0xF1BD, 0xF78C, 0xFF99, 0x02B2, 0x06FB, 0x0736,
    0x0272, 0xFAE3, 0xF309, 0xEC79, 0xED55, 0xF538, 0xFC52, 0x036C,
    0x069B, 0x0547, 0x012B, 0xF9CC, 0xF20F, 0xED19, 0xEEE2, 0xF662,
    0x0042, 0x06E6, 0x0779, 0x0702, 0x03DC, 0xFD99, 0xF76A, 0xF1A7,
    0xF292, 0xF942, 0x02C6, 0x07D8, 0x0908, 0x0AC4, 0x0455, 0xFD81,
    0xF526, 0xED2C, 0xEEB8, 0xF6A5, 0x01F6, 0x0A1B, 0x0EE2, 0x0DBA,
    0x090D, 0x0344, 0xF9D1, 0xF525, 0xF6C9, 0xFDC6, 0x09AC, 0x104F,
    0x1075, 0x0DEA, 0x08AA, 0xFFF1, 0xF7C3, 0xF438, 0xF496, 0xFD93,
    0x091E, 0x0DB2, 0x0E6C, 0x0B46, 0x043A, 0xFD62, 0xF9D2, 0xF50C,
    0xF52D, 0xFE45, 0x046D, 0x0990, 0x0966, 0x04F1, 0x02B5, 0xFE89,
    0xF894, 0xF42C, 0xF4A6, 0xF7B3, 0x0090, 0x06C3, 0x04B6, 0x05C9,
    0x0428, 0xFEC6, 0xFCE6, 0xF81E, 0xF41B, 0xF838, 0xFF04, 0x0341,
    0x0510, 0x0522, 0x01BF, 0xFF1E, 0xF94C, 0xEFD7, 0xEC5D, 0xEDDB,
    0xF582, 0xFD8A, 0x0276, 0x05B3, 0x06F1, 0x046D, 0xFCED, 0xF805,
    0xF301, 0xF378, 0xFD92, 0x0708, 0x0D5B, 0x1065, 0x0F05, 0x0857,
    0x00AE, 0xF755, 0xEEF6, 0xF356, 0xFF80, 0x0ABE, 0x128A, 0x130D,
    0x0F80, 0x07F9, 0xFE6A, 0xF684, 0xF328, 0xF8F7, 0x03BC, 0x0F21,
    0x1332, 0x1088, 0x0CC9, 0x0454, 0xFC7F, 0xF73E, 0xF4CF, 0xF88E,
    0x0274, 0x0C41, 0x0D3F, 0x0C2B, 0x0854, 0x0284, 0x0019, 0xFC3A,
    0xF97F, 0xFB64, 0x0249, 0x0854, 0x0B50, 0x0B2C, 0x0764, 0x0463,
    0xFDA2, 0xF5C7, 0xF077, 0xEDA2, 0xF2F0, 0xFC13, 0x017D, 0x031D,
    0x0397, 0x0133, 0xFA5D, 0xF5A4, 0xF0D5, 0xEF02, 0xF7C7, 0x00AB,
    0x065B, 0x0934, 0x078E, 0x0256, 0xFCFD, 0xF70E, 0xEEE0, 0xEF35,
    0xF566, 0xFD99, 0x0649, 0x06CF, 0x0573, 0x037B, 0xFCB6, 0xF5F0,
    0xF228, 0xF001, 0xF3D7, 0xFF8F, 0x055F, 0x07BB, 0x0A7B, 0x05F8,
    0x0178, 0xFC87, 0xF44F, 0xF0A8, 0xF569, 0xFF47, 0x07DF, 0x0D5D,
    0x0D42, 0x0A2D, 0x05D3, 0xFCC2, 0xF5D8, 0xF34F, 0xF94E, 0x05E7,
    0x0F07, 0x1312, 0x1161, 0x0CC3, 0x03BA, 0xF947, 0xF27D, 0xEF74,
    0xF491, 0xFF5C, 0x0871, 0x0AE8, 0x08E1, 0x04D3, 0xFD7B, 0xF906,
    0xF63A, 0xF3ED, 0xF9E2, 0x030E, 0x09A8, 0x0BBB, 0x0AC9, 0x0747,
    0x0257, 0xFEF9, 0xF84D, 0xF4D3, 0xF666, 0xFC59, 0x0530, 0x0791,
    0x07BC, 0x069F, 0x0318, 0xFCB2, 0xF496, 0xEF9C, 0xEF39, 0xF874,
    0x0127, 0x0489, 0x07B0, 0x065A, 0x01AE, 0xFB2D, 0xF374, 0xED14,
    0xEE3F, 0xF80B, 0x0054, 0x0727, 0x09EB, 0x06FD, 0x039F, 0xFD35,
    0xF6DE, 0xF2D9, 0xF43D, 0xFC7D, 0x06ED, 0x0DF8, 0x0F07, 0x0FC6,
    0x0B2F, 0x026C, 0xFBCE, 0xF336, 0xF121, 0xF823, 0x02A8, 0x0A1E,
    0x0DD8, 0x0DF2, 0x082D, 0x030C, 0xFAB1, 0xF1D9, 0xF2AC, 0xFBFD,
    0x092C, 0x1213, 0x14FD, 0x13E0, 0x0D35, 0x03BC, 0xF9AA, 0xF3B6,
    0xF566, 0xFE8D, 0x0C0E, 0x12DE, 0x13A4, 0x0FD1, 0x0713, 0xFE9D,
    0xF7AC, 0xF3AF, 0xF37E, 0xFC52, 0x0684, 0x0B1C, 0x0B68, 0x0675,
    0x0014, 0xF9EB, 0xF6C6, 0xF269, 0xF13F, 0xF825, 0xFF8C, 0x046C,
    0x0471, 0x0177, 0xFF16, 0xFC60, 0xF918, 0xF3E2, 0xF10F, 0xF53E,
    0xFC8A, 0x02B9, 0x0392, 0x0673, 0x0768, 0x0107, 0xFCBB, 0xF3E7,
    0xEC09, 0xEE7A, 0xF5AE, 0xFC6F, 0x0210, 0x0678, 0x03BB, 0x0084,
    0xFB61, 0xF1EE, 0xED00, 0xEEA8, 0xF960, 0x04FD, 0x0B54, 0x0F55,
    0x0EF3, 0x0854, 0xFE87, 0xF655, 0xEF23, 0xF1EC, 0xFEEA, 0x0A12,
    0x119B, 0x1467, 0x110E, 0x07C2, 0xFE09, 0xF5A7, 0xECBE, 0xF0EA,
    0xFF63, 0x0A36, 0x11AB, 0x11BB, 0x0D6F, 0x0494, 0xF988, 0xF0DB,
    0xEC58, 0xF2DE, 0xFF2D, 0x0C0E, 0x10B1, 0x0E0A, 0x09CF, 0xFE3A,
    0xF4F1, 0xF20D, 0xF073, 0xF632, 0x03DE, 0x0E75, 0x0FCC, 0x0D5D,
    0x072E, 0xFF13, 0xFB08, 0xF811, 0xF5E5, 0xF7DB, 0xFF82, 0x056F,
    0x048E, 0x0220, 0xFECE, 0xFC03, 0xF9DB, 0xF83D, 0xF583, 0xF2D5,
    0xF79E, 0xFE56, 0x0138, 0x0253, 0x0471, 0x0633, 0x01E0, 0xFD6C,
    0xF651, 0xEFA3, 0xF582, 0xFDA9, 0x044B, 0x0A8B, 0x0DF3, 0x0BBF,
    0x04AF, 0xFCC9, 0xF264, 0xED84, 0xF383, 0xFF9F, 0x0B3D, 0x0F5E,
    0x10B2, 0x0D54, 0x031F, 0xF9D5, 0xF1BC, 0xEEDA, 0xF560, 0x038E,
    0x0E8F, 0x120B, 0x11CB, 0x0B21, 0x011E, 0xF914, 0xF3BE, 0xF1A8,
    0xF914, 0x08C8, 0x11FD, 0x1479, 0x1350, 0x0DAE, 0x0715, 0xFF0C,
    0xF7D4, 0xF541, 0xFB2A, 0x0591, 0x0C31, 0x0F5F, 0x0C96, 0x075E,
    0xFE83, 0xF45E, 0xF174, 0xEFC5, 0xF465, 0x00C5, 0x0ADE, 0x0D52,
    0x0A29, 0x04EC, 0xFB8D, 0xF537, 0xF201, 0xEFA3, 0xF77D, 0x02EB,
    0x095F, 0x09E2, 0x05FB, 0x00D0, 0xFADE, 0xF77A, 0xF450, 0xF3EB,
    0xF64C, 0xFB16, 0x01C9, 0x0148, 0xFEE6, 0xFECB, 0xFD82, 0xFBA8,
    0xF914, 0xF515, 0xF2C6, 0xF7D2, 0xFD01, 0xFF1E, 0x038C, 0x06A5,
    0x0627, 0x0146, 0xF9DE, 0xF29E, 0xEECB, 0xF4A2, 0xFD97, 0x0691,
    0x0E22, 0x10A0, 0x0EF7, 0x0607, 0xFB07, 0xF1B3, 0xEE74, 0xF5B3,
    0x0296, 0x0DFF, 0x119B, 0x11C4, 0x0B66, 0xFD64, 0xF3B7, 0xEBAF,
    0xEB97, 0xF799, 0x0615, 0x0F78, 0x1202, 0x0F4A, 0x04A2, 0xFAB5,
    0xF320, 0xED32, 0xF105, 0xFBFF, 0x091C, 0x117D, 0x10E8, 0x0CCB,
    0x04C9, 0xFB2C, 0xF444, 0xF1E4, 0xF4D0, 0xFD6A, 0x09E4, 0x0E5A,
    0x0B96, 0x0694, 0xFFC4, 0xF997, 0xF629, 0xF61C, 0xF669, 0xFD8C,
    0x0554, 0x05E4, 0x052D, 0x0231, 0xFFD4, 0xFDA7, 0xFB15, 0xF84E,
    0xF607, 0xF8D9, 0xFC45, 0x008A, 0x0300, 0x03B8, 0x06F3, 0x051E,
    0x01B8, 0xFC74, 0xF3A2, 0xF2B4, 0xF87C, 0x0036, 0x06EE, 0x0CEF,
    0x0E90, 0x082A, 0xFFC9, 0xF3E9, 0xEADB, 0xED7C, 0xF8E0, 0x05AC,
    0x0FE4, 0x1565, 0x1176, 0x0760, 0xFB9E, 0xF0D1, 0xEC90, 0xF1B0,
    0x0144, 0x1017, 0x169C, 0x163F, 0x0F46, 0x055F, 0xFABF, 0xF5AB,
    0xF490, 0xFA15, 0x0828, 0x0FB8, 0x1006, 0x0D7C, 0x071E, 0xFF83,
    0xF9C3, 0xF84A, 0xF5DA, 0xF82D, 0x0079, 0x04F4, 0x08BB, 0x0933,
    0x06ED, 0x0305, 0xFD59, 0xF7F6, 0xF2AE, 0xF1E5, 0xF7C4, 0x018C,
    0x076A, 0x09DC, 0x0BA4, 0x0563, 0xFCAC, 0xF705, 0xEF21, 0xED0B,
    0xF67F, 0x01DE, 0x0895, 0x0BCA, 0x0896, 0xFF8B, 0xF7D3, 0xEFFE,
    0xEC3D, 0xEF7E, 0xF8B3, 0x0502, 0x08A7, 0x076D, 0x04C0, 0xFEAB,
    0xF865, 0xF4E9, 0xF3CB, 0xF2D2, 0xF8E2, 0x00FF, 0x0429, 0x062C,
    0x05EB, 0x041A, 0x006B, 0xFD4A, 0xF87F, 0xF282, 0xF5B6, 0xFE0C,
    0x04E6, 0x0A1B, 0x0D56, 0x0BE4, 0x0546, 0xFDF7, 0xF463, 0xEE1F,
    0xF1C0, 0xFD0F, 0x09BE, 0x0F4C, 0x1125, 0x0D09, 0x019A, 0xF75B,
    0xEF74, 0xEC6B, 0xF390, 0x039D, 0x0EE1, 0x1195, 0x10A4, 0x077E,
    0xFC97, 0xF4B0, 0xEEFF, 0xF09D, 0xF7FC, 0x04C7, 0x0D6F, 0x0CE4,
    0x0839, 0x0096, 0xF91A, 0xF458, 0xF579, 0xF5C6, 0xFAB8, 0x054C,
    0x0AA7, 0x0A44, 0x06AD, 0x0450, 0x010C, 0xFE31, 0xFD0D, 0xF99F,
    0xF8F2, 0xFF64, 0x0489, 0x056F, 0x051A, 0x05AB, 0x026F, 0xFFA0,
    0xFBC0, 0xF572, 0xF64B, 0xFB98, 0x0371, 0x0844, 0x09DB, 0x09DC,
    0x065F, 0x007E, 0xFA91, 0xF5A1, 0xF509, 0xFABE, 0x03E2, 0x08B5,
    0x0AC3, 0x0C71, 0x06EA, 0x0170, 0xFB53, 0xF582, 0xF4D5, 0xFA87,
    0x0532, 0x0C34, 0x0FD3, 0x0F71, 0x0B25, 0x03FB, 0xFD71, 0xF7EE,
    0xF4F7, 0xFC56, 0x07C5, 0x0EEF, 0x0F96, 0x0D96, 0x0795, 0xFCBB,
    0xF5AD, 0xF0F6, 0xF15F, 0xFBD5, 0x078F, 0x0DDC, 0x0D5A, 0x08CA,
    0x02B5, 0xF9A5, 0xF4D8, 0xF376, 0xF59D, 0xFCAD, 0x0456, 0x0992,
    0x056C, 0x025C, 0xFE75, 0xF907, 0xF873, 0xF7F5, 0xF857, 0xFB50,
    0x00EF, 0x04AE, 0x03C0, 0x034F, 0x02B6, 0x016E, 0x006C, 0xFCF3,
    0xF89E, 0xF793, 0xFD66, 0x01EB, 0x04B2, 0x0741, 0x0834, 0x0620,
    0xFE71, 0xF83B, 0xF1F5, 0xF1B8, 0xFAA4, 0x01F4, 0x0710, 0x0A08,
    0x07DB, 0x00BA, 0xFA09, 0xF2D1, 0xEEF2, 0xF1E5, 0xF9B1, 0x02A8,
    0x0778, 0x0766, 0x0504, 0xFDED, 0xF60A, 0xF212, 0xEE65, 0xF224,
    0xFB61, 0x045C, 0x0766, 0x072F, 0x04B7, 0xFF8F, 0xFA98, 0xF72A,
    0xF410, 0xF433, 0xFBB2, 0x0366, 0x05D9, 0x0651, 0x04AD, 0xFFF2,
    0xFB92, 0xF78C, 0xF39E, 0xF364, 0xFA8A, 0x023B, 0x065D, 0x0877,
    0x0608, 0x00C4, 0xFAB5, 0xF604, 0xF400, 0xF3DC, 0xFA47, 0x026B,
    0x0679, 0x059B, 0x04A2, 0x0111, 0xFBB6, 0xFBA6, 0xF90C, 0xF788,
    0xFEF2, 0x0462, 0x0644, 0x077A, 0x06A7, 0x0381, 0xFFEE, 0xFEBE,
    0xFADE, 0xF945, 0xFAED, 0x00CA, 0x04FB, 0x05AF, 0x0732, 0x0563,
    0x0225, 0xFE49, 0xFA98, 0xF616, 0xF7A4, 0x0044, 0x06E3, 0x0B4E,
    0x0DC2, 0x0BF7, 0x06E9, 0x0153, 0xFB78, 0xF7CC, 0xFA6D, 0x023F,
    0x087B, 0x0E79, 0x0F73, 0x0B29, 0x0608, 0xFF5D, 0xFB92, 0xF8A6,
    0xFBC7, 0x030D, 0x0A25, 0x0F65, 0x0F0F, 0x0A7F, 0x0241, 0xFC5F,
    0xF8B7, 0xF563, 0xF95B, 0x01C8, 0x06DB, 0x099F, 0x0ABA, 0x062D,
    0xFDB0, 0xF97C, 0xF629, 0xF53E, 0xF9EA, 0xFFDE, 0x06F6, 0x0924,
    0x082C, 0x0436, 0xFBC7, 0xF69F, 0xF3BF, 0xF463, 0xF731, 0xFCE7,
    0x0133, 0x013D, 0x028E, 0xFFF2, 0xFA1D, 0xF59B, 0xF4C8, 0xF50B,
    0xF7BF, 0xFE90, 0x01CA, 0x03A7, 0x0712, 0x0411, 0xFFB1, 0xFDA1,
    0xFBFF, 0xFAEE, 0xFB33, 0xFF75, 0x01D8, 0x03A3, 0x0402, 0x04F9,
    0x037F, 0xFD87, 0xFCB1, 0xF893, 0xF63D, 0xFA2B, 0xFDE0, 0x0060,
    0x0440, 0x0A55, 0x0759, 0x0145, 0xFCC7, 0xF542, 0xF432, 0xF82A,
    0xFD61, 0x01A3, 0x04E1, 0x075B, 0x03F3, 0x0013, 0xFC4D, 0xFA8E,
    0xFACF, 0xFD87, 0x0478, 0x060A, 0x04FD, 0x0669, 0x038C, 0xFE3B,
    0xFB4B, 0xFAEE, 0xFB08, 0x00B0, 0x05C9, 0x03C4, 0x0349, 0x01A0,
    0xFDCC, 0xFA4C, 0xF90A, 0xFA32, 0xFB8A, 0x0084, 0x05F0, 0x07DF,
    0x0622, 0x0394, 0x033B, 0xFE1E, 0xFAF0, 0xFB7E, 0xFB39, 0xFFE0,
    0x06DE, 0x07E0, 0x0416, 0x035E, 0x014A, 0xFC89, 0xFB22, 0xFA55,
    0xFADC, 0x001C, 0x0512, 0x0743, 0x04C9, 0x03C1, 0x039D, 0x020D,
    0x01E0, 0x00AF, 0x012B, 0x009C, 0x02CE, 0x02B9, 0xFF34, 0xFF86,
    0x00F4, 0x0287, 0x0228, 0x034A, 0x038C, 0x0396, 0x05B6, 0x0497,
    0x01A5, 0x025A, 0x051D, 0x068C, 0x05A3, 0x03AE, 0x0161, 0x019E,
    0x0596, 0x05F6, 0x048A, 0x010F, 0xFEE2, 0xFD68, 0xFA19, 0xFA38,
    0xFB22, 0xFDB6, 0x0224, 0x0650, 0x0631, 0x03A5, 0x02FC, 0xFEF9,
    0xFB2F, 0xFA69, 0xFA50, 0xFEC7, 0x03ED, 0x06DA, 0x062C, 0x0475,
    0x02A0, 0xFE3F, 0xFB65, 0xF7A1, 0xF59A, 0xF6B4, 0xFA97, 0x000D,
    0x0175, 0x014A, 0x00EB, 0xFEF9, 0xFBE4, 0xF9D8, 0xF872, 0xF78B,
    0xFAB8, 0xFEFB, 0xFFA5, 0x0027, 0xFF44, 0xFCC6, 0xFB80, 0xFB79,
    0xFD4E, 0x0061, 0x05C9, 0x067F, 0x035B, 0xFE14, 0xF9E9, 0xFC33,
    0xFD69, 0x0140, 0x0438, 0x0539, 0x0761, 0x0628, 0x0107, 0xF93F,
    0xF644, 0xF6D0, 0xF9EE, 0x0093, 0x030C, 0x0373, 0x0479, 0x0290,
    0xFF2E, 0xFCA4, 0xFDEB, 0xFF7E, 0x0042, 0x00E5, 0xFE6B, 0xFE19,
    0xFEF8, 0x0176, 0x03CB, 0x02AC, 0x03B6, 0x037D, 0x004D, 0xFB17,
    0xF685, 0xF394, 0xF6CE, 0x00A6, 0x051A, 0x069A, 0x06D3, 0x03A5,
    0xFFC3, 0xFBDB, 0xF938, 0xF77D, 0xF9F1, 0xFDAB, 0x0024, 0x0253,
    0x0012, 0xFF93, 0xFD78, 0xFABD, 0xFC0E, 0xFDBE, 0x0271, 0x0579,
    0x03EE, 0xFEFC, 0xFBEF, 0xFCA3, 0xFC28, 0xFF23, 0x02A5, 0x03A6,
    0x0538, 0x057E, 0x0352, 0xFCB0, 0xF5C1, 0xF2A0, 0xF32A, 0xFA18,
    0xFF93, 0x0378, 0x06CE, 0x06BB, 0x050D, 0xFFB3, 0xFC2F, 0xFAE3,
    0xFC9C, 0xFF23, 0x01FA, 0x0573, 0x0681, 0x09EE, 0x0935, 0x0588,
    0x0430, 0x0358, 0x0288, 0x00A2, 0xFF20, 0xFCF1, 0xFDED, 0x0347,
    0x0673, 0x084D, 0x088A, 0x0649, 0x03E7, 0x00E5, 0xFF01, 0xFAF5,
    0xF980, 0xFC3B, 0xFDE1, 0x008A, 0x016B, 0x02AB, 0x0222, 0xFF17,
    0xFE45, 0xFD0E, 0xFD15, 0xFF89, 0x012D, 0xFFAF, 0xFE7D, 0x0095,
    0x009C, 0x01D5, 0x0313, 0xFEFA, 0xFCED, 0xFEE2, 0x0045, 0xFCCF,
    0xF8DB, 0xF6CC, 0xF4CC, 0xF620, 0xF790, 0xFADD, 0xFE55, 0x020C,
    0x04F6, 0x0239, 0xFE9A, 0xFA9B, 0xF6CB, 0xF433, 0xF796, 0xFD48,
    0x00CA, 0x0779, 0x0B7C, 0x0666, 0x00D0, 0xFC95, 0xF8A9, 0xF5AB,
    0xF630, 0xF8D1, 0xFADE, 0x01B0, 0x06EC, 0x07CE, 0x0467, 0x0167,
    0x0069, 0xFE17, 0xFE2F, 0xFDCE, 0xFC17, 0xFC25, 0xFEB2, 0x00AA,
    0xFFC0, 0x0295, 0x0440, 0x0072, 0xFF55, 0xFEDC, 0xFCB1, 0xFD32,
    0x006B, 0x011A, 0xFFCC, 0x014A, 0x03BE, 0x056C, 0x04E1, 0x0327,
    0x02BE, 0x0119, 0x0123, 0xFE34, 0xF900, 0xF758, 0xF77E, 0xF956,
    0xFC96, 0x0218, 0x0326, 0x0085, 0x00BB, 0x004C, 0xFCE0, 0xF8D7,
    0xFA13, 0xFCA7, 0xFDA1, 0x01BA, 0x032E, 0x045E, 0x070D, 0x059E,
    0x0345, 0x01EA, 0x0078, 0xFC47, 0xF870, 0xF6A6, 0xF62D, 0xFB61,
    0x0241, 0x09C3, 0x0C0B, 0x058F, 0x016D, 0xFDD4, 0xF822, 0xF595,
    0xF789, 0xFAD4, 0x0094, 0x05E0, 0x0500, 0x0335, 0x006E, 0xFBB1,
    0xFB51, 0xFDC8, 0x008D, 0x01C1, 0x0330, 0x042D, 0x01A6, 0x0067,
    0x0186, 0x06CA, 0x0ACD, 0x0A92, 0x097B, 0x070E, 0x054D, 0x0090,
    0xFC82, 0xFAF8, 0xFBEA, 0x012F, 0x0441, 0x06F5, 0x0720, 0x023F,
    0x0116, 0x01FB, 0x0102, 0xFE72, 0xFD9B, 0xFDD4, 0xFD92, 0x0082,
    0x0271, 0x0553, 0x07CE, 0x067D, 0x054A, 0x0218, 0xFE7F, 0xFB15,
    0xF770, 0xF6E0, 0xF878, 0xFAF6, 0x0018, 0x0698, 0x070A, 0x029F,
    0xFF7B, 0xFC9E, 0xFA44, 0xF740, 0xF564, 0xF639, 0xF854, 0xFDFE,
    0x01A5, 0x0292, 0x0187, 0xFDBA, 0xFADB, 0xF8DB, 0xF93A, 0xF794,
    0xF981, 0xFF0E, 0x0095, 0x0244, 0x02EE, 0x0384, 0x02BE, 0xFFCB,
    0xFFFB, 0x00C1, 0x00E8, 0x00D0, 0xFE57, 0xF9F4, 0xF651, 0xF838,
    0xFAE3, 0xFE5F, 0x0380, 0x0337, 0x01E1, 0x0201, 0xFFE5, 0xFAA1,
    0xF796, 0xF873, 0xFAE3, 0x013B, 0x06C9, 0x0A19, 0x09F5, 0x074D,
    0x056E, 0x0102, 0xFD9E, 0xFC5A, 0xFC8B, 0xFBB4, 0xFC04, 0xFF82,
    0x0138, 0x0593, 0x08BF, 0x0539, 0x02D9, 0x00E3, 0xFE08, 0xFA97,
    0xF846, 0xF93F, 0xFA0E, 0xFFAB, 0x052B, 0x060A, 0x0391, 0xFEFF,
    0xFCAE, 0xFA91, 0xFAEA, 0xFC68, 0xFD34, 0xFF83, 0x0137, 0x0265,
    0x0201, 0x0352, 0x053F, 0x03F8, 0x0420, 0x0403, 0x00FB, 0xFD69,
    0xFC2E, 0xFA65, 0xF743, 0xFA79, 0xFFFB, 0x0409, 0x04D1, 0x01CA,
    0xFFB8, 0xFCB0, 0xFCBE, 0xFBFF, 0xFB48, 0xFDB4, 0xFE16, 0xFFC2,
    0x0279, 0x05BA, 0x0653, 0x057B, 0x065E, 0x065F, 0x0456, 0xFFD8,
    0xFC52, 0xFB00, 0xF958, 0xFD1E, 0x035F, 0x07CE, 0x0D15, 0x0C96,
    0x0876, 0x044A, 0x00B6, 0xFCF2, 0xFBE1, 0xFD7D, 0xFC99, 0x0073,
    0x0599, 0x07FB, 0x0758, 0x025A, 0xFF10, 0xFDDB, 0xFE24, 0xFD3F,
    0xFD5C, 0xFE4D, 0xFEB9, 0x0294, 0x03C3, 0x0598, 0x0708, 0x04E6,
    0x038F, 0x020C, 0xFF22, 0xFC2F, 0xFBA3, 0xFAF1, 0xF8D0, 0xF99C,
    0xFC05, 0xFE6A, 0x00DE, 0xFF98, 0xFCFA, 0xFAE5, 0xFAE7, 0xFA53,
    0xF82A, 0xF9A5, 0xF9D7, 0xFC6B, 0x012F, 0x0518, 0x0612, 0x02F0,
    0x0259, 0x0175, 0xFFD5, 0xFBA6, 0xFA50, 0xFB81, 0xF9BD, 0xFC60,
    0xFEE9, 0x0096, 0x0383, 0x03D4, 0x018C, 0x00F4, 0x0156, 0xFD57,
    0xFAB3, 0xFA1F, 0xF71E, 0xF848, 0xFD4B, 0x01D8, 0x04B8, 0x027D,
    0x009B, 0xFE4F, 0xFA54, 0xF849, 0xF7E1, 0xF8C7, 0xFA0C, 0x004F,
    0x0530, 0x075E, 0x0909, 0x056E, 0x0300, 0x02B7, 0x01A4, 0xFDD9,
    0xFD2E, 0xFFC4, 0xFE11, 0xFD9B, 0xFF4A, 0x027C, 0x03F9, 0x033E,
    0x026B, 0xFF91, 0xFDA5, 0xFBA1, 0xFA93, 0xFAF4, 0xFBEA, 0x0002,
    0x033C, 0x0610, 0x08B9, 0x0486, 0x014C, 0x0294, 0x0377, 0x00A1,
    0xFE39, 0xFEB9, 0xFB80, 0xFB97, 0xFDE7, 0xFFDF, 0x034A, 0x053C,
    0x072F, 0x05C5, 0x02C5, 0xFE2C, 0xF9A2, 0xF916, 0xF9C4, 0xFC2C,
    0xFF04, 0x0404, 0x0804, 0x04FB, 0xFF45, 0xFCDD, 0xFD35, 0xFBBF,
    0xFC4A, 0xFE5E, 0xFDBD, 0x00BE, 0x045F, 0x0592, 0x0831, 0x09E1,
    0x0A70, 0x0A8C, 0x09FC, 0x0522, 0xFEBE, 0xFB7D, 0xF941, 0xFC13,
    0xFFC8, 0x0466, 0x094B, 0x06C7, 0x0345, 0xFE43, 0xF7D9, 0xF51D,
    0xF719, 0xFBCF, 0xFE6F, 0x01CA, 0x0406, 0x0417, 0x0336, 0x0038,
    0xFF90, 0x00B5, 0x03E2, 0x0613, 0x030F, 0xFF8A, 0xFAF3, 0xF76E,
    0xF91C, 0xFDE2, 0x01AB, 0x049A, 0x06D7, 0x050E, 0x0242, 0xFD64,
    0xF830, 0xF7C7, 0xF7B4, 0xFAD9, 0xFF4C, 0x0225, 0x04DB, 0x03F6,
    0x0140, 0xFD00, 0xFB9F, 0xFB05, 0xFA81, 0xFCA4, 0xFA6B, 0xFA38,
    0xFDD0, 0x0206, 0x060D, 0x066D, 0x05D6, 0x0417, 0x031F, 0x0017,
    0xFA1E, 0xF8A3, 0xF845, 0xF9BC, 0xFD4F, 0x0023, 0x023C, 0x019F,
    0x006D, 0xFEF3, 0xFD15, 0xF9EE, 0xF7A0, 0xF873, 0xF78E, 0xF87B,
    0xFC52, 0x0105, 0x05F2, 0x0673, 0x042C, 0x00B5, 0xFF69, 0xFE1F,
    0xFC54, 0xFDB6, 0xFD0D, 0xFD80, 0xFF64, 0x01A7, 0x01F2, 0xFF57,
    0xFFCD, 0x00A7, 0x02D3, 0x0411, 0x0215, 0x00A4, 0xFCD2, 0xFA2E,
    0xF9D5, 0xFC68, 0x0205, 0x0586, 0x076B, 0x0658, 0x03E0, 0xFFDC,
    0xFAAD, 0xF9E0, 0xF96E, 0xF990, 0xFEBB, 0x051B, 0x09E8, 0x0AAC,
    0x0998, 0x062B, 0x03B1, 0x02D7, 0xFF6F, 0xFE53, 0xFD1F, 0xFCA9,
    0xFEC3, 0x0219, 0x047F, 0x047C, 0x0398, 0x013E, 0x0052, 0xFD5F,
    0xF908, 0xF9BF, 0xFAAB, 0xFB2B, 0xFE5F, 0x029D, 0x060F, 0x0854,
    0x07AE, 0x0436, 0x043C, 0x0446, 0x01D8, 0x033C, 0x01A4, 0xFE6F,
    0xFE87, 0x0005, 0x040A, 0x0564, 0x04F7, 0x0404, 0x03CF, 0x01CB,
    0xFD66, 0xFC94, 0xFB16, 0xFAC6, 0xFC62, 0xFD46, 0xFFBE, 0x009A,
    0xFF6D, 0xFE77, 0xFE8A, 0xFE47, 0xFC0D, 0xFB56, 0xF98D, 0xF5E9,
    0xF497, 0xF76E, 0xFD0C, 0x029C, 0x0707, 0x06E8, 0x05C4, 0x03A7,
    0xFD80, 0xF92A, 0xF604, 0xF694, 0xFB45, 0x0115, 0x06B9, 0x080F,
    0x0653, 0x0168, 0xFEE9, 0xFCA2, 0xF9B9, 0xFD0F, 0xFD96, 0xFD75,
    0xFE81, 0xFE30, 0x0037, 0x026F, 0x040A, 0x0413, 0x043B, 0x03E4,
    0x0118, 0xFF39, 0xFCF1, 0xFB56, 0xFADC, 0xFC2A, 0x017B, 0x040D,
    0x0383, 0x0259, 0x00F2, 0xFFD4, 0xFDEE, 0xFCBE, 0xFB0F, 0xFAA9,
    0xFA68, 0xFA67, 0xFD17, 0xFF57, 0x017F, 0x008F, 0x008C, 0x005E,
    0xFC3C, 0xFA0F, 0xF7DA, 0xF687, 0xF602, 0xF866, 0xFE95, 0x031A,
    0x05C7, 0x0526, 0x048B, 0x0363, 0xFFE9, 0xFE6C, 0xFAA9, 0xF821,
    0xF9BE, 0xFAF8, 0xFFC3, 0x04C0, 0x05CA, 0x04A8, 0x02F1, 0x002E,
    0xFC1B, 0xFA09, 0xF83C, 0xF90E, 0xFC05, 0xFE43, 0x0274, 0x0570,
    0x068C, 0x0652, 0x0471, 0x02C3, 0x0259, 0x0388, 0x0261, 0x017D,
    0x015E, 0x015B, 0x03D6, 0x0514, 0x059A, 0x04FD, 0x055A, 0x05B5,
    0x040C, 0x0418, 0x00A8, 0xFE24, 0xFE95, 0xFD99, 0x006B, 0x03F2,
    0x05F7, 0x07D4, 0x0867, 0x0680, 0x0344, 0x0119, 0xFBF5, 0xF8D8,
    0xF8B5, 0xF80E, 0xFD8C, 0x03A5, 0x06B5, 0x08EA, 0x0773, 0x044D,
    0x015A, 0xFE5E, 0xFA40, 0xF870, 0xF82A, 0xF98C, 0xFFCC, 0x035E,
    0x04A7, 0x0410, 0x0263, 0x0010, 0xFBC3, 0xF973, 0xF66F, 0xF63B,
    0xF71D, 0xF714, 0xFA9B, 0xFD4F, 0xFF6E, 0x0059, 0xFF8E, 0xFE7C,
    0xFCC3, 0xFC7B, 0xFB1B, 0xFB6C, 0xFD03, 0xFC2C, 0xFF6C, 0x01D5,
    0x01F1, 0x0292, 0x012E, 0x0191, 0x02DD, 0x040D, 0x0202, 0xFEE8,
    0xFD1F, 0xFAD6, 0xFBD9, 0xFE3C, 0x0169, 0x0512, 0x0754, 0x0719,
    0x050A, 0x02AC, 0xFC76, 0xF791, 0xF5A2, 0xF576, 0xFA5E, 0x0057,
    0x0669, 0x0B19, 0x0AB4, 0x054F, 0x0090, 0x0062, 0xFCC4, 0xF92D,
    0xF86E, 0xF8CD, 0xFF97, 0x038F, 0x0399, 0x05CA, 0x0527, 0x0179,
    0xFDB2, 0xFC78, 0xF9CB, 0xF74D, 0xF6DE, 0xF6A4, 0xFB9C, 0xFE11,
    0xFE76, 0x0095, 0x0078, 0xFE88, 0xFC8E, 0xFCD0, 0xFC35, 0xFC82,
    0xFCA9, 0xFB97, 0xFD37, 0xFF00, 0x004D, 0x0205, 0x0274, 0x015F,
    0x024F, 0x04E6, 0x025A, 0xFE9E, 0xFBCD, 0xF7F9, 0xF952, 0xFC79,
    0xFFBD, 0x03D0, 0x06DF, 0x0802, 0x0675, 0x0490, 0xFFBE, 0xFB5D,
    0xF845, 0xF5D9, 0xFA13, 0xFE99, 0x0287, 0x089A, 0x0B1D, 0x091F,
    0x0574, 0x03E6, 0x0259, 0xFFD0, 0xFD85, 0xFCDA, 0x0116, 0x05E6,
    0x0AAA, 0x0DC3, 0x0E01, 0x0BB2, 0x0750, 0x04CF, 0x020A, 0xFEAB,
    0xFCBC, 0xFEFE, 0x02B4, 0x0340, 0x03C4, 0x037B, 0x019C, 0xFEA6,
    0xFCAE, 0xFF0C, 0xFFD9, 0xFF06, 0x0057, 0xFE69, 0xFB53, 0xFAA4,
    0xFCDE, 0xFFF0, 0x0251, 0x03BC, 0x02BC, 0x0448, 0x0251, 0xFAE8,
    0xF51D, 0xF1C3, 0xF39A, 0xF6F9, 0xFAFE, 0x000D, 0x031E, 0x01AD,
    0xFE22, 0xFC99, 0xF9EF, 0xF772, 0xF629, 0xF52A, 0xF733, 0xFA41,
    0xFCB0, 0xFF13, 0x0374, 0x05A8, 0x02C2, 0x0271, 0x02D2, 0xFFFE,
    0xFBE2, 0xF8F1, 0xFA5A, 0xFD89, 0x02DB, 0x07DF, 0x097B, 0x0923,
    0x058D, 0x03C9, 0x013A, 0xFDFF, 0xFCFE, 0xFB92, 0xFD48, 0xFF0B,
    0x0095, 0x0088, 0x00B1, 0x015F, 0xFE7C, 0xFEE5, 0x0031, 0xFF26,
    0xFD2E, 0xFCBC, 0xFCE9, 0xFC3C, 0xFF29, 0x02BD, 0x05B7, 0x0695,
    0x03CE, 0x0368, 0x0423, 0x0282, 0xFEE7, 0xFA89, 0xF921, 0xF9A4,
    0xFC35, 0xFE71, 0x017E, 0x04BF, 0x0260, 0x0145, 0xFFA2, 0xFB1C,
    0xF76A, 0xF556, 0xF696, 0xF7B6, 0xFAC9, 0xFEAF, 0x0182, 0x030D,
    0x0085, 0xFF3C, 0xFF78, 0xFF55, 0xFE18, 0xFB10, 0xF9EE, 0xFA3D,
    0xFC88, 0xFF62, 0x0400, 0x088F, 0x0708, 0x0665, 0x071F, 0x0391,
    0xFE3C, 0xFA1E, 0xFA85, 0xFD8B, 0x01D5, 0x0407, 0x04EE, 0x05D2,
    0x01BA, 0xFF46, 0xFE7B, 0xFE6B, 0x0118, 0x016F, 0x021B, 0x0316,
    0x030A, 0x0281, 0x03FA, 0x085E, 0x08A1, 0x099F, 0x0BDA, 0x0B06,
    0x089D, 0x01CA, 0xFD9B, 0xFDD4, 0x0001, 0x02BA, 0x0552, 0x085C,
    0x0775, 0x05C4, 0x02CB, 0xFFC4, 0xFE73, 0xFAFF, 0xFA68, 0xFC1F,
    0xFD03, 0xFC64, 0xFE12, 0x0162, 0x00F6, 0x008F, 0xFF7D, 0xFED2,
    0xFEAC, 0xFA41, 0xF707, 0xF5FF, 0xF69B, 0xFA12, 0xFDBF, 0x0168,
    0x01B0, 0x0160, 0x009D, 0xFEE6, 0xFE10, 0xF981, 0xF7C9, 0xF9B6,
    0xFAA7, 0xFB5E, 0xFC62, 0xFF2B, 0xFEF4, 0xFE64, 0xFDCE, 0xFC30,
    0xFC3C, 0xF9D3, 0xF8D2, 0xFA67, 0xFD20, 0xFEB2, 0x01AA, 0x0552,
    0x062D, 0x0589, 0x02C5, 0x02E8, 0x04B5, 0x02F2, 0x002B, 0xFFDE,
    0x00D4, 0x008C, 0x003D, 0x0121, 0x00E5, 0x02AB, 0x03A6, 0x02C3,
    0x036E, 0xFFC7, 0xFBCC, 0xFA61, 0xF99E, 0xF910, 0xFA63, 0xFEF5,
    0x026E, 0x0518, 0x03AE, 0x00ED, 0x0143, 0xFDE3, 0xF9D5, 0xF919,
    0xF9E0, 0xFB42, 0xFE84, 0x0221, 0x0402, 0x046B, 0x02CB, 0x0288,
    0x03AA, 0x0183, 0xFDAF, 0xFD4A, 0xFF56, 0xFF34, 0xFE5C, 0xFEE9,
    0xFFD3, 0x0210, 0x00A6, 0xFD41, 0xFD70, 0xFBF1, 0xFA49, 0xFA81,
    0xFB3A, 0xFC24, 0xFDC2, 0x008B, 0x01C9, 0x0433, 0x03A0, 0x0264,
    0x0531, 0x045A, 0x02FE, 0x0136, 0x000A, 0x0032, 0xFE6D, 0xFDDE,
    0xFF85, 0x0337, 0x047A, 0x0532, 0x073F, 0x06C4, 0x04D5, 0x0288,
    0x0180, 0xFF76, 0xFB18, 0xF947, 0xFBC5, 0x034A, 0x091B, 0x090C,
    0x093B, 0x08D4, 0x0633, 0x01EF, 0xFFED, 0xFFD1, 0x001F, 0xFFB7,
    0xFBD3, 0xFBCE, 0xFD71, 0x0024, 0x065F, 0x079A, 0x0598, 0x0637,
    0x08FA, 0x0881, 0x0311, 0xFC2E, 0xF6D9, 0xF556, 0xF347, 0xF361,
    0xFC38, 0x037E, 0x0346, 0x01AF, 0x02B9, 0x021E, 0xFDB6, 0xF9E2,
    0xF909, 0xFB92, 0xF87E, 0xF394, 0xF638, 0xFB69, 0x020F, 0x06D5,
    0x07E1, 0x08B9, 0x0942, 0x0585, 0xFD88, 0xF79B, 0xF494, 0xF50C,
    0xF766, 0xF718, 0xFAF8, 0x0385, 0x093A, 0x0791, 0x00D2, 0xFDDA,
    0xFD30, 0xFD83, 0xFB34, 0xF982, 0xFB6D, 0xF944, 0xF67A, 0xF63B,
    0xFC65, 0x059C, 0x0884, 0x0682, 0x05B1, 0x06B7, 0x0270, 0xFB60,
    0xF85E, 0xFA2B, 0xFC18, 0xFA8D, 0xFD15, 0x053D, 0x0CBA, 0x0EF9,
    0x099A, 0x058C, 0x0426, 0x007E, 0xFCBF, 0xF7E9, 0xF575, 0xF6C5,
    0xF98B, 0xFB29, 0xFC92, 0x01D9, 0x0702, 0x082B, 0x01E2, 0xFC5A,
    0xFE18, 0xFF1F, 0xFDB5, 0xFC01, 0xFDF5, 0xFFC2, 0xFD30, 0xFAD7,
    0xFC6A, 0x0381, 0x0723, 0x0408, 0x0372, 0x0461, 0x037C, 0xFF08,
    0xFA4B, 0xFB2E, 0xFC25, 0xFA56, 0xF7DB, 0xFB30, 0x0336, 0x075B,
    0x0657, 0x016C, 0x018B, 0x0497, 0x0483, 0x011B, 0xFD2A, 0xFE17,
    0xFCF3, 0xFC7F, 0xFDA8, 0x011E, 0x0932, 0x0C8D, 0x0946, 0x04FE,
    0x04CB, 0x06D9, 0x0689, 0x0343, 0x01B7, 0x022A, 0xFEBB, 0xFB0E,
    0xFC93, 0x0034, 0x0493, 0x0458, 0x0237, 0x050B, 0x06DD, 0x0481,
    0xFD3A, 0xF96E, 0xF9D2, 0xF7A4, 0xF647, 0xF7D9, 0x00A2, 0x08F0,
    0x0AF9, 0x07D8, 0x030D, 0x0269, 0x0102, 0xFD05, 0xF7E6, 0xF816,
    0xFAE5, 0xF9D6, 0xF947, 0xFBBB, 0x018F, 0x0621, 0x03EF, 0xFF34,
    0xFD08, 0xFE0A, 0xFE6F, 0xFA28, 0xF7E0, 0xF833, 0xF643, 0xF4BD,
    0xF7FC, 0xFFD4, 0x05F8, 0x0742, 0x0329, 0x0100, 0x0041, 0xFE11,
    0xFA5E, 0xF57D, 0xF80E, 0xFAD1, 0xFA67, 0xFC20, 0x011F, 0x0964,
    0x0B2E, 0x06D3, 0x02EC, 0x00B6, 0x0214, 0x0049, 0xFA93, 0xF85E,
    0xFA97, 0xFAD8, 0xF9BC, 0xFD0E, 0x0292, 0x07ED, 0x0803, 0x02BC,
    0x000A, 0xFF03, 0xFF3B, 0xFE3A, 0xFBB0, 0xFE30, 0xFF91, 0xFD1F,
    0xFB4D, 0xFF25, 0x0592, 0x0769, 0x04F8, 0x01BE, 0x01FE, 0x0230,
    0x00D3, 0xFD3F, 0xFBD7, 0xFD8B, 0xFA1D, 0xF7B3, 0xFAB3, 0x0181,
    0x0783, 0x04AA, 0x006E, 0xFF4D, 0xFFEA, 0x015E, 0xFDDA, 0xFA4B,
    0xFA28, 0xFA6A, 0xF879, 0xF782, 0xFD2A, 0x0418, 0x0627, 0x0265,
    0xFFF7, 0x0173, 0x02E0, 0x02AC, 0xFFBB, 0x006D, 0x02BB, 0x0060,
    0xFE26, 0xFFC8, 0x05DC, 0x09BA, 0x082E, 0x070D, 0x0720, 0x07CC,
    0x0540, 0x0014, 0xFD85, 0xFDC1, 0xFDD2, 0xFAB5, 0xFBDB, 0x02A1,
    0x0A5D, 0x0BD7, 0x05B6, 0x0394, 0x0277, 0x0285, 0x01C4, 0xFD99,
    0xFE77, 0xFEC9, 0xFC44, 0xFA7F, 0xFD1A, 0x0497, 0x09C4, 0x07EC,
    0x0221, 0x003F, 0xFFAD, 0xFCDE, 0xF88E, 0xF5CA, 0xF69E, 0xF75A,
    0xF69E, 0xF8FF, 0xFFE7, 0x05B5, 0x038A, 0xFE82, 0xFD82, 0xFDC8,
    0xFF66, 0xFB3B, 0xF816, 0xFA77, 0xFA25, 0xF8D0, 0xF8E0, 0xFE8D,
    0x0623, 0x09F8, 0x06C9, 0x02BD, 0x02AE, 0x0091, 0xFDB3, 0xF8CA,
    0xF75B, 0xFA8C, 0xFA41, 0xF955, 0xFA92, 0xFFE1, 0x05B5, 0x05A7,
    0x02B3, 0x00D0, 0xFFF1, 0xFF59, 0xFB65, 0xF86A, 0xFA48, 0xFC04,
    0xFB6B, 0xFC59, 0x0183, 0x0739, 0x09CC, 0x0436, 0x00E5, 0x0269,
    0x0290, 0x0212, 0xFEB0, 0xFF76, 0xFFD7, 0xFC30, 0xF997, 0xFC7F,
    0x0550, 0x0917, 0x06E3, 0x02FC, 0x012F, 0x0211, 0x00A0, 0xFC65,
    0xF9B0, 0xFB42, 0xFC09, 0xFB64, 0xFC60, 0xFF93, 0x0481, 0x04A2,
    0x01C8, 0x0116, 0x00B1, 0x0269, 0x007B, 0xFB3E, 0xFA26, 0xFA26,
    0xF9D9, 0xFA36, 0xFE0F, 0x04B1, 0x07A4, 0x0442, 0xFF48, 0xFF4F,
    0xFF90, 0xFE2E, 0xFAE6, 0xFAB5, 0x0055, 0xFFF2, 0xFCCD, 0xFE22,
    0x03A2, 0x0A3D, 0x0975, 0x064A, 0x06A2, 0x0795, 0x06F8, 0x0255,
    0xFE76, 0xFDA0, 0xFD34, 0xFC01, 0xFDF6, 0x04A7, 0x0ABC, 0x0C43,
    0x088D, 0x04A2, 0x0206, 0x0113, 0x00A4, 0xFD30, 0xFC11, 0xFC00,
    0xF9AB, 0xFA19, 0xFDA8, 0x03A5, 0x0780, 0x059A, 0x0247, 0x009F,
    0x0264, 0x00F9, 0xFA75, 0xF5B1, 0xF6B1, 0xF9E1, 0xF8C9, 0xFA92,
    0x01D7, 0x08FB, 0x07ED, 0x00EC, 0xFED6, 0xFE48, 0xFFF1, 0xFE90,
    0xF9B2, 0xFBBB, 0xFC0A, 0xF83A, 0xF734, 0xFA89, 0x0049, 0x03AC,
    0x0421, 0x0491, 0x0590, 0x03C5, 0xFFCF, 0xFAEA, 0xF6B9, 0xF76A,
    0xF7F0, 0xF883, 0xFE25, 0x05A7, 0x09AB, 0x05D4, 0x0006, 0xFCA9,
    0xFC67, 0x0036, 0xFF28, 0xFCD2, 0xFE37, 0xFDCF, 0xF9EA, 0xF60D,
    0xFB12, 0x03CF, 0x077A, 0x047C, 0x025D, 0x030E, 0x01CD, 0xFFE4,
    0xF9CC, 0xF81D, 0xFB0D, 0xFA58, 0xFB6B, 0x003F, 0x05A2, 0x0685,
    0x01BD, 0xFFB3, 0x0119, 0x02DA, 0x045F, 0x01AE, 0xFDFA, 0xFB64,
    0xF8DB, 0xF685, 0xF962, 0x028A, 0x0A12, 0x0B19, 0x062E, 0x027F,
    0x0027, 0xFED4, 0xFC6B, 0xF80C, 0xFA82, 0xFF10, 0x009A, 0xFF3B,
    0xFF26, 0x04A3, 0x0615, 0x0254, 0x00A1, 0x031A, 0x0657, 0x0610,
    0x00EC, 0xFAAD, 0xF97E, 0xF73E, 0xF5DE, 0xFCFC, 0x06E4, 0x0E66,
    0x0D19, 0x06DB, 0x04AD, 0x022B, 0x0033, 0xFE8D, 0xFCED, 0xFE1B,
    0xFD9F, 0xFBAC, 0xFAC4, 0xFF44, 0x06D7, 0x07CB, 0x03EE, 0x01C1,
    0x0241, 0x0393, 0x0282, 0xFBBF, 0xF7EA, 0xFB20, 0xFB65, 0xFC89,
    0x008B, 0x0622, 0x0ADE, 0x064C, 0x0067, 0xFF75, 0x02AC, 0x03B5,
    0x0100, 0xFDAC, 0xF9A5, 0xF856, 0xF597, 0xF693, 0xFF39, 0x05B1,
    0x05B8, 0x0170, 0xFFB7, 0x003A, 0x000A, 0xFE10, 0xFA74, 0xFC65,
    0xFE49, 0xFB60, 0xFB25, 0xFD00, 0x021C, 0x0564, 0x00B6, 0xFE49,
    0xFFF5, 0x02C6, 0x03CF, 0xFEF3, 0xF928, 0xF91B, 0xF9A9, 0xF955,
    0xFCFC, 0x02AB, 0x08FA, 0x06B1, 0xFE43, 0xFB39, 0xFBA3, 0xFFBF,
    0x0170, 0xFFA7, 0xFF5F, 0xFDA7, 0xFA64, 0xF74E, 0xFAD6, 0x010D,
    0x033D, 0x025B, 0x019B, 0x05C0, 0x08C7, 0x047C, 0xFC7F, 0xF787,
    0xF7E6, 0xF893, 0xF9EC, 0xFF9C, 0x072D, 0x0BD7, 0x04B0, 0xFB22,
    0xFA7F, 0xFD57, 0x01CD, 0x0171, 0xFD7B, 0xFD69, 0xFCC0, 0xF90C,
    0xF7EF, 0xFBCA, 0x0155, 0x0612, 0x05F1, 0x0575, 0x06CF, 0x0650,
    0x0323, 0xFB7A, 0xF7C8, 0xF81B, 0xF921, 0xFD05, 0xFFBB, 0x056F,
    0x081C, 0x0244, 0xFD9A, 0xFD85, 0x02B6, 0x0616, 0x030C, 0xFDE6,
    0xFB7E, 0xF9F6, 0xF469, 0xF548, 0xFE0D, 0x07A1, 0x0CCB, 0x0815,
    0x0489, 0x061B, 0x0705, 0x03F9, 0xFD3B, 0xFB86, 0xFDC4, 0x0047,
    0x032B, 0x05FC, 0x09A2, 0x0904, 0x0420, 0x0030, 0x00A2, 0x0590,
    0x0929, 0x06A2, 0x0098, 0xFD0C, 0xF99D, 0xF842, 0xFABB, 0xFF01,
    0x0597, 0x0591, 0x0269, 0x01DB, 0x030C, 0x0679, 0x01AB, 0xFA5F,
    0xF975, 0xFA49, 0xFA56, 0xFB22, 0xFEA9, 0x0364, 0x0580, 0x0012,
    0xF9DA, 0xFB6D, 0xFEA9, 0x00A5, 0xFE88, 0xF965, 0xF9B7, 0xF979,
    0xF82E, 0xFA92, 0xFE38, 0x0136, 0x00C9, 0xFE64, 0xFBAC, 0xFD75,
    0x013C, 0x008E, 0xFDA6, 0xF9EC, 0xF7FA, 0xF8F0, 0xFBD5, 0xFF0E,
    0x02E6, 0x03E0, 0xFEA2, 0xFBDA, 0xFE8F, 0x052D, 0x092C, 0x0339,
    0xFD70, 0xFAB2, 0xF83A, 0xF6E2, 0xF9FB, 0x0261, 0x080F, 0x07C6,
    0x025D, 0xFF48, 0x01C7, 0x025C, 0xFF9A, 0xFC06, 0xFAAB, 0xFC47,
    0xFF03, 0x02C3, 0x0449, 0x04D0, 0x0352, 0xFFB5, 0xFFDC, 0x0246,
    0x0842, 0x0BAE, 0x07A1, 0x0262, 0xFBA8, 0xF72F, 0xF725, 0xFA75,
    0x006A, 0x0505, 0x0591, 0x0215, 0x00C2, 0x0234, 0x03BB, 0x00EC,
    0xFB73, 0xF94F, 0xF6B4, 0xF607, 0xF88B, 0xFD96, 0x043B, 0x03F0,
    0xFE68, 0xF9DB, 0xFB0F, 0x003B, 0x0291, 0x0149, 0xFDD7, 0xFB0D,
    0xF936, 0xFACE, 0xFFF8, 0x0364, 0x052C, 0x0348, 0x00CC, 0x028C,
    0x05B8, 0x0A57, 0x093C, 0x0473, 0xFFC9, 0xFA72, 0xFA84, 0xFD88,
    0x02C2, 0x06D5, 0x0502, 0x0062, 0xFE42, 0x0232, 0x06BF, 0x0874,
    0x0604, 0x02EA, 0x00FA, 0xFC83, 0xFBA9, 0xFF8D, 0x059F, 0x09CA,
    0x0780, 0x02C9, 0x0054, 0x0150, 0x020D, 0x0052, 0xFEDB, 0xFD90,
    0xFD13, 0xFD2C, 0xFE5B, 0x0285, 0x0373, 0xFEEF, 0xF740, 0xF4B5,
    0xF91E, 0xFFDB, 0x069A, 0x0696, 0x037C, 0xFB00, 0xF0ED, 0xEFC6,
    0xF4B7, 0xFE9F, 0x04A6, 0x0296, 0xFF5C, 0xFF33, 0x0040, 0xFF8B,
    0xFE71, 0xFC36, 0xFA85, 0xF944, 0xF73F, 0xF974, 0xFE8A, 0x0188,
    0xFFBF, 0xF9BC, 0xF729, 0xFA4D, 0xFF8C, 0x01C9, 0x0072, 0xFE63,
    0xFA5D, 0xF802, 0xF7C7, 0xFB7E, 0x0301, 0x068B, 0x043F, 0xFFD3,
    0xFFB9, 0x0296, 0x063D, 0x087E, 0x0806, 0x07A2, 0x0138, 0xF9EE,
    0xF9AA, 0xFE92, 0x0518, 0x060F, 0x03F7, 0x02DC, 0x0475, 0x061F,
    0x049B, 0x0391, 0x01CF, 0xFE40, 0xFABA, 0xF8B1, 0xFC54, 0x01F6,
    0x054C, 0x02F0, 0xFD2E, 0xFB66, 0xFC6A, 0x003F, 0x01B9, 0x01E1,
    0x033F, 0x027C, 0x015F, 0x004D, 0x00B0, 0xFFCD, 0xFD02, 0xFB1E,
    0xFA6B, 0xFE24, 0x0301, 0x0487, 0x039C, 0x01C2, 0xFEB5, 0xFAB1,
    0xF9D6, 0xFB51, 0xFF20, 0x0237, 0x0102, 0x0203, 0x038A, 0x02CD,
    0x0158, 0xFE32, 0xFDD7, 0x0091, 0x0411, 0x0576, 0x0637, 0x0611,
    0x0339, 0x01E6, 0xFDD4, 0xFBE5, 0xFFD8, 0x032A, 0x03CA, 0x017E,
    0xFFCD, 0xFF0F, 0xFFA8, 0x00A6, 0x0180, 0x0489, 0x0377, 0xFF71,
    0xFCEA, 0xFB6B, 0xFC04, 0xFC49, 0xFB9E, 0xFCA6, 0xFF54, 0x0080,
    0xFFB2, 0x0035, 0xFFEB, 0xFD75, 0xFC0A, 0xFCF7, 0x0224, 0x0644,
    0x0515, 0xFEDC, 0xFA42, 0xF97E, 0xF8EF, 0xFD09, 0x01BC, 0x0493,
    0x0513, 0x01B6, 0xFE04, 0xF9DD, 0xF71D, 0xF614, 0xF65D, 0xF85B,
    0xFBBF, 0x013B, 0x044C, 0x04B7, 0x0304, 0xFE3F, 0xFBDE, 0xFA8D,
    0xFA4C, 0xFC3F, 0xFE7F, 0xFFC6, 0xFE3A, 0xFEF1, 0x0030, 0xFFA3,
    0xFFA2, 0xFFC4, 0x026F, 0x034B, 0x004A, 0xFCEE, 0xFC7E, 0xFE38,
    0xFE37, 0xFE45, 0xFE84, 0x00C9, 0x02CF, 0x01B0, 0x0348, 0x05A3,
    0x047D, 0x0014, 0xFB4B, 0xF92F, 0xF90C, 0xFBDD, 0xFEC1, 0x0142,
    0x03E0, 0x04AE, 0x0675, 0x08C1, 0x0A37, 0x07D0, 0x02CD, 0xFE13,
    0xFA7C, 0xFBD8, 0xFE86, 0x009C, 0x0217, 0x00E9, 0x01D9, 0x029E,
    0x01A4, 0x015B, 0x00D2, 0xFE60, 0xF8ED, 0xF72F, 0xF97E, 0xFE45,
    0x0352, 0x0402, 0x037D, 0x03B9, 0x0421, 0x0387, 0x02B5, 0x03CD,
    0x0411, 0x038D, 0x016C, 0x0013, 0x003E, 0xFE41, 0xFDBF, 0xFE30,
    0x0006, 0x036B, 0x06A7, 0x07FC, 0x070C, 0x05CC, 0x00EA, 0xFBE1,
    0xF978, 0xF936, 0xFC2C, 0xFF99, 0x022C, 0x03B4, 0x0472, 0x023D,
    0xFCBA, 0xFA71, 0xFAE4, 0xFD1E, 0xFEC8, 0xFD8F, 0xFF2F, 0x0168,
    0x0239, 0x0182, 0xFED6, 0xFD52, 0xFC64, 0xFCF8, 0xFDBB, 0xFFD8,
    0x02A8, 0x0045, 0xFC45, 0xF8BB, 0xF792, 0xF805, 0xF94F, 0xFB2B,
    0xFBBD, 0xFD26, 0xFD25, 0xFDF2, 0x009E, 0x021E, 0x0207, 0xFF39,
    0xFCB5, 0xFCD6, 0xFDD1, 0xFE48, 0xFE14, 0xFE17, 0xFFC6, 0x02C2,
    0x037F, 0x0111, 0x00DD, 0x0055, 0xFE1F, 0xFC06, 0xFBAA, 0xFFAB,
    0x0229, 0x0269, 0x008E, 0xFEB8, 0xFF0E, 0xFE33, 0xFF2C, 0x0071,
    0x03D3, 0x04CB, 0x0193, 0xFE97, 0xF9B9, 0xF7F6, 0xF7CF, 0xF917,
    0xFD42, 0x0175, 0x05DB, 0x07D9, 0x08A1, 0x097F, 0x082E, 0x033D,
    0xFCEB, 0xFB5F, 0xFCC0, 0xFE81, 0x0137, 0x01E2, 0x03A5, 0x04D9,
    0x0300, 0x013C, 0x0103, 0x00D4, 0xFD71, 0xF975, 0xF672, 0xF809,
    0xFD0F, 0x0075, 0x03B5, 0x028D, 0x0171, 0x02E8, 0x0280, 0x0284,
    0x0386, 0x049B, 0x0223, 0x000D, 0xFF1D, 0xFD86, 0xFF31, 0xFE72,
    0xFDED, 0x0120, 0x048E, 0x06EA, 0x05F7, 0x0494, 0x0295, 0xFEDD,
    0xFB10, 0xF8EC, 0xFCAE, 0x004F, 0x01C6, 0x036C, 0x03AB, 0x0569,
    0x0444, 0xFF79, 0xFCA3, 0xFE98, 0x00B3, 0xFFB4, 0x006A, 0x0138,
    0x033B, 0x05E4, 0x06A0, 0x05B7, 0x0244, 0x0027, 0xFE96, 0xFD9A,
    0xFE9C, 0xFF83, 0x011F, 0xFFA0, 0xFCB1, 0xFAA4, 0xF9C8, 0xFA56,
    0xF8B3, 0xF857, 0xF9AE, 0xFCB4, 0xFE75, 0xFE13, 0x01B9, 0x01EF,
    0xFD32, 0xFAB0, 0xFB84, 0xFE50, 0xFE6B, 0xFCFE, 0xFD20, 0xFFF1,
    0x026F, 0xFFDA, 0xFE48, 0xFF3A, 0xFEB1, 0xFDAB, 0xFB58, 0xFB7D,
    0xFD8D, 0xFE53, 0xFE07, 0xFE48, 0xFEDC, 0xFD71, 0xFF13, 0xFF8B,
    0xFF45, 0x01D5, 0x0293, 0x01F6, 0xFE14, 0xF9A8, 0xF65D, 0xF6C2,
    0xF989, 0xFAED, 0x0133, 0x06CC, 0x0836, 0x0829, 0x0802, 0x073C,
    0x0200, 0xFB49, 0xF779, 0xFB70, 0x0199, 0x01E5, 0x04B3, 0x07D3,
    0x06B4, 0x0459, 0xFF5B, 0xFEB0, 0xFFC5, 0xFD5C, 0xFA39, 0xFA24,
    0xFD06, 0xFE06, 0x015B, 0x03E3, 0x03CF, 0x054E, 0x0591, 0x0537,
    0x0353, 0x00AF, 0xFEC2, 0xFE64, 0xFE6C, 0xFD5E, 0x001F, 0x0354,
    0x03D4, 0x02AB, 0x0260, 0x0509, 0x0442, 0x01B4, 0x0137, 0x0268,
    0x0211, 0xFCF0, 0xFAEB, 0xFCEF, 0xFF97, 0x01F4, 0x034B, 0x05B2,
    0x064E, 0x033F, 0xFC5E, 0xF8B4, 0xFB7A, 0xFBDB, 0xFD69, 0xFFEB,
    0x015F, 0x0571, 0x075B, 0x0718, 0x046B, 0x017B, 0x00B7, 0xFFD0,
    0xFFE8, 0x004F, 0x01FC, 0x0193, 0xFEF0, 0xFE26, 0xFD8F, 0xFDC0,
    0xFC45, 0xF9D3, 0xF7DD, 0xF941, 0xFD42, 0xFEA2, 0x018B, 0x0442,
    0x039E, 0xFF5E, 0xFA38, 0xFA4B, 0xFB35, 0xFCD3, 0xFE0A, 0xFFEF,
    0x04BA, 0x05A9, 0x02F2, 0xFEF9, 0xFD62, 0xFD60, 0xFCB6, 0xFCF7,
    0xFD93, 0xFF48, 0xFED1, 0xFC55, 0xFBA9, 0xFB3C, 0xFDAB, 0x0113,
    0x0164, 0x029C, 0x0298, 0x0058, 0xFB45, 0xF5D0, 0xF42A, 0xF50A,
    0xF90E, 0xFC28, 0xFF55, 0x0234, 0x0375, 0x028F, 0x01A3, 0x043D,
    0x03A9, 0x00F4, 0xFD41, 0xFBBC, 0xFE10, 0x0062, 0x0260, 0x0392,
    0x05B4, 0x07B3, 0x06DA, 0x03CC, 0xFE39, 0xFA13, 0xF75C, 0xF379,
    0xF616, 0xFBC6, 0x02E5, 0x08BA, 0x072A, 0x0478, 0x032A, 0x025B,
    0xFF89, 0xFE27, 0xFF78, 0xFFDD, 0x017E, 0x0158, 0x019C, 0x02DD,
    0x0193, 0x0088, 0xFFC0, 0x01A8, 0x034E, 0x0280, 0x007E, 0xFEF5,
    0xFF9E, 0xFE31, 0xFC93, 0xFD6F, 0x00A9, 0x034E, 0x04D7, 0x062F,
    0x04AD, 0x03B0, 0x016C, 0xFC3D, 0xFA9B, 0xFBB2, 0xFE16, 0x00BF,
    0x014E, 0x0314, 0x04FD, 0x06E4, 0x04A6, 0x00EC, 0x00D2, 0x00DF,
    0x034D, 0x0420, 0x046E, 0x0629, 0x0447, 0x003E, 0xFDFB, 0xFF50,
    0xFDE1, 0xFA7B, 0xF8D6, 0xF7DD, 0xFB1E, 0xFE71, 0x003F, 0x0284,
    0x03FE, 0x025A, 0xFE57, 0xFC33, 0xFA21, 0xFAF7, 0xFCCE, 0xFCB1,
    0xFF08, 0x02F9, 0x0648, 0x06F2, 0x03CD, 0xFF2C, 0xFCCA, 0xFD3D,
    0xFACA, 0xF99D, 0xFB74, 0xFBC7, 0xFD8A, 0xFDC5, 0xFE11, 0x006E,
    0x01AC, 0x0211, 0x013E, 0x0112, 0xFEDD, 0xFA88, 0xF7A3, 0xF4B7,
    0xF638, 0xF8AE, 0xFA72, 0xFE46, 0x0182, 0x0285, 0x0156, 0x0164,
    0xFF96, 0xFDB8, 0xFB32, 0xF766, 0xF8C2, 0xFDEF, 0x034E, 0x069E,
    0x0790, 0x0784, 0x0708, 0x0566, 0x005C, 0xFB7D, 0xF836, 0xF61D,
    0xF773, 0xFA7D, 0xFF72, 0x049C, 0x072D, 0x05F0, 0x022D, 0x018C,
    0x0174, 0xFF45, 0xFF25, 0xFE88, 0xFF18, 0xFFB1, 0x0078, 0x0283,
    0x0455, 0x05AC, 0x03B9, 0x03F0, 0x03BB, 0x021A, 0x0077, 0xFC8B,
    0xFAC8, 0xFBC4, 0xFDC9, 0xFF8B, 0x01DB, 0x026A, 0x01D9, 0x03C9,
    0x02AF, 0x004D, 0x001C, 0xFEC4, 0xFD57, 0xFC99, 0xFC86, 0xFDD5,
    0xFFA5, 0x0137, 0x026B, 0x0529, 0x0579, 0x041D, 0x0267, 0xFE85,
    0xFD94, 0xFF68, 0x0317, 0x0781, 0x0A3D, 0x098A, 0x04EF, 0x0247,
    0xFFF6, 0xFCB5, 0xFB5C, 0xF8FF, 0xF9A4, 0xFD9F, 0x0149, 0x0372,
    0x0398, 0x02A7, 0xFF78, 0xFD92, 0xFB20, 0xFB1B, 0xFDE3, 0xFE4C,
    0xFF41, 0x000F, 0x0130, 0x023B, 0x0472, 0x04C6, 0x01CC, 0x00D1,
    0xFEB1, 0xFC37, 0xFB72, 0xFA5D, 0xFB0A, 0xFC57, 0xFDA2, 0xFF20,
    0x004C, 0x01F9, 0x024F, 0x0273, 0x00F5, 0xFDC3, 0xFB5B, 0xF753,
    0xF5F6, 0xF7AB, 0xFA71, 0xFCBD, 0xFE75, 0x018F, 0x016C, 0x01C0,
    0x00C7, 0xFCA6, 0xFA59, 0xF790, 0xF63E, 0xF885, 0xFF0E, 0x047F,
    0x07DE, 0x0923, 0x0653, 0x04B0, 0x00B7, 0xFD29, 0xFC15, 0xF8A0,
    0xF63A, 0xF78E, 0xFB55, 0xFF5D, 0x03CE, 0x050E, 0x0334, 0x02E5,
    0x0084, 0xFD59, 0xFD00, 0xFC97, 0xFD46, 0xFEA4, 0xFFB9, 0x016E,
    0x0294, 0x04AB, 0x05BA, 0x065A, 0x04AA, 0x02AC, 0x02DF, 0x0033,
    0xFDE3, 0xFBDE, 0xFBDB, 0xFE19, 0x003B, 0x028B, 0x033C, 0x05B0,
    0x059B, 0x0269, 0xFF4C, 0xFC31, 0xFAB4, 0xF9AB, 0xFB80, 0xFE31,
    0x0021, 0x00E0, 0x002B, 0x021D, 0x01F7, 0x0094, 0x0096, 0xFE71,
    0xFDA7, 0xFD8C, 0xFED5, 0x0310, 0x0759, 0x0A4D, 0x08DA, 0x06FA,
    0x04A4, 0x0188, 0xFE92, 0xFAE1, 0xFA0F, 0xFACC, 0xFD99, 0x0223,
    0x053E, 0x05C0, 0x035A, 0x0161, 0xFEF5, 0xFC75, 0xFCDB, 0xFD7F,
    0xFEF9, 0xFF5C, 0xFFA1, 0x01AA, 0x03B3, 0x0562, 0x04AF, 0x0517,
    0x04A0, 0x0254, 0xFED7, 0xFB14, 0xFB3B, 0xFAF8, 0xFB2A, 0xFE38,
    0x0193, 0x03B3, 0x02F9, 0x0256, 0x008E, 0xFE8C, 0xFD74, 0xF99E,
    0xF88F, 0xF8CE, 0xF919, 0xFB77, 0xFD46, 0xFFD7, 0x0066, 0xFF9B,
    0xFEBE, 0xFE03, 0xFB72, 0xF73D, 0xF6C6, 0xF5F1, 0xF709, 0xFD8E,
    0x03F3, 0x07DF, 0x0907, 0x0752, 0x0363, 0x002F, 0xFCAA, 0xF8C0,
    0xF8D5, 0xF8AE, 0xF932, 0xFC99, 0xFF5F, 0x0364, 0x04BC, 0x02B6,
    0x016F, 0x00EF, 0xFDFC, 0xF9C7, 0xFAAE, 0xFAC5, 0xFC33, 0x0011,
    0x01F9, 0x05E1, 0x07A6, 0x06D1, 0x0534, 0x0422, 0x0396, 0x002E,
    0xFDC6, 0xFC76, 0xFC98, 0xFE91, 0x006A, 0x0384, 0x0539, 0x065C,
    0x076E, 0x07DF, 0x04CF, 0xFEB4, 0xFB6D, 0xF926, 0xF831, 0xFB6C,
    0xFFFE, 0x03B8, 0x05A3, 0x042C, 0x004C, 0xFE85, 0xFDA9, 0xFA68,
    0xFA50, 0xFB5B, 0xFBC8, 0xFE7E, 0x013F, 0x055A, 0x081B, 0x077C,
    0x05BD, 0x0659, 0x06A3, 0x028B, 0xFFA1, 0xFBA8, 0xF90A, 0xFB82,
    0xFD10, 0x004B, 0x04B7, 0x0675, 0x045E, 0x01C6, 0xFF94, 0xFB91,
    0xFB62, 0xFBC6, 0xFBDD, 0xFE9E, 0x0184, 0x04AA, 0x06B0, 0x0614,
    0x03E7, 0x03CC, 0x034C, 0x002E, 0xFFF9, 0xFF51, 0xFDFF, 0xFFAB,
    0x003B, 0x0163, 0x03AE, 0x033E, 0x00A7, 0x00E0, 0x021B, 0xFE5B,
    0xFAE5, 0xF8E3, 0xF864, 0xFB3D, 0xFC5C, 0xFE49, 0x011E, 0x0191,
    0xFEEC, 0xFBA1, 0xF9D9, 0xF791, 0xF7B9, 0xF612, 0xF5AA, 0xFA25,
    0xFE9B, 0x03E4, 0x071F, 0x07C3, 0x0440, 0x0108, 0x0050, 0xFDCF,
    0xFCFF, 0xFBEC, 0xFAA7, 0xFAF4, 0xFCB0, 0x0053, 0x0314, 0x03EA,
    0x026E, 0x0195, 0x0132, 0xFD9C, 0xF9A5, 0xF70E, 0xF6DD, 0xF940,
    0xFBD9, 0x00BF, 0x07F3, 0x0C7E, 0x0AA0, 0x0537, 0x025A, 0xFF65,
    0xFD5F, 0xFBBA, 0xFAD3, 0xFD18, 0x009F, 0x0417, 0x056A, 0x0744,
    0x0635, 0x03D6, 0x0396, 0x0173, 0xFF9E, 0xFC7A, 0xFAE4, 0xFB77,
    0xFC0C, 0xFF17, 0x01E0, 0x054B, 0x054C, 0x0380, 0x02E4, 0xFF60,
    0xFB3E, 0xF83F, 0xF7E8, 0xF944, 0xFB2C, 0xFF02, 0x0412, 0x0959,
    0x08CA, 0x03DA, 0x03B9, 0x0516, 0x0371, 0xFF9D, 0xFC91, 0xFD3D,
    0xFF0A, 0x004D, 0x0157, 0x0507, 0x0678, 0x03EF, 0x0371, 0x0231,
    0x00FF, 0xFE0B, 0xFAC3, 0xFA49, 0xFB7D, 0xFE75, 0x0085, 0x05FA,
    0x083B, 0x04DE, 0x0388, 0x01D2, 0x00E6, 0xFEA7, 0xFDDC, 0xFF39,
    0xFF4C, 0x00E9, 0x0363, 0x07D8, 0x08C3, 0x0336, 0x0049, 0xFF89,
    0xFD2A, 0xF8D9, 0xF7F3, 0xFBA9, 0xFF45, 0x00AB, 0xFEC8, 0x004F,
    0x0228, 0xFDB6, 0xFA7D, 0xFA46, 0xF94A, 0xF6D9, 0xF5AB, 0xF5DC,
    0xF69E, 0xFAB1, 0xFDBF, 0x0320, 0x07A2, 0x04AF, 0x0294, 0x011B,
    0xFEE0, 0xFA77, 0xF848, 0xF83B, 0xF967, 0xFD6C, 0xFF48, 0x0596,
    0x097D, 0x03F9, 0x0005, 0xFF44, 0xFD86, 0xF995, 0xF745, 0xF883,
    0xF9E6, 0xF9B8, 0xF8C8, 0xFEF7, 0x08CB, 0x0A02, 0x0710, 0x04ED,
    0x02F1, 0xFF74, 0xFAD3, 0xF94E, 0xFC00, 0x006D, 0x028D, 0x0707,
    0x0C4A, 0x0ADD, 0x087E, 0x05C6, 0x0230, 0xFDEC, 0xFB09, 0xFC13,
    0xFCF6, 0xFF0B, 0xFFD4, 0x01C9, 0x0504, 0x03ED, 0x02B3, 0x0268,
    0x0328, 0xFF5A, 0xFA15, 0xF8ED, 0xF8E4, 0xFA1A, 0xFA31, 0xFF41,
    0x07B2, 0x07D0, 0x02D9, 0x016D, 0x03ED, 0x0392, 0xFFF6, 0xFD31,
    0xFCBB, 0xFE1A, 0xFDB1, 0xFDF3, 0x036F, 0x06AA, 0x0488, 0x0271,
    0x023B, 0x0077, 0xFCE3, 0xFBC2, 0xFAA6, 0xFB7A, 0xFAAE, 0xFC7C,
    0x0380, 0x0481, 0x02D5, 0x016C, 0x00D0, 0xFE9D, 0xFCD3, 0xFDC1,
    0xFF20, 0x01E3, 0x0150, 0x0274, 0x07E1, 0x09DD, 0x0736, 0x0423,
    0x03C0, 0x0096, 0xFA29, 0xF736, 0xFA32, 0xFFCD, 0x027A, 0x043E,
    0x07E8, 0x0861, 0x037E, 0xFD80, 0xFA0E, 0xF921, 0xF845, 0xF86C,
    0xFA3F, 0xFD96, 0xFE8F, 0xFE6F, 0x0188, 0x03BC, 0x0320, 0x00A0,
    0x027D, 0x02F0, 0xFE66, 0xFAA4, 0xF72F, 0xF69A, 0xF79B, 0xFB81,
    0x034D, 0x09B2, 0x0A14, 0x046B, 0xFFFF, 0xFC98, 0xF6A4, 0xF365,
    0xF4CF, 0xF871, 0xF983, 0xF8F5, 0xFD34, 0x03F7, 0x058D, 0x0157,
    0xFFA9, 0xFEA3, 0xFB0A, 0xF8DE, 0xF7DC, 0xFA00, 0xFCCE, 0xFDE5,
    0x01A2, 0x0879, 0x0B89, 0x0960, 0x0841, 0x0535, 0xFF36, 0xFA2B,
    0xF8CD, 0xFCAB, 0xFF85, 0x0147, 0x049A, 0x0710, 0x073F, 0x0475,
    0x0339, 0x02D5, 0xFFF8, 0xFCE6, 0xF9F1, 0xFB00, 0xFC07, 0xFC2D,
    0xFFE4, 0x0523, 0x0763, 0x0306, 0x0163, 0x0428, 0x049B, 0x01BA,
    0xFEBB, 0xFE67, 0xFD22, 0xFC5E, 0xFCAE, 0x001D, 0x04E2, 0x038D,
    0x0166, 0x01F6, 0x0195, 0xFE4D, 0xFA59, 0xF8E3, 0xF7EF, 0xF77F,
    0xF938, 0x0010, 0x06C1, 0x048E, 0x00DC, 0xFDE3, 0xF98B, 0xF783,
    0xF8AA, 0xFD83, 0x011D, 0x0346, 0x0410, 0x0508, 0x077B, 0x03A9,
    0x00BD, 0x0209, 0x01FD, 0xFF23, 0xFC37, 0xFEA0, 0x0085, 0x0067,
    0x003F, 0x03AD, 0x08CA, 0x072A, 0x0449, 0x0232, 0xFEEC, 0xFA1D,
    0xF5EF, 0xF709, 0xFAB8, 0xFF3E, 0x025B, 0x04FC, 0x0898, 0x04FA,
    0xFEA1, 0xFCF9, 0xFD8D, 0xFDCA, 0xFC77, 0xFD31, 0xFD6F, 0xFDEB,
    0xFE8D, 0xFFE8, 0x049C, 0x0461, 0x0291, 0x01E3, 0x0183, 0xFF0E,
    0xFA71, 0xF911, 0xF86E, 0xF815, 0xF802, 0xFBE5, 0x0597, 0x08A0,
    0x04ED, 0x0174, 0xFDF1, 0xF971, 0xF466, 0xF481, 0xF81F, 0xFC24,
    0xFF10, 0x0253, 0x09E2, 0x0BE5, 0x0819, 0x0485, 0x0132, 0xFEA8,
    0xFA95, 0xFB81, 0xFF3C, 0x01E2, 0x02B4, 0x0277, 0x067E, 0x0796,
    0x05E3, 0x04D2, 0x03D8, 0x01A4, 0xFC4B, 0xFA1D, 0xFA0A, 0xFA2C,
    0xF9F0, 0xFB84, 0x0282, 0x061F, 0x04E2, 0x0353, 0x03CF, 0x03C1,
    0xFEC3, 0xFC06, 0xFC04, 0xFC48, 0xFD2D, 0xFDA2, 0x025B, 0x0604,
    0x03FB, 0x0129, 0x006A, 0x01FC, 0xFF64, 0xFCE0, 0xFC44, 0xFB2A,
    0xFA01, 0xF85C, 0xFD68, 0x0217, 0x0274, 0x0158, 0xFFF0, 0x0007,
    0xFD1A, 0xFC0A, 0xFCED, 0xFCB3, 0xFCC1, 0xFD4C, 0x0270, 0x0806,
    0x0897, 0x056D, 0x0313, 0x0248, 0xFD1E, 0xFA79, 0xFCC6, 0x0008,
    0x0203, 0x0164, 0x0445, 0x06A6, 0x04F6, 0x00F9, 0xFD06, 0xFD10,
    0xFB7F, 0xFAE1, 0xFD5E, 0xFEFF, 0x0169, 0x0005, 0xFFAE, 0x0156,
    0x0145, 0xFED5, 0xFDF8, 0x0236, 0x0100, 0xFF04, 0xFE9E, 0xFCDB,
    0xFBE9, 0xFC25, 0x002D, 0x04AC, 0x06A9, 0x03D4, 0x00A2, 0xFFE4,
    0xFC89, 0xFA00, 0xFB1D, 0xFDF3, 0x0070, 0x0170, 0x03D3, 0x0869,
    0x08F6, 0x0274, 0xFD9C, 0xFDF6, 0xFAF9, 0xF92B, 0xFBA5, 0xFC1E,
    0xFD2D, 0xFD0E, 0xFF0C, 0x0448, 0x08A2, 0x07F7, 0x03D0, 0x02A3,
    0xFD40, 0xF848, 0xF741, 0xF881, 0xFC8F, 0xFEB1, 0x01AC, 0x070D,
    0x0966, 0x0574, 0x01D4, 0xFF60, 0xFA58, 0xF773, 0xF816, 0xF93B,
    0xFACF, 0xFB40, 0xFBA1, 0xFFE0, 0x03C3, 0x02F7, 0x00E8, 0x0271,
    0x0273, 0xFEF2, 0xFCAA, 0xFBF4, 0xFC5A, 0xFB08, 0xFBF7, 0x00C3,
    0x0543, 0x0532, 0x02F2, 0x03DC, 0x0200, 0xFF5B, 0xFD30, 0xFB6C,
    0xFBD8, 0xFB13, 0xFB69, 0xFF36, 0x04A6, 0x04CF, 0x0106, 0x000F,
    0xFE5D, 0xFBEC, 0xFB97, 0xFCF7, 0xFDF5, 0xFD30, 0xFDDE, 0x0124,
    0x0552, 0x0521, 0x01C6, 0x0140, 0xFFFA, 0xFD7E, 0xFC9E, 0xFD92,
    0xFF66, 0xFEA8, 0xFD7A, 0xFF35, 0x03E1, 0x040C, 0x004B, 0x0055,
    0xFE9E, 0xFB91, 0xFA36, 0xFADE, 0xFC6D, 0xFD21, 0xFD6D, 0xFEB8,
    0x035C, 0x033E, 0xFEE8, 0xFDA6, 0xFC5D, 0xFBD6, 0xFC16, 0xFCDE,
    0xFFA0, 0x00CD, 0x0159, 0x03B1, 0x0776, 0x067A, 0x02A3, 0x0316,
    0x0297, 0x022D, 0x019B, 0x0226, 0x04E8, 0x049C, 0x0443, 0x064B,
    0x0B4A, 0x0BEA, 0x06DC, 0x03A4, 0x018D, 0xFF89, 0xFC72, 0xFC03,
    0xFEF3, 0xFF50, 0xFF57, 0x0286, 0x088F, 0x0B8C, 0x0813, 0x034D,
    0x003C, 0xFD38, 0xF97F, 0xF8BF, 0xFAF5, 0xFC4A, 0xFDD8, 0xFFEB,
    0x048F, 0x07F7, 0x04EF, 0x0272, 0x001E, 0xFC09, 0xF80F, 0xF77B,
    0xFA91, 0xFB0A, 0xFB40, 0xFB70, 0x006E, 0x04E1, 0x019C, 0x009A,
    0x00B1, 0xFFD3, 0xFCBA, 0xFA7D, 0xFC26, 0xFCC4, 0xFCAE, 0xFCA6,
    0x01B8, 0x05ED, 0x0299, 0x008C, 0x0037, 0xFF90, 0xFD27, 0xF9B5,
    0xF9DC, 0xFA32, 0xFAFA, 0xFB20, 0x000F, 0x04A4, 0x0143, 0x0070,
    0xFD9F, 0xFC5D, 0xFC00, 0xFA2F, 0xFE41, 0xFE55, 0xFD33, 0xFE20,
    0x0131, 0x06B5, 0x059D, 0x024D, 0x0069, 0xFF2F, 0xFCC7, 0xFAA5,
    0xFC42, 0xFE37, 0xFE06, 0xFC71, 0x005C, 0x05AD, 0x051A, 0x0203,
    0xFF05, 0xFE00, 0xFBAA, 0xF913, 0xFB6E, 0xFEED, 0x0008, 0xFF27,
    0xFECF, 0x0261, 0x0289, 0xFE6A, 0xFCDB, 0xFC54, 0xFB3D, 0xFA9C,
    0xFC95, 0xFE31, 0xFE7B, 0xFFA2, 0x0252, 0x0752, 0x06F0, 0x02CC,
    0x028D, 0x01D1, 0x0013, 0xFED9, 0xFF33, 0x01D3, 0x0372, 0x034A,
    0x05F8, 0x0B5A, 0x0A98, 0x0551, 0x0226, 0x003F, 0xFE4A, 0xFBE5,
    0xFC05, 0xFEBB, 0xFFEC, 0xFFB0, 0x021B, 0x07E9, 0x09F1, 0x07AA,
    0x0311, 0x000D, 0xFE6F, 0xFB4C, 0xFB43, 0xFC51, 0xFCBB, 0xFD60,
    0xFF37, 0x0487, 0x0704, 0x048B, 0x025B, 0x00B8, 0xFD8D, 0xFA11,
    0xFAF4, 0xFD96, 0xFDB7, 0xFE08, 0xFE2C, 0x01F4, 0x0560, 0x02A3,
    0x00F0, 0x00B0, 0xFEA4, 0xFB4F, 0xFBBC, 0xFE57, 0xFFB6, 0x0014,
    0xFFF5, 0x0425, 0x0624, 0x020B, 0xFF20, 0xFE71, 0xFD31, 0xFB1F,
    0xFA53, 0xFA8A, 0xFB76, 0xFAE6, 0xFAAF, 0xFE88, 0x00B3, 0xFDB3,
    0xFB35, 0xFB8F, 0xFA6C, 0xF797, 0xF76B, 0xF9C5, 0xFB6A, 0xFC8A,
    0xFD72, 0x02B8, 0x06B0, 0x037E, 0xFFD4, 0xFCF6, 0xFBDB, 0xF8C8,
    0xF81E, 0xFC0E, 0xFE31, 0xFEDD, 0xFDAC, 0x016B, 0x057A, 0x0321,
    0xFFB3, 0xFEEC, 0xFEA7, 0xFC66, 0xFCE2, 0xFF8B, 0x0134, 0x01B6,
    0x009A, 0x0214, 0x0677, 0x05C8, 0x0250, 0x00E5, 0xFE01, 0xF925,
    0xF777, 0xFAFE, 0xFE96, 0x00C3, 0x0205, 0x055E, 0x0A1E, 0x07A6,
    0x0333, 0x0270, 0x01A1, 0xFEDC, 0xFEAB, 0x008F, 0x0249, 0x047C,
    0x0292, 0x0446, 0x0903, 0x078E, 0x0346, 0x025D, 0x0343, 0xFEE9,
    0xFAC5, 0xFA2D, 0xFB51, 0xFCD1, 0xFDB5, 0x0265, 0x093C, 0x0A61,
    0x06B4, 0x02BF, 0xFF89, 0xFC78, 0xFA5E, 0xFB02, 0xFCD4, 0xFE3E,
    0xFDB7, 0xFEF9, 0x0474, 0x04B9, 0x00A0, 0xFFAF, 0x004B, 0xFE29,
    0xFC01, 0xFE61, 0x006B, 0x0016, 0xFDF6, 0xFDA8, 0x01A4, 0x0436,
    0x024F, 0x013E, 0x0264, 0x0000, 0xFD1C, 0xFCC7, 0xFEB6, 0x01D1,
    0x0159, 0x017A, 0x06B6, 0x08F4, 0x04BE, 0x0129, 0x0036, 0xFD54,
    0xFA53, 0xFA02, 0xFA1F, 0xFC26, 0xFD28, 0xFCAC, 0xFF1D, 0xFED1,
    0xFA80, 0xF792, 0xF845, 0xF826, 0xF6B6, 0xF766, 0xF9AC, 0xFBCD,
    0xFB59, 0xFC2A, 0x01E0, 0x0543, 0x024F, 0xFF9F, 0xFF1C, 0xFCF6,
    0xF945, 0xF7D0, 0xFA01, 0xFCBB, 0xFD61, 0xFE13, 0x01F6, 0x05C7,
    0x02E0, 0xFD2A, 0xFCA9, 0xFCAA, 0xFB3D, 0xFBDE, 0xFEA4, 0x0204,
    0x029D, 0x013D, 0x02BF, 0x056C, 0x04A9, 0x015F, 0x00A8, 0xFF2D,
    0xFBA7, 0xFA36, 0xFAFF, 0xFDA6, 0xFF3E, 0x0041, 0x0530, 0x0B92,
    0x0B7B, 0x06B1, 0x0488, 0x035F, 0xFFA6, 0xFDD2, 0xFFC8, 0x031A,
    0x059A, 0x04FA, 0x0658, 0x0A06, 0x0838, 0x032D, 0x0199, 0x0121,
    0xFF57, 0xFCE7, 0xFB9F, 0xFDAB, 0xFFCA, 0xFFE3, 0x01A4, 0x06C5,
    0x07FF, 0x0408, 0x0260, 0x0053, 0xFD66, 0xFC14, 0xFB57, 0xFC3B,
    0xFC26, 0xFB80, 0xFDB8, 0x0269, 0x03C6, 0x00EC, 0x003C, 0x00DB,
    0xFF8A, 0xFCAD, 0xFB99, 0xFD64, 0xFECB, 0xFE28, 0x0081, 0x06A5,
    0x09B7, 0x064C, 0x0206, 0xFF74, 0xFC0C, 0xF9CF, 0xFB16, 0xFFAC,
    0x037D, 0x0488, 0x03CF, 0x0596, 0x076E, 0x03A0, 0x00A8, 0x001A,
    0xFEF3, 0xFCD2, 0xFC23, 0xFC26, 0xFA94, 0xFA85, 0xFAF6, 0xFDE5,
    0x0021, 0xFC97, 0xFBA7, 0xFB43, 0xF749, 0xF3B3, 0xF2EF, 0xF57B,
    0xF94C, 0xFC8F, 0xFF01, 0x03E3, 0x0615, 0x009A, 0xFC6A, 0xFC79,
    0xFC57, 0xFC15, 0xFC62, 0xFDDD, 0xFD07, 0xFA8C, 0xF97A, 0xFD0D,
    0x028B, 0x031A, 0x0289, 0x0252, 0x0140, 0xFDFC, 0xFADE, 0xFAC9,
    0xFBB2, 0xFDF6, 0x004E, 0x0593, 0x0B3A, 0x0975, 0x055F, 0x0203,
    0xFC2B, 0xF62A, 0xF682, 0xFC8F, 0x00EF, 0x0323, 0x0347, 0x0447,
    0x07B1, 0x05D1, 0x03AE, 0x055B, 0x0584, 0x0343, 0x00A1, 0x015B,
    0x0289, 0x02B9, 0x02AB, 0x0429, 0x07C1, 0x05B8, 0x0281, 0x0358,
    0x0285, 0xFE9C, 0xFB17, 0xFA94, 0xFB33, 0xFDDD, 0x00C0, 0x0391,
    0x0882, 0x07B7, 0x0314, 0x02DF, 0x028C, 0xFFA7, 0xFE6A, 0xFF31,
    0xFE86, 0xFC95, 0xFAFD, 0xFD9E, 0x0413, 0x03FE, 0x0114, 0x0175,
    0x013D, 0xFF06, 0xFC37, 0xFCD5, 0xFDED, 0xFEF3, 0xFE87, 0xFF9A,
    0x06F8, 0x095C, 0x06CF, 0x0520, 0x0210, 0xFC97, 0xF89A, 0xFA48,
    0xFE99, 0x01A1, 0x0282, 0x036D, 0x073F, 0x07A2, 0x03CB, 0x01F4,
    0x0003, 0xFCEF, 0xFA0E, 0xF9CA, 0xFCB6, 0xFE19, 0xFC81, 0xFBA1,
    0xFDBF, 0xFC39, 0xF748, 0xF752, 0xFA22, 0xF97E, 0xF59D, 0xF55D,
    0xF713, 0xF7D0, 0xF899, 0xFAAE, 0x00B4, 0x0334, 0x018F, 0xFF48,
    0xFF4E, 0xFF0B, 0xFB66, 0xFA82, 0xFB1F, 0xFB66, 0xFAC7, 0xFB80,
    0x013D, 0x04ED, 0x0285, 0x002B, 0xFFB1, 0xFE89, 0xFC83, 0xFC4C,
    0xFE5D, 0xFF96, 0x0089, 0x01A8, 0x056B, 0x09B9, 0x0879, 0x0561,
    0x0307, 0xFFA4, 0xF9A4, 0xF770, 0xFB27, 0xFF08, 0x000A, 0x0016,
    0x04AB, 0x0928, 0x088C, 0x057A, 0x04C0, 0x0370, 0xFF98, 0xFE07,
    0xFEF7, 0x02A8, 0x0579, 0x0510, 0x06E8, 0x086C, 0x0508, 0x004C,
    0xFF44, 0x0089, 0xFE54, 0xFBBD, 0xFCBF, 0xFE67, 0xFEB0, 0xFE2A,
    0x0078, 0x0466, 0x0534, 0x04C0, 0x04B3, 0x0489, 0x02D9, 0xFECA,
    0xFCA5, 0xFC1D, 0xFB62, 0xFB9E, 0xFF5B, 0x05EB, 0x080F, 0x0411,
    0x017E, 0x0101, 0xFD7B, 0xF9B7, 0xFABA, 0xFEB4, 0x00BC, 0x014D,
    0x02E2, 0x0697, 0x08C5, 0x0603, 0x0332, 0x023E, 0xFF5A, 0xFBB8,
    0xFB08, 0xFDBB, 0x00A1, 0x0092, 0x00E5, 0x04CD, 0x0857, 0x0685,
    0x0338, 0x0204, 0xFE62, 0xFA26, 0xF902, 0xF963, 0xFABD, 0xFC4E,
    0xFC37, 0xFD8E, 0xFEA2, 0xFA6C, 0xF75B, 0xF73A, 0xF6E1, 0xF527,
    0xF439, 0xF6A2, 0xF9D4, 0xFB74, 0xFB33, 0xFE49, 0x01FF, 0x0012,
    0xFE2F, 0xFF3C, 0xFF34, 0xFE1F, 0xFC92, 0xFB65, 0xFB38, 0xFAC4,
    0xF9DF, 0xFCA9, 0x02BD, 0x0469, 0x0242, 0x0197, 0x00BF, 0xFDE8,
    0xFACE, 0xF9EF, 0xFC3C, 0xFECF, 0x01C7, 0x0658, 0x0AF2, 0x0A8B,
    0x069E, 0x02C7, 0xFD8B, 0xF939, 0xF7E4, 0xFA2C, 0xFDF6, 0x013E,
    0x0158, 0x0227, 0x0640, 0x064F, 0x03AC, 0x02F9, 0x036F, 0x02F9,
    0x00CA, 0x00C3, 0x01EF, 0x021E, 0x0233, 0x02F0, 0x0688, 0x07C8,
    0x057A, 0x039D, 0x01BD, 0xFF3C, 0xFB9B, 0xF964, 0xFAD3, 0xFE9B,
    0x00FB, 0x01DA, 0x0592, 0x06C0, 0x03E0, 0x030A, 0x0270, 0x01CC,
    0x009A, 0xFFDD, 0xFF87, 0xFE65, 0xFDCB, 0xFDC8, 0x01A0, 0x0419,
    0x038D, 0x0334, 0x0284, 0x0249, 0xFF15, 0xFC52, 0xFB7F, 0xFCCD,
    0xFE23, 0xFF78, 0x05A8, 0x0972, 0x0823, 0x0590, 0x0259, 0xFEBF,
    0xFAD8, 0xF99C, 0xFBC9, 0xFEFF, 0x0155, 0x0249, 0x04F6, 0x07C6,
    0x0732, 0x03F0, 0x00A2, 0xFF0D, 0xFD12, 0xFB58, 0xFC34, 0xFD75,
    0xFCCB, 0xFB13, 0xFC0E, 0xFCD1, 0xFAF6, 0xFA1F, 0xF971, 0xF940,
    0xF7BA, 0xF57E, 0xF585, 0xF68D, 0xF845, 0xF9FC, 0xFCAD, 0x003D,
    0x0214, 0x0138, 0x0043, 0x004A, 0xFDBA, 0xFA7A, 0xF9B1, 0xF926,
    0xF9B0, 0xFABC, 0xFE0E, 0x028F, 0x0323, 0x0145, 0xFF0E, 0xFE72,
    0xFE1D, 0xFC8F, 0xFBDA, 0xFCC7, 0xFE4E, 0xFF2F, 0x0185, 0x061A,
    0x08EB, 0x07FE, 0x0573, 0x03D1, 0x00AC, 0xFC8B, 0xFB40, 0xFAE1,
    0xFB98, 0xFC53, 0xFF41, 0x0498, 0x084A, 0x095E, 0x06BF, 0x04B1,
    0x0245, 0x0032, 0x0069, 0x01DA, 0x0435, 0x0416, 0x0437, 0x04F0,
    0x052A, 0x03E5, 0x017E, 0x0218, 0x0289, 0x00F8, 0xFF9A, 0xFEBE,
    0xFE8C, 0xFD8B, 0xFD3E, 0xFF24, 0x01CA, 0x0376, 0x0369, 0x0416,
    0x04D6, 0x0352, 0x002C, 0xFDF8, 0xFCC7, 0xFB69, 0xFBEE, 0xFEF5,
    0x026F, 0x0363, 0x00E9, 0xFFD3, 0xFEFE, 0xFD55, 0xFC92, 0xFCC1,
    0xFE27, 0xFE8A, 0x005B, 0x0250, 0x0470, 0x057E, 0x02CF, 0x013A,
    0x00B1, 0xFF6D, 0xFF0B, 0x004E, 0x01BF, 0x0174, 0x00DA, 0x0147,
    0x0425, 0x06D2, 0x05F6, 0x0545, 0x0401, 0x0187, 0xFF87, 0xFDCC,
    0xFD28, 0xFD9B, 0xFE03, 0xFE68, 0x000A, 0xFFBC, 0xFC06, 0xF8F6,
    0xF7A6, 0xF6C9, 0xF67C, 0xF741, 0xF9FC, 0xFB75, 0xFBB0, 0xFBFE,
    0xFCD9, 0xFE53, 0xFDB6, 0xFE7F, 0xFF3B, 0xFF5A, 0xFED2, 0xFC0B,
    0xFA64, 0xF906, 0xF7D8, 0xF8F2, 0xFCE6, 0x00F7, 0x0185, 0x0092,
    0xFEF0, 0xFD1F, 0xFAAE, 0xF816, 0xF965, 0xFBB3, 0xFDCE, 0x00EB,
    0x0411, 0x0647, 0x05A8, 0x0360, 0x0079, 0xFF62, 0xFE9A, 0xFCCF,
    0xFDD4, 0xFEFC, 0xFE18, 0xFDD9, 0xFF69, 0x0303, 0x04E6, 0x0537,
    0x05A8, 0x067D, 0x066A, 0x0464, 0x04C6, 0x040C, 0x0319, 0x02E8,
    0x0304, 0x05C9, 0x0676, 0x0552, 0x043E, 0x0421, 0x0359, 0x00B4,
    0xFF9B, 0xFFDB, 0xFF92, 0xFEAC, 0xFF41, 0x01BF, 0x0317, 0x035F,
    0x0336, 0x034F, 0x035F, 0x01EB, 0x00D2, 0xFFE4, 0xFF1A, 0xFD45,
    0xFC46, 0xFE0E, 0xFE75, 0xFE11, 0xFDAA, 0xFEBE, 0xFFF3, 0xFDD5,
    0xFCE4, 0xFDC1, 0xFDAD, 0xFD77, 0xFF1B, 0x0245, 0x0370, 0x02A2,
    0x00D2, 0xFFDA, 0x007A, 0xFF28, 0xFEB9, 0x0172, 0x037D, 0x02F7,
    0x0196, 0x0288, 0x040E, 0x033D, 0x00CF, 0x0130, 0x0393, 0x02B0,
    0x01D1, 0x0131, 0xFFC9, 0xFE11, 0xFC9D, 0xFC74, 0xFD42, 0xFDAD,
    0xFA51, 0xF98E, 0xFAB5, 0xF8CB, 0xF80C, 0xF8EE, 0xFAA9, 0xFB73,
    0xFA5A, 0xFC16, 0xFF33, 0xFFFC, 0xFED6, 0xFFCE, 0x0096, 0xFDAD,
    0xFBE3, 0xFA81, 0xFA94, 0xFBDF, 0xFAE5, 0xFC2A, 0xFFC0, 0x0055,
    0xFDEB, 0xFC45, 0xFCF4, 0xFC55, 0xFAA4, 0xFA61, 0xFD37, 0xFFCA,
    0xFF6F, 0x0076, 0x0268, 0x0327, 0x0202, 0x022F, 0x0272, 0x01C6,
    0x0044, 0xFDC7, 0xFDB1, 0xFD7F, 0xFC3C, 0xFCFB, 0x0094, 0x0487,
    0x0456, 0x03D3, 0x0632, 0x0692, 0x05D2, 0x04B6, 0x0565, 0x059E,
    0x01FC, 0x0187, 0x02A7, 0x03DF, 0x03E1, 0x0263, 0x03E2, 0x0530,
    0x043C, 0x0169, 0x003D, 0xFFFC, 0xFCE9, 0xFA78, 0xFB86, 0xFFAE,
    0x01E4, 0x02CF, 0x059E, 0x0667, 0x0482, 0x020D, 0x00A7, 0x002D,
    0xFE10, 0xFC38, 0xFC18, 0xFD96, 0xFD92, 0xFD3D, 0xFF43, 0x0089,
    0x014A, 0xFFE0, 0xFFE7, 0x01B6, 0x0012, 0xFCFE, 0xFBD5, 0xFDBE,
    0xFE17, 0xFDFF, 0x0106, 0x0389, 0x0575, 0x0584, 0x053F, 0x05E0,
    0x03E3, 0x0067, 0xFD3F, 0xFCD6, 0xFD19, 0xFDB4, 0x0064, 0x044F,
    0x0804, 0x089E, 0x07AF, 0x06B9, 0x02BC, 0xFCB5, 0xFA0C, 0xF88C,
    0xF5DE, 0xF42D, 0xF61C, 0xFA72, 0xFD0A, 0xFCFF, 0xFEA1, 0x0170,
    0xFFFF, 0xFC0D, 0xF80D, 0xF7B0, 0xF7E4, 0xF6BE, 0xF726, 0xFAA4,
    0xFF36, 0xFFD7, 0x00AC, 0x024A, 0x0239, 0x005E, 0xFD88, 0xFB9C,
    0xF90B, 0xF6E3, 0xF5C0, 0xF60C, 0xF807, 0xFA26, 0xFEE0, 0x0350,
    0x0561, 0x06A1, 0x0553, 0x02FE, 0xFF17, 0xFA6F, 0xF91F, 0xFB4E,
    0xFD71, 0xFD8F, 0x0014, 0x0563, 0x0758, 0x0463, 0x0143, 0x0194,
    0x021C, 0xFF23, 0xFC83, 0xFDE9, 0x01F6, 0x03BB, 0x0480, 0x06C4,
    0x09A9, 0x0B53, 0x0819, 0x05E3, 0x0593, 0x0399, 0x01C8, 0x008A,
    0x004D, 0xFF85, 0xFF26, 0xFFA5, 0xFFEC, 0x001A, 0x009F, 0x0248,
    0x019C, 0x00BB, 0x01FD, 0x02D5, 0x0310, 0x00A2, 0xFE8C, 0x006A,
    0x01C8, 0x006F, 0xFF3F, 0x00A6, 0x02FF, 0x00E0, 0xFCCF, 0xFC6C,
    0xFEF9, 0xFF17, 0xFCA4, 0xFD4C, 0xFF7E, 0x00F4, 0xFF3D, 0xFCE4,
    0xFD58, 0xFED8, 0xFFA7, 0xFF3D, 0x017C, 0x0338, 0x03EB, 0x04B4,
    0x03B0, 0x0200, 0x000C, 0xFF05, 0xFE82, 0xFDFC, 0xFE81, 0x00FF,
    0x03D7, 0x03FC, 0x0615, 0x088B, 0x0818, 0x0583, 0xFF57, 0xFB99,
    0xFA33, 0xF7C7, 0xF622, 0xF738, 0xFC53, 0xFF67, 0xFDFB, 0xFCF5,
    0xFDE5, 0xFE31, 0xFB9B, 0xF8B0, 0xF81C, 0xF8C7, 0xF9BF, 0xF916,
    0xF985, 0xFC04, 0xFE70, 0xFFC0, 0xFFDC, 0x00FF, 0x016F, 0x00EA,
    0xFECE, 0xFABE, 0xF77C, 0xF624, 0xF6AA, 0xF6C3, 0xF8BB, 0xFD01,
    0x0171, 0x033E, 0x026D, 0x0353, 0x03B5, 0x023F, 0xFEFA, 0xFBC7,
    0xFC61, 0xFD43, 0xFCD7, 0xFD52, 0x0014, 0x0443, 0x03EE, 0x0111,
    0x0129, 0x01AA, 0x01A0, 0x005A, 0xFEB2, 0xFF4B, 0x0193, 0x0400,
    0x052A, 0x0652, 0x07F4, 0x0901, 0x0842, 0x0595, 0x04E1, 0x0516,
    0x0594, 0x048E, 0x0132, 0xFF36, 0xFEE4, 0xFE04, 0xFB90, 0xFC4B,
    0xFFE5, 0x01E6, 0x0136, 0x0187, 0x0462, 0x05C8, 0x0507, 0x015B,
    0xFF68, 0x0069, 0xFF9F, 0xFE49, 0xFE32, 0x000B, 0x026D, 0x00DD,
    0xFEAE, 0xFFC5, 0x00B6, 0x011F, 0xFF2F, 0xFD0C, 0xFCDF, 0xFCC9,
    0xFC86, 0xFAD0, 0xFBEB, 0xFFA2, 0x02FB, 0x0366, 0x02F4, 0x0493,
    0x05EA, 0x0623, 0x0288, 0xFECC, 0xFE13, 0xFE3F, 0xFC47, 0xFB1E,
    0xFE8C, 0x0335, 0x0597, 0x0588, 0x07E7, 0x0B37, 0x0A73, 0x0585,
    0xFF2C, 0xFB87, 0xF98E, 0xF734, 0xF66B, 0xF8BD, 0xFEDB, 0x022F,
    0xFFC0, 0xFEA2, 0xFD88, 0xFC19, 0xFB90, 0xF7DD, 0xF5E7, 0xF719,
    0xF80D, 0xF768, 0xF6C7, 0xFA1C, 0xFECC, 0x01E7, 0x00C5, 0x0015,
    0x022F, 0x0162, 0xFE02, 0xF8F1, 0xF66A, 0xF778, 0xF731, 0xF4BA,
    0xF696, 0xFD31, 0x01CE, 0x01FA, 0x0154, 0x036B, 0x04C8, 0x031D,
    0xFEE8, 0xFBCF, 0xFC35, 0xFBDA, 0xFA8F, 0xFB91, 0xFF4B, 0x0471,
    0x0530, 0x026B, 0x01A0, 0x01AB, 0x0287, 0x01E3, 0xFFFE, 0x001D,
    0x0244, 0x0443, 0x0330, 0x02D0, 0x0726, 0x0B9C, 0x0BBF, 0x090D,
    0x084C, 0x09BC, 0x0877, 0x0499, 0xFFEF, 0xFEC3, 0xFF64, 0xFBDD,
    0xF8AA, 0xFAAA, 0x0050, 0x0343, 0x0299, 0x02A9, 0x062F, 0x0856,
    0x0568, 0x0158, 0xFE78, 0xFDCC, 0xFC4C, 0xFAFF, 0xFBF9, 0x008C,
    0x05A2, 0x0493, 0x026F, 0x0103, 0xFFB3, 0xFF33, 0xFC58, 0xF9F3,
    0xFAC1, 0xFC35, 0xFC27, 0xF9BD, 0xFA21, 0xFEE9, 0x0348, 0x03DD,
    0x02D7, 0x069E, 0x0948, 0x0627, 0x007D, 0xFB66, 0xFB8B, 0xFB81,
    0xF945, 0xFA4D, 0xFFBD, 0x06C4, 0x087F, 0x06A4, 0x06CE, 0x0903,
    0x0825, 0x03C0, 0xFFDC, 0xFD86, 0xFC1B, 0xF9A0, 0xF85D, 0xF989,
    0xFEE8, 0x03F4, 0x02E3, 0x012D, 0xFF65, 0xFDB3, 0xFAF5, 0xF613,
    0xF42A, 0xF5BA, 0xF7B3, 0xF7E7, 0xF751, 0xF9FA, 0xFEA5, 0x017C,
    0xFFBB, 0xFE63, 0x023A, 0x028F, 0xFF02, 0xFAC9, 0xF803, 0xF8D1,
    0xF6A7, 0xF40E, 0xF57D, 0xFBD8, 0x028B, 0x03AC, 0x02FB, 0x0362,
    0x0461, 0x0235, 0xFDFD, 0xFAC4, 0xFA07, 0xFB04, 0xFA9B, 0xFAD7,
    0xFD39, 0x015E, 0x04A4, 0x03C0, 0x01BE, 0x01F1, 0x02FC, 0x0234,
    0x0014, 0xFFFB, 0x0192, 0x0327, 0x01AA, 0x007B, 0x0521, 0x0A54,
    0x0CDF, 0x0BB0, 0x0B1E, 0x0CD4, 0x0ACF, 0x069A, 0x008E, 0xFDA4,
    0xFD0F, 0xF97D, 0xF842, 0xFA70, 0x0045, 0x0596, 0x0630, 0x04E3,
    0x0467, 0x04F2, 0x0391, 0x00C0, 0xFE0D, 0xFC98, 0xFCFC, 0xFC35,
    0xFAC9, 0xFDC4, 0x031E, 0x0673, 0x057A, 0x02C7, 0x0158, 0x0071,
    0xFE0C, 0xF916, 0xF859, 0xFA53, 0xFA9D, 0xF9EB, 0xFAAC, 0xFFFE,
    0x04DA, 0x0632, 0x04B6, 0x0553, 0x06FC, 0x0495, 0x01F0, 0xFDF7,
    0xFC74, 0xFC9D, 0xFA7A, 0xFA66, 0xFE0C, 0x04AD, 0x090F, 0x09E5,
    0x081F, 0x05CE, 0x052C, 0x0386, 0xFFC8, 0xFC78, 0xFC27, 0xFD16,
    0xFC08, 0xFB55, 0xFE50, 0x021C, 0x037A, 0xFF99, 0xFC02, 0xFBBA,
    0xFBEA, 0xFAC5, 0xF6FA, 0xF692, 0xF7AD, 0xF689, 0xF3F1, 0xF4EB,
    0xFAF2, 0xFE93, 0x00A9, 0x00F9, 0x00CE, 0x0196, 0xFFC6, 0xFC0C,
    0xF899, 0xF83D, 0xF821, 0xF74B, 0xF7E9, 0xFA2F, 0xFF02, 0x0255,
    0x02C4, 0x0213, 0x026A, 0x0393, 0x0313, 0xFF34, 0xFB2E, 0xFB7A,
    0xFB43, 0xF925, 0xF934, 0xFCC3, 0x019C, 0x053E, 0x0476, 0x02C9,
    0x0393, 0x0437, 0x02E1, 0x00FC, 0x0147, 0x020A, 0x021F, 0x00B4,
    0x01B7, 0x06D3, 0x0A8B, 0x0CD7, 0x0D70, 0x0D2F, 0x0D4F, 0x0A88,
    0x048C, 0xFE1D, 0xFC25, 0xFB59, 0xF9FB, 0xFABF, 0xFD82, 0x02CB,
    0x0664, 0x062A, 0x03E0, 0x03E3, 0x03E7, 0x0137, 0xFE21, 0xFBF5,
    0xFCC5, 0xFCFA, 0xFB87, 0xFB10, 0xFD99, 0x01BB, 0x03C7, 0x03E0,
    0x02AE, 0x018F, 0x00BB, 0xFD05, 0xF978, 0xF902, 0xF9A0, 0xFAEF,
    0xFAFC, 0xFC1C, 0xFFCD, 0x0479, 0x06E4, 0x0531, 0x0548, 0x0483,
    0x0259, 0xFFE4, 0xFC11, 0xFC7B, 0xFD15, 0xFC60, 0xFCAC, 0xFF6B,
    0x0461, 0x06D3, 0x071B, 0x056A, 0x052C, 0x04E6, 0x01E1, 0xFF41,
    0xFCF3, 0xFD0B, 0xFDE4, 0xFDCD, 0xFC81, 0xFCE4, 0x001F, 0x0156,
    0x00F6, 0xFF6F, 0xFE8F, 0xFDD9, 0xFABA, 0xF771, 0xF5B3, 0xF6D2,
    0xF854, 0xF6D1, 0xF643, 0xF9EC, 0xFF1E, 0x01BC, 0x0101, 0x009C,
    0xFFC4, 0xFDEA, 0xFAB3, 0xF85A, 0xF9B0, 0xFA79, 0xFA2F, 0xF8F6,
    0xFA97, 0xFFCB, 0x02FE, 0x03BB, 0x0396, 0x0384, 0x0204, 0xFF44,
    0xFD26, 0xFB12, 0xFB37, 0xFBD2, 0xFAC4, 0xFA58, 0xFC10, 0x00A5,
    0x03CC, 0x0410, 0x03C4, 0x046B, 0x04FA, 0x02E9, 0x0045, 0xFEE9,
    0x0066, 0x0356, 0x028A, 0x0281, 0x06B2, 0x0AE5, 0x0C8D, 0x0BA3,
    0x0A1A, 0x0818, 0x05A5, 0x01A4, 0xFFC0, 0x009A, 0x0083, 0xFFCD,
    0xFD03, 0xFD0A, 0x00B9, 0x037D, 0x052F, 0x0586, 0x04E3, 0x021E,
    0xFFCC, 0xFE74, 0xFC76, 0xFCCE, 0xFCF0, 0xFBEB, 0xFB62, 0xFC13,
    0x003F, 0x034E, 0x0308, 0x0113, 0x0055, 0x003C, 0xFE90, 0xFD65,
    0xFCD9, 0xFE66, 0xFF9D, 0xFCED, 0xFBEE, 0xFF40, 0x0307, 0x04F9,
    0x04A3, 0x03BB, 0x039B, 0x01BC, 0xFF6F, 0xFE7A, 0xFE71, 0xFFA1,
    0x000C, 0xFF1A, 0xFF42, 0x00C1, 0x0268, 0x0392, 0x03B0, 0x03A5,
    0x024D, 0x0113, 0xFFCA, 0xFEF3, 0xFF3E, 0xFE1F, 0xFC7F, 0xFAE4,
    0xFC5C, 0x006B, 0x0178, 0xFFE6, 0xFD52, 0xFB39, 0xF992, 0xF778,
    0xF7A0, 0xF8CF, 0xFA3D, 0xF9C7, 0xF80F, 0xF977, 0xFBF2, 0xFD83,
    0xFCFF, 0xFBD0, 0xFC88, 0xFC4F, 0xFAD8, 0xFC1C, 0xFD08, 0xFBF6,
    0xFBD1, 0xFC5E, 0xFE0B, 0x009B, 0x0129, 0x00B7, 0x014C, 0x012E,
    0xFFD6, 0xFE5A, 0xFDC3, 0xFCD0, 0xFC8A, 0xFC83, 0xFD6B, 0x0064,
    0x007C, 0x018A, 0x0273, 0x0126, 0x0133, 0x008E, 0x00A5, 0x01BC,
    0x02F6, 0x043A, 0x05A2, 0x0771, 0x0708, 0x0655, 0x0682, 0x0642,
    0x07C0, 0x0808, 0x0681, 0x051C, 0x02DB, 0x0253, 0x038D, 0x03C8,
    0x0272, 0x01A1, 0x028E, 0x0363, 0x0354, 0x028D, 0x01BD, 0x00CF,
    0xFEF3, 0xFE04, 0xFF00, 0x006F, 0x0004, 0xFEB9, 0xFD09, 0xFD24,
    0xFE84, 0xFE3B, 0xFF09, 0xFEDB, 0xFE00, 0xFC38, 0xFADA, 0xFCA2,
    0xFD95, 0xFF61, 0x00F0, 0x0140, 0x022A, 0x023D, 0x01FD, 0x008E,
    0xFFD1, 0x00C4, 0x00AF, 0x00F9, 0x0128, 0x00F0, 0x014B, 0x00DE,
    0x0060, 0xFFFD, 0x0054, 0x017A, 0x0134, 0x00EE, 0x022D, 0x0382,
    0x02E6, 0x0136, 0x0080, 0xFF38, 0xFECD, 0xFF88, 0xFF52, 0xFED4,
    0xFF3D, 0xFEDA, 0xFE55, 0xFF94, 0xFE96, 0xFD6C, 0xFB0D, 0xF9EE,
    0xFBA8, 0xFBCB, 0xFBF6, 0xFB02, 0xF911, 0xF7F7, 0xF8AC, 0xFA4B,
    0xFB45, 0xFD60, 0xFDFE, 0xFBEF, 0xFB70, 0xFB37, 0xFC29, 0xFD63,
    0xFC5A, 0xFB59, 0xFAE1, 0xFB6E, 0xFCC6, 0xFDFB, 0xFF79, 0x0110,
    0x025D, 0x00FC, 0x0042, 0x00A9, 0xFE6F, 0xFD52, 0xFD10, 0xFD25,
    0xFD52, 0xFD9D, 0xFDAA, 0xFDBE, 0xFE97, 0xFF9D, 0x0139, 0x01CC,
    0x02B5, 0x03A0, 0x043D, 0x061D, 0x0696, 0x0749, 0x074A, 0x05F0,
    0x04F0, 0x02A7, 0x0377, 0x043E, 0x03E1, 0x04FB, 0x0645, 0x07EE,
    0x06D6, 0x0486, 0x01AF, 0xFF2B, 0x0094, 0x029B, 0x0493, 0x04E7,
    0x02EA, 0xFF9E, 0xFC9E, 0xFCE6, 0xFF17, 0x01FA, 0x034F, 0x020C,
    0x0023, 0xFE4A, 0xFD6F, 0xFDE9, 0xFE62, 0xFED1, 0xFF19, 0xFD8A,
    0xFB6C, 0xFC3A, 0xFD27, 0xFE29, 0x008D, 0x0175, 0x02C7, 0x0409,
    0x02CF, 0x00DE, 0x00E1, 0x030C, 0x036F, 0x0361, 0x0274, 0xFFC1,
    0xFE01, 0xFA57, 0xFA02, 0xFDB6, 0x00D1, 0x0403, 0x0581, 0x05C8,
    0x0514, 0x0398, 0x0169, 0x0093, 0x019F, 0xFF4B, 0xFD7A, 0xFD47,
    0xFA77, 0xF930, 0xFA91, 0xFDDE, 0x018B, 0x02C9, 0x018E, 0xFEF0,
    0xFC5E, 0xF986, 0xF9D5, 0xFB85, 0xFAE5, 0xF8EF, 0xF644, 0xF5D9,
    0xF703, 0xF871, 0xFA5F, 0xFE0A, 0x004A, 0xFE4F, 0xFDED, 0xFE93,
    0xFE5F, 0xFD35, 0xFB2C, 0xFA7D, 0xF979, 0xF95A, 0xF9E6, 0xFADA,
    0xFE27, 0x0011, 0x0203, 0x0370, 0x0358, 0x0232, 0xFF05, 0xFE3E,
    0xFF8A, 0x0056, 0x0069, 0xFF1B, 0xFD0F, 0xF9C0, 0xF85D, 0xFB54,
    0xFF9C, 0x0498, 0x084D, 0x0A17, 0x0901, 0x06BE, 0x04C7, 0x0380,
    0x0566, 0x06AF, 0x06A4, 0x06B8, 0x05A2, 0x0310, 0xFF8C, 0xFFBE,
    0x02C1, 0x0617, 0x070D, 0x05DA, 0x04A3, 0x0198, 0x003C, 0x0142,
    0x0368, 0x058B, 0x03D1, 0x00A0, 0xFE14, 0xFC95, 0xFB02, 0xF9FE,
    0xFCF2, 0xFF9D, 0x0144, 0x025B, 0x02B6, 0x0306, 0x007D, 0xFEA3,
    0xFEFF, 0xFEC5, 0xFCB9, 0xFACE, 0xFA7A, 0xF927, 0xF933, 0xFC33,
    0x00D1, 0x0578, 0x061B, 0x0534, 0x0655, 0x0731, 0x04FC, 0x0316,
    0x0310, 0xFF60, 0xF9B2, 0xF630, 0xF6F4, 0xFAB2, 0xFD45, 0x00F3,
    0x068C, 0x0A36, 0x08E1, 0x05F3, 0x040D, 0x01E8, 0x00FF, 0xFFA5,
    0xFF0D, 0xFEC3, 0xFB1F, 0xF829, 0xF884, 0xFA7D, 0xFCE4, 0xFF46,
    0x0178, 0x01C7, 0xFFF3, 0xFDBD, 0xFC7D, 0xFB6C, 0xF93D, 0xF8CE,
    0xF888, 0xF720, 0xF73D, 0xF6BB, 0xF801, 0xFA51, 0xFC6C, 0xFEF8,
    0x0137, 0x0338, 0x012D, 0xFE17, 0xFBA1, 0xFB52, 0xFC0B, 0xFAFA,
    0xFAEB, 0xFAEC, 0xFB2E, 0xFA83, 0xFB55, 0xFEA7, 0x0128, 0x02B1,
    0x0178, 0x010C, 0x01A4, 0x000E, 0xFE3D, 0xFDC9, 0xFEDA, 0xFDE6,
    0xFC2C, 0xFD2A, 0xFE63, 0xFF98, 0x00B1, 0x02C6, 0x05D3, 0x0774,
    0x08E1, 0x0883, 0x07A0, 0x07D7, 0x0780, 0x08AB, 0x08C8, 0x05CE,
    0x0392, 0x02D4, 0x0144, 0xFEE3, 0xFE10, 0xFEF6, 0x01B6, 0x03FA,
    0x04C3, 0x07DA, 0x0900, 0x0646, 0x0391, 0x01F5, 0xFFD8, 0xFCBA,
    0xFA48, 0xF7C8, 0xF8EB, 0xFB3F, 0xFCED, 0x010F, 0x0324, 0x0431,
    0x0420, 0x0292, 0x0167, 0x00C9, 0x0072, 0xFDF4, 0xFA8C, 0xF77B,
    0xF74E, 0xFA80, 0xFC53, 0xFF00, 0x03D5, 0x06E1, 0x0886, 0x07FF,
    0x066D, 0x051C, 0x0234, 0xFE50, 0xFC5C, 0xFC8F, 0xFB90, 0xFB2E,
    0xFB35, 0xFC10, 0xFF32, 0x01D9, 0x0407, 0x060A, 0x06E7, 0x0611,
    0x0437, 0x0236, 0xFFE2, 0x0026, 0xFFB1, 0xFD5D, 0xFC47, 0xFA12,
    0xF932, 0xF831, 0xF792, 0xF96B, 0xFC5D, 0xFF58, 0xFFC6, 0xFDC5,
    0xFBD1, 0xFB2C, 0xFABF, 0xF9AD, 0xF944, 0xF85C, 0xF82C, 0xF936,
    0xF906, 0xFB88, 0xFE24, 0xFEDB, 0xFEEA, 0xFF1E, 0xFFBC, 0xFF55,
    0xFEE9, 0xFD70, 0xFDEB, 0xFE56, 0xFCD4, 0xFC32, 0xFBE6, 0xFB85,
    0xFBA3, 0xFC2E, 0xFCD4, 0xFF6A, 0x0295, 0x030B, 0x025C, 0x00F9,
    0xFF1F, 0x0039, 0x021F, 0x02DC, 0x0305, 0x01F4, 0x0162, 0xFFFE,
    0xFEB1, 0xFFCF, 0x031D, 0x06F3, 0x091F, 0x0B89, 0x0C84, 0x0C67,
    0x0B78, 0x0927, 0x0883, 0x066C, 0x0224, 0xFD5B, 0xFA86, 0xFA12,
    0xFA71, 0xFD1A, 0x00E6, 0x0545, 0x0806, 0x07B8, 0x06B9, 0x04BE,
    0x01C5, 0xFED8, 0xFCF8, 0xFA5C, 0xF921, 0xFAA4, 0xFB31, 0xFBF3,
    0xFC33, 0xFD4E, 0x011D, 0x03B4, 0x0456, 0x0328, 0x0195, 0xFF82,
    0xFC9F, 0xFC0E, 0xFC8A, 0xFCE4, 0xFCAF, 0xFC90, 0xFE49, 0x0023,
    0x0215, 0x050C, 0x06FA, 0x06C1, 0x03E6, 0x00ED, 0xFF10, 0xFEBA,
    0xFF5B, 0xFFAF, 0xFFEF, 0xFEEC, 0xFEDD, 0xFEDF, 0xFE1E, 0xFE6E,
    0xFF23, 0x0183, 0x0517, 0x06B6, 0x0543, 0x04D9, 0x0470, 0x0248,
    0x0095, 0xFD27, 0xF989, 0xF774, 0xF5E1, 0xF5A1, 0xF66F, 0xF87C,
    0xFB19, 0xFC67, 0xFD32, 0xFD0F, 0xFD16, 0xFCB0, 0xFBA4, 0xFC4C,
    0xFD05, 0xFD1F, 0xFBFE, 0xFABA, 0xF948, 0xF77A, 0xF84F, 0xFA90,
    0xFDEF, 0x0095, 0x00E6, 0x000C, 0xFEAE, 0xFE57, 0xFED1, 0x0050,
    0x00C1, 0xFDF2, 0xFB64, 0xFB23, 0xFA83, 0xF97A, 0xFB36, 0xFEEA,
    0x01FF, 0x0315, 0x02C1, 0x040B, 0x0559, 0x0472, 0x0452, 0x04EA,
    0x04F7, 0x0336, 0x00B7, 0xFEF3, 0xFE07, 0xFFCA, 0x0263, 0x0810,
    0x0DFB, 0x0F6D, 0x101A, 0x0F1D, 0x0BA0, 0x0731, 0x03F4, 0x01FF,
    0xFE5C, 0xFB29, 0xF9FD, 0xFB28, 0xFBB3, 0xFBA8, 0xFFC4, 0x0424,
    0x05D8, 0x0493, 0x01F2, 0x00C1, 0xFFF9, 0xFECD, 0xFDFB, 0xFE99,
    0xFDC1, 0xFB1D, 0xF97F, 0xF9DF, 0xFC06, 0xFDCA, 0xFF29, 0x00EC,
    0x01B6, 0x01D1, 0x013C, 0x00DC, 0x0043, 0x0050, 0x01D0, 0x0015,
    0xFED8, 0xFF2F, 0xFEE9, 0xFF7A, 0xFF72, 0xFF55, 0x0046, 0x0359,
    0x0421, 0x0248, 0x0205, 0x0215, 0x02B8, 0x0297, 0x0101, 0xFF99,
    0xFE61, 0xFC66, 0xFAE3, 0xFCC8, 0x0052, 0x03C6, 0x05AB, 0x0557,
    0x05BB, 0x04C6, 0x00D1, 0xFDBB, 0xFCE8, 0xFC10, 0xF8D1, 0xF60A,
    0xF52A, 0xF4C4, 0xF5C6, 0xF67C, 0xF78B, 0xF9AB, 0xFB6B, 0xFD21,
    0xFD6D, 0xFECD, 0x002A, 0x019B, 0x0276, 0xFFB9, 0xFB1A, 0xF7EC,
    0xF855, 0xF7F6, 0xF71F, 0xF89E, 0xFBFF, 0xFE99, 0xFE4A, 0xFFF6,
    0x02A8, 0x02EC, 0x01F9, 0x0197, 0x01FE, 0xFFC4, 0xFBB6, 0xF89F,
    0xF7EE, 0xFA50, 0xFB7A, 0xFD93, 0x025F, 0x060C, 0x07E4, 0x0727,
    0x0703, 0x075F, 0x0711, 0x078F, 0x05C5, 0x01AA, 0xFE80, 0xFF51,
    0x0204, 0x03EA, 0x0719, 0x0B66, 0x0F1C, 0x1028, 0x0D10, 0x0925,
    0x06CE, 0x0456, 0x010B, 0xFF44, 0xFDC9, 0xFB87, 0xFA15, 0xF8B7,
    0xFB1C, 0xFD68, 0xFD4D, 0xFF61, 0x0140, 0x0228, 0x0229, 0x0203,
    0x010A, 0x004D, 0x0145, 0xFF05, 0xFBA7, 0xFA34, 0xF951, 0xF961,
    0xF9EE, 0xFAC3, 0xFCF7, 0x00B5, 0x0321, 0x02ED, 0x02B6, 0x0254,
    0x0329, 0x044B, 0x02CB, 0x0197, 0xFFB8, 0xFDE1, 0xFCEC, 0xFCFE,
    0xFD26, 0xFD8C, 0xFFDC, 0x004A, 0x019F, 0x0327, 0x036E, 0x0325,
    0x02B2, 0x03CB, 0x020D, 0xFEFC, 0xFDE9, 0xFE6D, 0xFFA7, 0xFF92,
    0xFFC7, 0x007C, 0x01BE, 0x0275, 0x0092, 0xFF50, 0xFE35, 0xFD3D,
    0xFD86, 0xFCE5, 0xFB3B, 0xF7D5, 0xF5B2, 0xF55C, 0xF4A8, 0xF476,
    0xF5CB, 0xF9F3, 0xFC7B, 0xFEA8, 0x0229, 0x02CB, 0x02BA, 0x0235,
    0x01DD, 0x012B, 0xFCB1, 0xF7DB, 0xF589, 0xF539, 0xF5FF, 0xF71F,
    0xFA38, 0xFEF9, 0x0295, 0x0299, 0x0335, 0x0461, 0x037C, 0x02CD,
    0x0201, 0x0066, 0xFD42, 0xFB3C, 0xFAC3, 0xFAED, 0xFC49, 0xFD3F,
    0x0121, 0x05D5, 0x087D, 0x0A6E, 0x0A09, 0x092D, 0x0779, 0x05EA,
    0x0634, 0x05EE, 0x0530, 0x043F, 0x0543, 0x074A, 0x0680, 0x0637,
    0x078F, 0x08AA, 0x0791, 0x04D0, 0x0290, 0x00BE, 0x0020, 0xFF98,
    0xFDD6, 0xFC09, 0xFAE7, 0xFA38, 0xF9DF, 0xFB0E, 0xFC2D, 0xFDAF,
    0x0058, 0x01DB, 0x025E, 0x0145, 0x0134, 0x00EC, 0x0096, 0x0148,
    0xFE95, 0xFBCF, 0xFA7E, 0xFA8E, 0xFB45, 0xFB83, 0xFC76, 0xFE8D,
    0x0206, 0x04EC, 0x0598, 0x0510, 0x0388, 0x038A, 0x049A, 0x02AC,
    0x002E, 0xFEA5, 0xFD40, 0xFAFB, 0xF941, 0xF92B, 0xFB71, 0x002E,
    0x0210, 0x0382, 0x059D, 0x052A, 0x039A, 0x0385, 0x04B1, 0x032C,
    0xFFF9, 0xFE59, 0xFE31, 0xFE4F, 0xFC57, 0xFB36, 0xFBFA, 0xFD13,
    0xFDBF, 0xFD70, 0xFD7E, 0xFC7D, 0xFCCF, 0xFD92, 0xFC85, 0xFA32,
    0xF688, 0xF5EE, 0xF66A, 0xF65F, 0xF73B, 0xF9D9, 0xFEAF, 0x010D,
    0x00F0, 0x01F8, 0x022C, 0x0037, 0xFDD4, 0xFD14, 0xFCF9, 0xFB7A,
    0xF9A0, 0xF84A, 0xF8CF, 0xF97B, 0xFA0A, 0xFDA0, 0x02AB, 0x0625,
    0x0582, 0x03DA, 0x0228, 0x016A, 0x015D, 0x00BB, 0x011D, 0x0064,
    0x0086, 0x00E0, 0x00AB, 0x0183, 0x029E, 0x0532, 0x06EE, 0x07EB,
    0x090D, 0x09B8, 0x0A49, 0x08AF, 0x0744, 0x0715, 0x0779, 0x09B1,
    0x09DC, 0x0844, 0x06FD, 0x030A, 0xFE70, 0xFC01, 0xFBB5, 0xFBD5,
    0xFCFE, 0xFE20, 0xFF21, 0x00EC, 0xFF98, 0xFD6F, 0xFCD9, 0xFDFB,
    0xFED4, 0xFEAC, 0xFEA7, 0xFEAB, 0xFF6D, 0xFECC, 0xFDCF, 0xFF00,
    0xFE5D, 0xFDCF, 0xFEF5, 0xFF21, 0xFF83, 0xFEAE, 0xFE0B, 0xFE3B,
    0xFEBC, 0xFFC5, 0x01AC, 0x043E, 0x039B, 0x02EA, 0x0261, 0x01EF,
    0x0258, 0xFFD8, 0xFEA7, 0xFED0, 0xFDB3, 0xFC21, 0xFC96, 0xFEC5,
    0xFFEA, 0x012A, 0x015C, 0x0264, 0x03C4, 0x0234, 0x0199, 0x01D6,
    0x0111, 0xFFC2, 0xFEBC, 0xFE79, 0xFE5B, 0xFEF4, 0xFF22, 0xFEE7,
    0xFDC5, 0xFAD8, 0xFAAB, 0xFBC8, 0xFB00, 0xFABB, 0xFB06, 0xFC15,
    0xFC1C, 0xFB1B, 0xFAB4, 0xFAB2, 0xFA18, 0xF861, 0xF9AF, 0xFBEB,
    0xFD50, 0xFD06, 0xFB96, 0xFE08, 0xFFC2, 0xFEAB, 0xFD96, 0xFE20,
    0xFEE7, 0xFE35, 0xFDFC, 0xFCF2, 0xFD93, 0xFDA5, 0xFD1E, 0xFF47,
    0x000C, 0xFF47, 0xFE90, 0xFE76, 0xFFD5, 0x0242, 0x03F6, 0x0471,
    0x057F, 0x050E, 0x030A, 0x040C, 0x046F, 0x047A, 0x0577, 0x0490,
    0x0438, 0x03CE, 0x0389, 0x0494, 0x04FD, 0x04A3, 0x05FF, 0x0953,
    0x0AC2, 0x0AEA, 0x0963, 0x05F6, 0x0476, 0x01DF, 0xFE9A, 0xFCDF,
    0xFBF9, 0xFA40, 0xF95E, 0xFAAB, 0xFA66, 0xFAC2, 0xFA9B, 0xFCCF,
    0x015C, 0x0175, 0x0087, 0x01C1, 0x02FF, 0x0284, 0x017B, 0x00FD,
    0x00EE, 0x001F, 0xFC64, 0xF9E9, 0xFB76, 0xFB5B, 0xFA57, 0xFB76,
    0xFDB0, 0x01A2, 0x0459, 0x063E, 0x084B, 0x0917, 0x0606, 0x022B,
    0x015C, 0xFF83, 0xFE0E, 0xFC7B, 0xFAC7, 0xFB67, 0xFC56, 0xFD23,
    0xFDCB, 0xFE9E, 0x0013, 0x036D, 0x05A3, 0x03F1, 0x02DE, 0x01E9,
    0x00AF, 0xFF83, 0xFC56, 0xFB29, 0xFCC7, 0xFE54, 0xFE76, 0xFE72,
    0xFF05, 0xFDAD, 0xFB18, 0xF954, 0xFB1F, 0xFD94, 0xFC8E, 0xFBFE,
    0xFD00, 0xFDAF, 0xFCCE, 0xFA53, 0xF9BC, 0xFA34, 0xF9C2, 0xF8A1,
    0xF91A, 0xFBE3, 0xFCBB, 0xFCFF, 0xFCEB, 0xFEC4, 0x0099, 0x0023,
    0x0109, 0x00DD, 0xFF83, 0xFF08, 0xFF8E, 0xFECA, 0xFDA4, 0xFE32,
    0xFF26, 0x0172, 0x018B, 0xFF30, 0xFF42, 0xFFC8, 0xFFBF, 0x00F1,
    0x032E, 0x05AD, 0x0675, 0x06AE, 0x07FC, 0x09A2, 0x0879, 0x058F,
    0x0590, 0x054E, 0x04B0, 0x03D0, 0x01AC, 0x00AF, 0xFFA2, 0xFE79,
    0xFE80, 0x0188, 0x0523, 0x0738, 0x090C, 0x090E, 0x07CD, 0x04B4,
    0x0105, 0xFE78, 0xFB77, 0xF9A3, 0xFA90, 0xFBA1, 0xF908, 0xF754,
    0xF842, 0xF871, 0xF9D9, 0xFBFA, 0xFF57, 0x03E6, 0x06F3, 0x08E9,
    0x0933, 0x094F, 0x072B, 0x0126, 0xFD3C, 0xFB8A, 0xFB49, 0xF9B1,
    0xF734, 0xF877, 0xFAC9, 0xFD71, 0x002E, 0x02BA, 0x05A3, 0x073B,
    0x0826, 0x07FE, 0x07D8, 0x06B5, 0x029B, 0xFEA9, 0xFB3A, 0xF90D,
    0xF8AD, 0xF9CC, 0xF9FE, 0xF9A6, 0xFB53, 0xFDF0, 0x000D, 0xFFE1,
    0xFFE8, 0x015A, 0x016D, 0x00F7, 0x0089, 0x0149, 0x0175, 0x002C,
    0xFE6B, 0xFC3D, 0xFC88, 0xFBB3, 0xFA1F, 0xF9D4, 0xF978, 0xFA45,
    0xFAFC, 0xFC98, 0xFDAD, 0xFD21, 0xFCEA, 0xFBB1, 0xFAEF, 0xFB41,
    0xFB8E, 0xFDB1, 0xFEE5, 0xFF31, 0xFFEB, 0x0005, 0x00A0, 0xFF12,
    0xFD19, 0xFCA9, 0xFD35, 0xFD3F, 0xFC3C, 0xFCAE, 0xFD13, 0xFDBB,
    0xFF22, 0x0230, 0x05E1, 0x0816, 0x083A, 0x05FB, 0x047C, 0x03A2,
    0x0275, 0x011F, 0xFFB4, 0xFF1D, 0xFE84, 0x0090, 0x0285, 0x0306,
    0x047A, 0x04FA, 0x065D, 0x0780, 0x0795, 0x0839, 0x06A9, 0x0445,
    0x0178, 0xFF6F, 0xFF7C, 0xFF64, 0xFFEB, 0xFE7C, 0xFD83, 0xFE0C,
    0xFE52, 0xFFC3, 0xFF93, 0xFF76, 0x0041, 0x0198, 0x02E6, 0x036B,
    0x0397, 0x0115, 0xFDC7, 0xF9E8, 0xF770, 0xF887, 0xFA40, 0xFC84,
    0xFF1B, 0x01DD, 0x040D, 0x0511, 0x03E8, 0x0288, 0x02D5, 0x02D8,
    0x0328, 0x03AE, 0x01FB, 0x0065, 0xFE59, 0xFBFE, 0xFB70, 0xFC91,
    0xFF55, 0x00DA, 0x0228, 0x0281, 0x028F, 0x0329, 0x00B9, 0xFDAD,
    0xFBB1, 0xFC04, 0xFD15, 0xFC0D, 0xFBCE, 0xFCC4, 0xFDB9, 0xFD08,
    0xFBC4, 0xFC99, 0xFD25, 0xFDD4, 0xFD89, 0xFD71, 0xFE2B, 0xFEDD,
    0xFF9E, 0xFDF4, 0xFC13, 0xFA86, 0xF998, 0xFADE, 0xFD46, 0x0000,
    0x0272, 0x039E, 0x01FD, 0xFE95, 0xFCCC, 0xFB59, 0xF9BD, 0xF7E4,
    0xF699, 0xF75A, 0xF824, 0xF9E0, 0xFBC0, 0xFE80, 0x01BE, 0x03C7,
    0x0577, 0x0636, 0x06F5, 0x059A, 0x0235, 0xFFC9, 0xFDDA, 0xFC8A,
    0xFC0D, 0xFCA6, 0xFDF5, 0xFE64, 0xFE86, 0xFF1C, 0x0236, 0x05E5,
    0x0710, 0x078A, 0x078A, 0x07F5, 0x0699, 0x0431, 0x03B1, 0x03BE,
    0x0379, 0x022E, 0x019B, 0x00A5, 0xFF25, 0xFF58, 0xFEB0, 0xFDB3,
    0xFE97, 0x00FD, 0x0443, 0x0554, 0x055E, 0x04FB, 0x0425, 0x0229,
    0xFEAA, 0xFD45, 0xFD97, 0xFE70, 0xFE39, 0xFEC9, 0x011F, 0x0238,
    0x010B, 0xFF65, 0xFFED, 0x0020, 0xFE92, 0xFDB5, 0xFD1D, 0xFD80,
    0xFD7D, 0xFC9F, 0xFD6C, 0xFFCD, 0x02A1, 0x02B7, 0x032D, 0x0461,
    0x0534, 0x0605, 0x04A6, 0x035B, 0x0120, 0xFEF5, 0xFE3C, 0xFCBA,
    0xFB1E, 0xFAAD, 0xFB9D, 0xFC0A, 0xFCE3, 0xFF64, 0x010F, 0x0272,
    0x016B, 0xFF4A, 0x0012, 0x00CC, 0xFF82, 0xFD7C, 0xFBC6, 0xFABF,
    0xF988, 0xF759, 0xF763, 0xFA2D, 0xFB5E, 0xFB6F, 0xFCC4, 0xFE9C,
    0x0117, 0x01C6, 0x0120, 0x0178, 0x0142, 0xFFE9, 0xFDEC, 0xFDE0,
    0xFE59, 0xFEEE, 0x0019, 0x00AD, 0x0163, 0xFF78, 0xFCC9, 0xFA8F,
    0xF7C7, 0xF780, 0xF8DE, 0xFB0B, 0xFC41, 0xFD6B, 0xFF9C, 0x0180,
    0x025A, 0x020E, 0x02D9, 0x0430, 0x0428, 0x02C6, 0x016D, 0x0154,
    0x009F, 0xFE71, 0xFD48, 0xFE31, 0x0047, 0x00A4, 0x0072, 0x0023,
    0x00E6, 0x0329, 0x0368, 0x058F, 0x075B, 0x0724, 0x078B, 0x066A,
    0x05FC, 0x057D, 0x03CA, 0x016C, 0xFF9C, 0xFE1C, 0xFADC, 0xF998,
    0xF990, 0xFA5F, 0xFD4E, 0xFFBA, 0x0240, 0x052F, 0x0748, 0x0820,
    0x0834, 0x0643, 0x03C0, 0x036C, 0x01B3, 0xFEEB, 0xFDAD, 0xFD5C,
    0xFE67, 0xFF2F, 0xFE7E, 0xFD7A, 0xFDF0, 0xFEB2, 0xFE4C, 0x0002,
    0x0141, 0x0231, 0x02C4, 0x01F6, 0x028F, 0x01F4, 0x0148, 0x0155,
    0x014B, 0x01D1, 0x018F, 0x01FE, 0x0140, 0x006D, 0x0054, 0xFE7A,
    0xFD82, 0xFD2D, 0xFCAF, 0xFBBF, 0xF9F9, 0xF98A, 0xFA3E, 0xFCE1,
    0xFF4D, 0xFFCA, 0x005D, 0x002B, 0xFF0D, 0xFCD0, 0xFB15, 0xFB56,
    0xFB98, 0xFB84, 0xFAAA, 0xF992, 0xF91A, 0xF8C9, 0xF9B1, 0xFADE,
    0xFD15, 0xFF99, 0x0201, 0x034D, 0x03C0, 0x03E9, 0x01D5, 0x01AF,
    0x013E, 0x0143, 0x02A2, 0x0217, 0x01C9, 0x00AB, 0xFFD9, 0xFE3E,
    0xFB0C, 0xF91E, 0xF839, 0xF94F, 0xFB04, 0xFC42, 0xFEA5, 0x00B1,
    0x0312, 0x039F, 0x0288, 0x027D, 0x01CE, 0x014D, 0x00FF, 0x0198,
    0x0282, 0x0251, 0x0217, 0x0147, 0x00AA, 0x0043, 0x0087, 0x0105,
    0x008D, 0x00A5, 0x0013, 0xFFA5, 0x0080, 0x024B, 0x039F, 0x03ED,
    0x051B, 0x04BD, 0x047A, 0x04B5, 0x0383, 0x025C, 0x00E2, 0xFF96,
    0xFCC6, 0xF9E2, 0xF93D, 0xF92B, 0xFA74, 0xFBEE, 0xFDF5, 0x012E,
    0x0376, 0x053F, 0x05FA, 0x0697, 0x071F, 0x0715, 0x06E0, 0x0612,
    0x0632, 0x043C, 0x0043, 0xFE3F, 0xFCE8, 0xFC55, 0xFC17, 0xFCAF,
    0xFD3C, 0xFE32, 0xFFE2, 0xFFD6, 0x015C, 0x0296, 0x026B, 0x0316,
    0x0293, 0x01DE, 0x0168, 0x0130, 0x0137, 0x020D, 0x027A, 0x0156,
    0x0136, 0xFECB, 0xFB4A, 0xF902, 0xF6AE, 0xF5B8, 0xF5D2, 0xF720,
    0xF915, 0xFB0C, 0xFB05, 0xFBAA, 0xFE5C, 0xFFAC, 0xFF5C, 0xFF81,
    0xFF9F, 0x00A2, 0xFF96, 0xFCAD, 0xFB1D, 0xF9DE, 0xF98B, 0xF907,
    0xF9DC, 0xFB01, 0xFC80, 0xFD87, 0xFDAC, 0xFF9B, 0x0011, 0x002F,
    0x01B4, 0x0432, 0x069F, 0x0799, 0x07FD, 0x075D, 0x05A9, 0x038D,
    0x00A0, 0xFDDB, 0xFB60, 0xF9C6, 0xF92F, 0xF9E6, 0xFB21, 0xFB70,
    0xFD89, 0x0023, 0x00AB, 0x00F6, 0x019A, 0x0286, 0x024D, 0x0133,
    0x0100, 0x0221, 0x0393, 0x0277, 0x0253, 0x0356, 0x0272, 0x0218,
    0x0114, 0x009C, 0x0106, 0x00E8, 0xFFB4, 0xFF6F, 0xFFFC, 0xFDC1,
    0xFDEB, 0xFF25, 0xFFD5, 0x0134, 0x0162, 0x0194, 0x0236, 0x02C9,
    0x02A1, 0x02BA, 0x01FD, 0xFF70, 0xFEBB, 0xFE92, 0xFE12, 0xFE7E,
    0xFE3C, 0xFF39, 0x003B, 0x0016, 0x0125, 0x0359, 0x059A, 0x054E,
    0x051B, 0x0515, 0x058F, 0x065E, 0x048F, 0x0307, 0x0197, 0x0044,
    0xFFA8, 0xFFAE, 0x0191, 0x0312, 0x02FE, 0x021D, 0x0100, 0xFF93,
    0xFD6F, 0xFC23, 0xFBC6, 0xFCBD, 0xFD86, 0xFD39, 0xFDA6, 0xFE24,
    0xFEFB, 0xFEFC, 0xFEA4, 0xFEA2, 0xFD53, 0xFC53, 0xFB8A, 0xFB2A,
    0xFADE, 0xFB17, 0xFCAE, 0xFC84, 0xFBC1, 0xFB16, 0xFAD8, 0xFAC9,
    0xF92A, 0xF8C4, 0xF99B, 0xFACF, 0xFB1A, 0xFAEC, 0xFD37, 0xFF13,
    0x0022, 0x00A6, 0x0158, 0x0348, 0x02B2, 0x00FA, 0xFFB8, 0xFE60,
    0xFD65, 0xFE42, 0x013E, 0x0375, 0x0540, 0x05CB, 0x04DE, 0x046A,
    0x03D6, 0x02B6, 0x0116, 0xFF06, 0xFCC3, 0xFBD1, 0xFC7F, 0xFCC5,
    0xFDC3, 0xFECC, 0xFF5B, 0x00C8, 0x00B8, 0x00EC, 0x0161, 0x00E6,
    0xFF83, 0xFEDB, 0xFF98, 0xFF6B, 0x011A, 0x00DD, 0xFFE2, 0x00D0,
    0x007E, 0x0081, 0x0005, 0xFEF7, 0xFEDD, 0xFF76, 0x0090, 0x018D,
    0x0273, 0x0279, 0x023F, 0x0303, 0x0216, 0x00ED, 0x00D1, 0xFFF3,
    0xFFF6, 0x000B, 0xFF9E, 0x0022, 0x0098, 0xFFCB, 0xFF6F, 0x0070,
    0x00AD, 0x011A, 0x00ED, 0x00A2, 0x0078, 0x0007, 0x0124, 0x0333,
    0x0585, 0x0606, 0x0637, 0x0688, 0x0657, 0x06C1, 0x0596, 0x043F,
    0x034D, 0x023C, 0x022A, 0x016F, 0x00CA, 0x000D, 0xFE45, 0xFD3D,
    0xFBFB, 0xFB13, 0xFB3D, 0xFC73, 0xFD9C, 0xFD92, 0xFECD, 0xFFA9,
    0xFFE0, 0xFFFD, 0xFECF, 0xFDFC, 0xFC8D, 0xFAAD, 0xF978, 0xF828,
    0xF7E1, 0xF882, 0xF994, 0xFA42, 0xFC08, 0xFD2B, 0xFD6D, 0xFE47,
    0xFD5E, 0xFC23, 0xFAE4, 0xFA30, 0xFA31, 0xFB8F, 0xFE3A, 0x0020,
    0x0168, 0x0157, 0x0204, 0x02A4, 0x0100, 0x003B, 0xFF88, 0xFF29,
    0xFF17, 0xFE8C, 0xFE58, 0xFF86, 0x028D, 0x0341, 0x037A, 0x03EA,
    0x02CC, 0x023C, 0x00CE, 0x001E, 0x0039, 0xFF3A, 0xFF46, 0xFF35,
    0x004F, 0x00D3, 0x00F8, 0x004E, 0xFDD5, 0xFE17, 0xFDB9, 0xFC1F,
    0xFBAC, 0xFB11, 0xFACA, 0xFC4E, 0xFDFB, 0xFF79, 0x02A3, 0x04ED,
    0x03C0, 0x0276, 0x01D2, 0x01D1, 0x018E, 0x003F, 0x0055, 0x010D,
    0x0262, 0x0249, 0x0268, 0x0373, 0x0392, 0x044C, 0x03E5, 0x0306,
    0x037A, 0x022E, 0x00B7, 0xFF4C, 0xFFED, 0x0165, 0x0125, 0x016C,
    0x002B, 0x0061, 0x0161, 0x0242, 0x01A4, 0x0118, 0x02BA, 0x03DD,
    0x0543, 0x05AF, 0x05CC, 0x0550, 0x042C, 0x0329, 0x03ED, 0x0495,
    0x0539, 0x03F5, 0x0263, 0x02DC, 0x028F, 0x0321, 0x00B6, 0xFFDF,
    0xFDAB, 0xFB7F, 0xFBA9, 0xFAB9, 0xFBAE, 0xFBAA, 0xFB54, 0xFAC2,
    0xFD11, 0xFF34, 0xFF89, 0xFF99, 0xFCA0, 0xFBD9, 0xFBF4, 0xFAB2,
    0xFA21, 0xF921, 0xF98E, 0xFACE, 0xFAC1, 0xFB75, 0xFC5F, 0xFD1A,
    0xFD63, 0xFBAA, 0xFAB5, 0xFAB1, 0xFBED, 0xFBAC, 0xFCE6, 0xFEA3,
    0x010A, 0x02FD, 0x02C8, 0x040A, 0x031A, 0x0387, 0x00D6, 0xFF1D,
    0xFF8C, 0xFEAC, 0xFE62, 0xFE6E, 0x0103, 0x0302, 0x042B, 0x056B,
    0x03E7, 0x035C, 0x010B, 0xFEB8, 0xFCF2, 0xFACF, 0xFB58, 0xFB8B,
    0xFD0C, 0xFE7B, 0x0092, 0x02E9, 0x02D3, 0x02A0, 0x01E4, 0x028F,
    0x01F8, 0xFF3B, 0xFD7D, 0xFA2F, 0xFA9F, 0xF978, 0xFA08, 0xFB9F,
    0xFC24, 0xFDF5, 0xFD39, 0xFD93, 0xFF00, 0xFF65, 0xFF4D, 0xFE2B,
    0xFE04, 0xFFB8, 0x0067, 0x023A, 0x0221, 0x0304, 0x039E, 0x0285,
    0x01FF, 0x0223, 0x01B7, 0x0164, 0x0079, 0xFF21, 0xFEDE, 0xFF3E,
    0xFF51, 0xFD6F, 0xFE1F, 0xFC62, 0xFCD6, 0xFDAF, 0xFC7E, 0xFF5A,
    0xFFEE, 0x0319, 0x0384, 0x039C, 0x051A, 0x046C, 0x04F9, 0x0346,
    0x0423, 0x0414, 0x0289, 0x02A0, 0x0233, 0x01BD, 0x01E0, 0xFFE5,
    0xFE93, 0xFD82, 0xFD33, 0xFBCF, 0xFC11, 0xFCD4, 0xFA73, 0xFBC4,
    0xFAC7, 0xFCB0, 0xFDE9, 0xFD6A, 0xFEA6, 0xFD70, 0xFCEC, 0xFC22,
    0xFCE8, 0xFC77, 0xFC9E, 0xFE16, 0xFE06, 0x005C, 0x0036, 0xFF6C,
    0xFFDC, 0xFEF6, 0xFEBE, 0xFC01, 0xFAFA, 0xFA54, 0xF9DF, 0xFABA,
    0xFBAA, 0xFF82, 0x0101, 0x0365, 0x065A, 0x06BB, 0x06DE, 0x0422,
    0x0276, 0x0006, 0xFD67, 0xFD58, 0xFC6E, 0xFF78, 0x01AC, 0x02D7,
    0x03E0, 0x02E4, 0x03FF, 0x02BD, 0x0237, 0x0161, 0xFE33, 0xFD8F,
    0xFC3A, 0xFCEA, 0xFCD1, 0xFCCA, 0xFF22, 0x008F, 0x02F6, 0x02E7,
    0x0505, 0x0530, 0x02CD, 0x0225, 0xFF66, 0xFF21, 0xFF3E, 0xFF2C,
    0xFF26, 0xFEF9, 0xFFAB, 0xFE79, 0xFFFF, 0x0134, 0x009F, 0x018A,
    0x002E, 0x0113, 0x0268, 0x0280, 0x0469, 0x0493, 0x0595, 0x060F,
    0x065C, 0x04BD, 0x02CC, 0x045B, 0x0212, 0x022D, 0x027F, 0x020C,
    0x042E, 0x0388, 0x02A1, 0x01F1, 0x0192, 0x0167, 0x001B, 0xFF87,
    0xFE3C, 0xFEF1, 0xFF59, 0xFF15, 0x0198, 0x011F, 0x0271, 0x02D0,
    0x03C2, 0x052D, 0x0492, 0x0510, 0x02BE, 0x0425, 0x046A, 0x03AF,
    0x01DC, 0xFEBF, 0xFF4C, 0xFD83, 0xFCB5, 0xFC56, 0xFBD5, 0xFC70,
    0xFB54, 0xFBF4, 0xFC08, 0xFCF9, 0xFE68, 0xFC96, 0xFCC4, 0xFC33,
    0xFC6B, 0xFDBB, 0xFC95, 0xFC7B, 0xFB56, 0xFC9F, 0xFE16, 0xFE9E,
    0x0154, 0x01F5, 0x0210, 0xFFE5, 0xFF24, 0xFDFA, 0xFAED, 0xF9AA,
    0xF7C0, 0xF971, 0xFB2E, 0xFC55, 0xFEF1, 0x00A3, 0x0303, 0x033F,
    0x034B, 0x0300, 0x01B4, 0x01FB, 0xFF95, 0xFEAA, 0xFDBC, 0xFC42,
    0xFE38, 0xFEBD, 0xFFDD, 0x003D, 0x01F4, 0x025C, 0x0054, 0xFFE7,
    0xFD2A, 0xFD45, 0xFD6D, 0xFC15, 0xFC7B, 0xFB16, 0xFAFD, 0xFA83,
    0xFB19, 0xFCAA, 0xFD93, 0xFEEB, 0xFDF4, 0xFF8F, 0x0081, 0x0066,
    0x01AF, 0x0194, 0x0232, 0x01F2, 0x01CF, 0x020B, 0x0165, 0x0143,
    0xFF86, 0xFE34, 0xFD3A, 0xFD6E, 0xFF78, 0xFF96, 0x0180, 0x01B2,
    0x0238, 0x03D0, 0x0342, 0x0353, 0x0268, 0x0315, 0x024B, 0x0172,
    0x02C5, 0x0313, 0x0473, 0x0405, 0x031A, 0x031B, 0x020A, 0x01B4,
    0xFF9E, 0xFF98, 0xFFEA, 0xFF2A, 0xFFD3, 0xFE7B, 0xFFA9, 0xFFB6,
    0xFF7A, 0x0168, 0x0239, 0x035D, 0x02BC, 0x03B2, 0x03E1, 0x041E,
    0x0538, 0x0330, 0x01A0, 0xFF25, 0xFDF0, 0xFE18, 0xFD07, 0xFCD0,
    0xFB23, 0xFAB3, 0xFC0E, 0xFC4F, 0xFE24, 0xFE9A, 0xFF76, 0xFEF0,
    0xFD00, 0xFD0A, 0xFC06, 0xFC4D, 0xFA9C, 0xF9E7, 0xFA9C, 0xFA85,
    0xFC4B, 0xFD40, 0xFFE0, 0x0134, 0x01BE, 0x0253, 0x014E, 0x0151,
    0xFF00, 0xFCFD, 0xFB0E, 0xF975, 0xF982, 0xF9B9, 0xFC9F, 0xFE3F,
    0xFFAA, 0x00FD, 0xFFF9, 0x007E, 0xFF3F, 0xFF72, 0x00F5, 0x0115,
    0x018D, 0x0063, 0x00B6, 0x0042, 0x0011, 0x007C, 0x0000, 0x00FA,
    0xFFA8, 0xFF37, 0xFFA8, 0xFEC6, 0xFEF7, 0xFD6B, 0xFCF4, 0xFC73,
    0xFBA7, 0xFCAB, 0xFCE0, 0xFE6C, 0xFD91, 0xFD7C, 0xFDCA, 0xFE09,
    0x0077, 0x00C2, 0x0240, 0x02E4, 0x02D1, 0x0353, 0x03C3, 0x0456,
    0x02D9, 0x021D, 0x00AF, 0xFF8F, 0xFFD3, 0xFE8C, 0x0019, 0x011C,
    0x007E, 0x011C, 0x00CC, 0x0224, 0x0249, 0x0288, 0x01FF, 0x00DE,
    0x017A, 0x0065, 0x01C8, 0x0232, 0x0284, 0x0419, 0x02D1, 0x029E,
    0x01FD, 0x0257, 0x02B6, 0x02A5, 0x0363, 0x026F, 0x0361, 0x0252,
    0x0104, 0x0160, 0xFFA1, 0xFF20, 0xFDF0, 0xFD8A, 0xFF20, 0x019E,
    0x03B4, 0x0418, 0x0489, 0x0386, 0x02D2, 0x01FB, 0x004E, 0x0178,
    0x00DB, 0xFFB6, 0xFE3D, 0xFC71, 0xFD46, 0xFCCA, 0xFD36, 0xFC8A,
    0xFD7C, 0xFF84, 0xFF71, 0x007D, 0xFDFE, 0xFBA3, 0xFA2D, 0xF8A8,
    0xF9DE, 0xFB5D, 0xFE2B, 0x010D, 0x026F, 0x01B5, 0x005D, 0x00B3,
    0xFFBD, 0xFF33, 0xFF0C, 0xFE12, 0xFE03, 0xFB9C, 0xFA59, 0xFAE2,
    0xFB8D, 0xFC37, 0xFC90, 0xFE67, 0xFEDF, 0xFFA5, 0xFF02, 0xFDAF,
    0xFEC1, 0xFE5A, 0xFFAC, 0x00E3, 0x00D0, 0x01D3, 0x01A2, 0x0131,
    0xFE83, 0xFD98, 0xFDC0, 0xFE50, 0x002B, 0xFEC7, 0xFF8F, 0xFF45,
    0xFD5E, 0xFC84, 0xFB5B, 0xFCB9, 0xFDEC, 0xFDCA, 0xFCBF, 0xFC39,
    0xFCCB, 0xFC62, 0xFD51, 0xFE74, 0xFF73, 0x01DB, 0x023A, 0x048E,
    0x0694, 0x05EA, 0x0509, 0x036A, 0x0341, 0x027A, 0x02AA, 0x016E,
    0x00CE, 0x012B, 0xFEBC, 0xFE69, 0xFD17, 0xFCBB, 0xFDE6, 0xFED3,
    0x0021, 0xFFE0, 0x0132, 0x027B, 0x0470, 0x04E1, 0x0333, 0x04B3,
    0x03A4, 0x01D0, 0x011F, 0x0062, 0x01A8, 0x0235, 0x01EC, 0x010E,
    0x0196, 0x018C, 0x001F, 0x0049, 0xFFFA, 0xFFFC, 0x000D, 0xFF16,
    0x00AD, 0x017F, 0x0132, 0x011A, 0x010C, 0x01BF, 0x01C2, 0x028C,
    0x00E8, 0xFFEE, 0xFE9E, 0xFC70, 0xFCBE, 0xFBF2, 0xFD3F, 0xFEA4,
    0xFF72, 0xFFEA, 0xFE20, 0xFE29, 0xFEA0, 0xFF0D, 0xFDD9, 0xFC4A,
    0xFE12, 0xFD4F, 0xFCD2, 0xFBC9, 0xFB6C, 0xFDF7, 0xFE49, 0xFEB9,
    0xFECC, 0xFF34, 0xFE48, 0xFCAF, 0xFD8C, 0xFD5E, 0xFE49, 0xFE7F,
    0xFEAA, 0x00C4, 0xFFDF, 0xFED8, 0xFD68, 0xFBAF, 0xFB74, 0xFB81,
    0xFC80, 0xFC6D, 0xFD1B, 0xFD67, 0xFDAF, 0xFEFB, 0xFDBF, 0xFEB5,
    0x00B3, 0x01C3, 0x01D1, 0x00A1, 0x00BE, 0x00F2, 0x01BC, 0x0007,
    0xFF8A, 0x00A1, 0xFF06, 0xFEB9, 0xFD8F, 0xFC67, 0xFC4B, 0xFB62,
    0xFB5D, 0xFC1D, 0xFD69, 0xFD61, 0xFE9A, 0x00E8, 0x011E, 0x02C7,
    0x028A, 0x02CC, 0x042A, 0x0336, 0x0384, 0x0455, 0x0542, 0x0567,
    0x0501, 0x04AC, 0x030E, 0x0224, 0x002D, 0xFF62, 0xFEC8, 0xFBD7,
    0xFBE4, 0xFD46, 0xFEA7, 0xFF10, 0xFF7B, 0x01C9, 0x0376, 0x045D,
    0x0348, 0x035B, 0x044A, 0x032C, 0x02D3, 0x01FE, 0x029A, 0x02E8,
    0x020F, 0x02A5, 0x01EB, 0x0145, 0x0015, 0x00AC, 0x00E5, 0xFF92,
    0xFFF7, 0xFFAC, 0x0067, 0x00A5, 0x0029, 0x0124, 0x012A, 0x0147,
    0x00E8, 0x005C, 0xFFC3, 0xFE49, 0xFE6F, 0xFEBD, 0x009B, 0x004A,
    0xFECB, 0x00D3, 0x01C6, 0x01D5, 0x0058, 0xFEF5, 0xFF07, 0xFE17,
    0xFCF3, 0xFBA9, 0xFDBB, 0xFF0D, 0xFF8A, 0x0034, 0xFE7B, 0xFF64,
    0xFF7C, 0xFE99, 0xFE60, 0xFD50, 0xFC5A, 0xFBD1, 0xFD4D, 0xFCF1,
    0xFCD7, 0xFE68, 0xFF06, 0x00ED, 0x008E, 0xFF00, 0xFF68, 0xFE72,
    0xFD99, 0xFCAD, 0xFC9E, 0xFCB7, 0xFC50, 0xFC47, 0xFBC9, 0xFD21,
    0xFC31, 0xFBAE, 0xFEA2, 0x00A9, 0x0268, 0x025C, 0x026E, 0x02C2,
    0x02B3, 0x01FF, 0x00CE, 0x0274, 0x0210, 0x00AA, 0xFEBE, 0xFB6D,
    0xFA3C, 0xF93B, 0xF9D0, 0xFB19, 0xFC02, 0xFD6B, 0xFEF2, 0x00E0,
    0x00D0, 0x012C, 0x0289, 0x02F9, 0x045E, 0x03C7, 0x04BB, 0x06CE,
    0x061E, 0x058A, 0x0428, 0x03B6, 0x02EE, 0x01CE, 0x0137, 0x008A,
    0x006F, 0xFE6F, 0xFEC2, 0xFFA5, 0xFF6B, 0x0000, 0xFEE1, 0x0007,
    0x0123, 0x017B, 0x0187, 0x0195, 0x038C, 0x0399, 0x0448, 0x044D,
    0x042D, 0x0582, 0x046F, 0x037B, 0x0183, 0xFF7B, 0xFF53, 0xFF58,
    0xFFC0, 0xFFC3, 0x0095, 0x00C8, 0x012F, 0x01F8, 0x00CD, 0x0162,
    0x01D6, 0x006C, 0xFEF4, 0xFC64, 0xFB65, 0xFACE, 0xFBE4, 0xFD52,
    0xFFBD, 0x024A, 0x0272, 0x0527, 0x0562, 0x0549, 0x044E, 0x00DB,
    0xFFFA, 0xFEB7, 0xFD7C, 0xFBFE, 0xFC23, 0xFD0B, 0xFBE2, 0xFCA9,
    0xFC08, 0xFC70, 0xFDB0, 0xFC78, 0xFC92, 0xFB85, 0xFBE3, 0xFDF6,
    0xFEBF, 0xFF35, 0xFF02, 0xFF57, 0xFEB0, 0xFF28, 0xFF9E, 0xFEAE,
    0xFF77, 0xFE97, 0xFCD4, 0xFB42, 0xFA46, 0xFB12, 0xFB5F, 0xFCC7,
    0xFD1D, 0xFD64, 0xFDA3, 0xFCB4, 0xFE1F, 0xFE6D, 0xFFDF, 0x002B,
    0xFFF2, 0x026E, 0x0312, 0x0409, 0x0344, 0x03A9, 0x0391, 0x0070,
    0xFEC3, 0xFBC5, 0xFACC, 0xF9EF, 0xF8E7, 0xF9E9, 0xF987, 0xFBC2,
    0xFDDA, 0xFFBA, 0x02AD, 0x0353, 0x043E, 0x04A0, 0x0561, 0x04E9,
    0x0439, 0x046D, 0x02EB, 0x01FF, 0x0138, 0x0178, 0x0297, 0x028E,
    0x02FD, 0x02AC, 0x0284, 0x02E9, 0x038A, 0x03B8, 0x0200, 0x012F,
    0xFE7C, 0xFCC1, 0xFD4E, 0xFCDC, 0xFE1F, 0xFF18, 0x019F, 0x0316,
    0x02C9, 0x03C6, 0x039E, 0x053D, 0x048C, 0x038B, 0x038C, 0x024C,
    0x0203, 0xFFEC, 0xFFA2, 0x001A, 0xFFBA, 0x0023, 0x005F, 0x01FD,
    0x0183, 0x0054, 0x005C, 0xFEE4, 0xFDA8, 0xFC19, 0xFBE5, 0xFCAC,
    0xFCB9, 0xFDE7, 0xFE7D, 0x0094, 0x0227, 0x02E6, 0x04A4, 0x0435,
    0x03BF, 0x019F, 0x00B2, 0x013C, 0x007F, 0xFFC4, 0xFE3E, 0xFE3D,
    0xFC9B, 0xFB08, 0xFAD2, 0xFA11, 0xFAFE, 0xFA39, 0xFA0F, 0xFB35,
    0xFCAF, 0xFE5C, 0xFE2D, 0xFFCE, 0xFFFA, 0xFF0E, 0xFE78, 0xFD76,
    0xFE56, 0xFD40, 0xFC46, 0xFC9F, 0xFC65, 0xFCA9, 0xFC1F, 0xFD35,
    0xFE07, 0xFE84, 0xFF0B, 0xFE40, 0xFFBE, 0xFF04, 0xFD6F, 0xFD21,
    0xFC15, 0xFC9D, 0xFC73, 0xFE59, 0x0080, 0x0201, 0x02B6, 0x027B,
    0x0362, 0x0130, 0x0013, 0xFF84, 0xFEAA, 0xFE45, 0xFBE6, 0xFAE7,
    0xFB03, 0xFBDB, 0xFCFD, 0xFE2B, 0x0131, 0x0293, 0x0345, 0x03F2,
    0x0506, 0x0705, 0x05AB, 0x04BE, 0x03C1, 0x0296, 0x01EA, 0x007C,
    0x0125, 0x005E, 0x00B5, 0x0193, 0x02DA, 0x0605, 0x0601, 0x05FC,
    0x048B, 0x02AA, 0x0161, 0xFDCD, 0xFCFF, 0xFC8F, 0xFBF6, 0xFC4F,
    0xFDA5, 0xFFCD, 0xFF82, 0x00BD, 0x01A7, 0x02E1, 0x0417, 0x02E0,
    0x03E6, 0x0416, 0x035D, 0x0202, 0x0067, 0x0075, 0xFFFF, 0xFF82,
    0xFF0D, 0x0082, 0x01D4, 0x001B, 0xFF99, 0xFE4F, 0xFC41, 0xFBA9,
    0xFBF7, 0xFE38, 0xFEA4, 0xFEE7, 0xFECF, 0xFFDD, 0x019A, 0x011A,
    0x02D0, 0x032E, 0x030C, 0x02BD, 0x0156, 0x028C, 0x02C3, 0x0181,
    0xFFF6, 0xFF9E, 0xFECD, 0xFBFB, 0xFB5A, 0xFA1E, 0xF930, 0xF8D6,
    0xF84F, 0xFB1A, 0xFD64, 0xFED7, 0xFF6A, 0xFFA3, 0x010C, 0x0055,
    0xFF6A, 0xFE35, 0xFD93, 0xFCE1, 0xFB00, 0xFBBD, 0xFBF7, 0xFBEF,
    0xFC15, 0xFC9D, 0xFDBA, 0xFD40, 0xFE56, 0xFFA6, 0x017E, 0x027E,
    0x0119, 0x010E, 0xFF6E, 0xFDA0, 0xFB89, 0xFA83, 0xFCAC, 0xFD9D,
    0xFE84, 0xFF39, 0x0059, 0xFFDE, 0xFE0C, 0xFF01, 0xFFC2, 0x00A9,
    0x003D, 0xFF0B, 0xFFCB, 0xFF47, 0xFEE4, 0xFE49, 0xFF2B, 0x00A8,
    0x0111, 0x02E3, 0x04AE, 0x067F, 0x064C, 0x051D, 0x04D5, 0x0399,
    0x02D3, 0x01AF, 0x00C7, 0x0034, 0xFF75, 0x013A, 0x02BB, 0x0479,
    0x053D, 0x04AC, 0x04C9, 0x0380, 0x0253, 0xFFEC, 0xFEDA, 0xFEFD,
    0xFD2D, 0xFCFE, 0xFDFB, 0xFF30, 0xFF58, 0xFF33, 0x0041, 0x00A8,
    0x017D, 0x0169, 0x0171, 0x0362, 0x03EE, 0x03C0, 0x02DF, 0x0286,
    0x01A3, 0xFFC9, 0xFEBB, 0xFE7F, 0xFFAD, 0xFEAF, 0xFE8A, 0xFF6C,
    0xFE36, 0xFE39, 0xFE19, 0xFE2C, 0xFEA3, 0xFF94, 0x0055, 0x00A5,
    0x021F, 0x00EA, 0x0028, 0x0025, 0xFE99, 0xFEF0, 0xFEDA, 0x004C,
    0x0221, 0x011F, 0x0155, 0x0171, 0x0115, 0xFF15, 0xFD37, 0xFBB2,
    0xF9AB, 0xFA5C, 0xFA16, 0xFA91, 0xFC1E, 0xFC04, 0xFBF2, 0xFC1B,
    0xFCEC, 0xFD7A, 0xFDE9, 0xFE61, 0xFEF0, 0xFFBC, 0xFEB2, 0xFE53,
    0xFE0F, 0xFC3E, 0xFBC0, 0xFAF3, 0xFB08, 0xFC39, 0xFDE3, 0xFEE2,
    0xFFBC, 0x01CD, 0x0174, 0x015C, 0x014B, 0xFFDA, 0xFEC8, 0xFCB8,
    0xFD1A, 0xFD16, 0xFC2D, 0xFD21, 0xFD4D, 0xFE86, 0xFEE9, 0xFF4F,
    0xFF6F, 0xFF7B, 0x0077, 0xFF60, 0x005B, 0x0143, 0x00A3, 0x00D5,
    0xFF89, 0x007F, 0x0194, 0x01BB, 0x0331, 0x04A9, 0x0584, 0x0515,
    0x059C, 0x0505, 0x03F1, 0x02FF, 0x002A, 0x0009, 0x016C, 0x01AA,
    0x026C, 0x02E8, 0x02A3, 0x0135, 0x0082, 0xFFBD, 0xFF77, 0xFEFD,
    0xFDA3, 0xFFB3, 0x000F, 0x0047, 0x0192, 0x0137, 0x011A, 0x0012,
    0xFF39, 0xFF35, 0x00A2, 0x0158, 0x0089, 0x0263, 0x0248, 0x016F,
    0x01CD, 0x0114, 0x02C0, 0x02A2, 0x0179, 0x00F9, 0x009A, 0xFFE5,
    0xFE54, 0xFE9D, 0xFDEE, 0xFE5F, 0xFF00, 0xFE05, 0xFED1, 0xFF3B,
    0xFF25, 0x002C, 0x01A9, 0x0239, 0x0232, 0x01BD, 0x0043, 0xFF88,
    0xFE80, 0xFD88, 0xFEAF, 0xFEA6, 0xFF8B, 0x0104, 0x0101, 0x00BD,
    0xFE85, 0xFC64, 0xFB72, 0xFBC4, 0xFC01, 0xFBAF, 0xFD0D, 0xFC0D,
    0xFAF6, 0xFA18, 0xFA63, 0xFCB3, 0xFC9E, 0xFDDD, 0xFF47, 0x00A9,
    0x0152, 0x0055, 0xFFF8, 0xFE16, 0xFC5A, 0xFA51, 0xFA20, 0xFC36,
    0xFCF5, 0xFE14, 0xFF6F, 0x006F, 0x009E, 0x000C, 0x0042, 0x009A,
    0x0020, 0xFE99, 0xFE49, 0xFE90, 0xFD55, 0xFDB1, 0xFDBD, 0xFE12,
    0xFF4D, 0xFED4, 0xFF34, 0xFF73, 0xFF2D, 0xFE8C, 0xFF7E, 0x0157,
    0x0148, 0x0270, 0x0268, 0x02CE, 0x03C9, 0x02DC, 0x0397, 0x042E,
    0x0484, 0x0460, 0x045D, 0x0457, 0x0284, 0x0111, 0xFF70, 0x002A,
    0x024B, 0x02A9, 0x0388, 0x041E, 0x03B2, 0x0298, 0x01B2, 0x0100,
    0xFFD9, 0xFF12, 0xFE14, 0xFE6E, 0xFF63, 0xFEE0, 0x0030, 0x015F,
    0x0234, 0x01C6, 0xFFD6, 0x0002, 0xFF8E, 0xFFC1, 0xFFAC, 0x0114,
    0x0325, 0x027F, 0x032E, 0x02F1, 0x02EB, 0x0256, 0x011C, 0x01CD,
    0x01D8, 0x01CF, 0x003B, 0xFF63, 0xFEB8, 0xFC96, 0xFBDE, 0xFB7C,
    0xFD3B, 0xFE57, 0xFEAA, 0x006A, 0x0168, 0x01E5, 0x0138, 0x0103,
    0x00D7, 0xFF88, 0xFF6B, 0xFF28, 0xFFEA, 0xFFB3, 0xFEFE, 0xFF94,
    0xFF3B, 0xFF7A, 0xFE25, 0xFD5D, 0xFDED, 0xFD5C, 0xFD3A, 0xFC42,
    0xFC8D, 0xFC1F, 0xFB1A, 0xFC1E, 0xFC59, 0xFD0B, 0xFC4A, 0xFC52,
    0xFDE6, 0xFDD1, 0xFE1A, 0xFE1B, 0xFF3C, 0x0003, 0xFE9E, 0xFD6E,
    0xFCA0, 0xFD34, 0xFCF0, 0xFD7D, 0x0014, 0x010C, 0x018A, 0x0116,
    0x0075, 0xFEFD, 0xFC8A, 0xFBCE, 0xFC50, 0xFDA1, 0xFDE4, 0xFEC5,
    0xFFC4, 0xFF04, 0xFEFA, 0xFD91, 0xFDA3, 0xFED4, 0xFEE2, 0x0029,
    0x0133, 0x023C, 0x0148, 0x010F, 0x0290, 0x0303, 0x03B8, 0x035D,
    0x03EE, 0x0474, 0x0376, 0x0358, 0x027A, 0x0230, 0x015C, 0x009E,
    0x018B, 0x01F4, 0x03B7, 0x03F0, 0x03F4, 0x04A5, 0x03AF, 0x034C,
    0x026B, 0x01BB, 0xFFE6, 0xFE5A, 0xFEC0, 0xFE4C, 0xFEF5, 0xFECC,
    0xFFAC, 0x00E8, 0x0142, 0x020C, 0x0099, 0x0040, 0xFF84, 0xFEE0,
    0xFFBF, 0x00AD, 0x0237, 0x01EE, 0x0222, 0x030B, 0x0253, 0x01C3,
    0x00AB, 0x0157, 0x012F, 0x00AC, 0x0133, 0x0093, 0x007E, 0xFE78,
    0xFD2D, 0xFC84, 0xFC31, 0xFCE5, 0xFD24, 0xFECC, 0xFF47, 0xFED3,
    0xFEDC, 0xFED5, 0xFF73, 0xFE90, 0xFEBC, 0x0000, 0xFFE4, 0x0079,
    0x00D9, 0x01BE, 0x00CF, 0xFF6B, 0xFED9, 0xFD2E, 0xFD98, 0xFCDB,
    0xFCDC, 0xFD8B, 0xFCF2, 0xFD8F, 0xFD28, 0xFD4D, 0xFCC3, 0xFB5C,
    0xFB4F, 0xFBBD, 0xFD8E, 0xFD54, 0xFDD8, 0xFEF5, 0xFE2C, 0xFE12,
    0xFD7A, 0xFDD2, 0xFE02, 0xFE99, 0xFF7C, 0xFF60, 0x0031, 0xFFEB,
    0x0003, 0x000A, 0xFECA, 0xFEC6, 0xFE0D, 0xFE51, 0xFE04, 0xFCFE,
    0xFD2F, 0xFD58, 0xFEC5, 0xFE93, 0xFF47, 0x0011, 0xFE7B, 0xFE2D,
    0xFD8B, 0xFEF3, 0x0018, 0x0128, 0x02F0, 0x02BC, 0x0403, 0x0319,
    0x028B, 0x033A, 0x0307, 0x043B, 0x040E, 0x0449, 0x04A5, 0x0363,
    0x0211, 0x00CB, 0x0115, 0x00DF, 0x019F, 0x02F6, 0x026E, 0x039B,
    0x03E8, 0x03B9, 0x0300, 0x0168, 0x006C, 0xFF6C, 0x005B, 0xFFD3,
    0xFFB0, 0x001C, 0x0002, 0x0097, 0xFF6C, 0xFFD8, 0xFFBF, 0xFEC8,
    0xFF20, 0xFF23, 0x0130, 0x0113, 0x0100, 0x0234, 0x01A3, 0x01B6,
    0x0037, 0x004D, 0x010C, 0x0116, 0x00DB, 0xFF5E, 0x0075, 0x00D8,
    0x0002, 0x002F, 0xFF90, 0xFF56, 0xFE0C, 0xFD79, 0xFD39, 0xFC80,
    0xFD0D, 0xFD0E, 0xFE4C, 0xFDD8, 0xFD26, 0xFE12, 0xFE33, 0xFF3C,
    0xFF91, 0x0113, 0x0201, 0x020C, 0x01BB, 0x008E, 0x0137, 0xFF72,
    0xFDA5, 0xFDB5, 0xFD41, 0xFDE1, 0xFCD5, 0xFD5C, 0xFEBD, 0xFD9F,
    0xFC4F, 0xFB1C, 0xFBCE, 0xFB9D, 0xFC21, 0xFD14, 0xFC9F, 0xFEA1,
    0xFEBF, 0xFE76, 0xFE54, 0xFCF1, 0xFC76, 0xFC0D, 0xFD8E, 0xFE3A,
    0xFEF3, 0x0012, 0x0052, 0x013F, 0xFF71, 0xFEA7, 0xFEF6, 0xFE56,
    0xFE65, 0xFE0A, 0xFE27, 0xFDEB, 0xFE32, 0xFE32, 0xFE31, 0xFF95,
    0xFE83, 0xFE22, 0xFEE0, 0xFF93, 0x005E, 0xFF85, 0x00F5, 0x01DF,
    0x01DF, 0x022F, 0x01EA, 0x02EE, 0x02C4, 0x0452, 0x056A, 0x0571,
    0x0688, 0x054B, 0x04E5, 0x03F5, 0x02B0, 0x01CA, 0x0136, 0x0241,
    0x017D, 0x014D, 0x0207, 0x02D7, 0x0244, 0xFFFF, 0x001D, 0x002E,
    0xFFF2, 0x011B, 0x016F, 0x026D, 0x0268, 0x020F, 0x0173, 0x00EF,
    0x0099, 0xFDB4, 0xFD06, 0xFD69, 0xFE90, 0xFFB4, 0xFF76, 0x01ED,
    0x01E4, 0x00C8, 0x00F3, 0x0071, 0x00E6, 0x0066, 0x00F5, 0x005E,
    0xFFE3, 0x006A, 0xFF77, 0x0023, 0xFF4B, 0xFEA3, 0xFEC6, 0xFEB7,
    0xFF45, 0xFE2D, 0xFD80, 0xFDB2, 0xFE14, 0xFD53, 0xFC7E, 0xFDFF,
    0xFD84, 0xFD27, 0xFE6B, 0xFF7F, 0x00DD, 0x00BC, 0x00E6, 0x00D7,
    0x0134, 0x00C0, 0xFF18, 0xFF5E, 0xFF01, 0xFFA4, 0xFF8A, 0xFE5D,
    0xFEEC, 0xFCCF, 0xFB2E, 0xFA85, 0xFA46, 0xFB4A, 0xFB99, 0xFD75,
    0xFD82, 0xFE36, 0xFF31, 0xFE44, 0xFE75, 0xFD00, 0xFC32, 0xFBDE,
    0xFBCA, 0xFCCC, 0xFD21, 0xFEF6, 0xFFF5, 0x005F, 0xFFF2, 0xFEEE,
    0xFFBA, 0xFF30, 0xFE84, 0xFE4A, 0xFECF, 0xFF1A, 0xFEA0, 0xFF12,
    0xFEA3, 0xFF2F, 0xFF1B, 0xFE7F, 0xFF96, 0xFFC9, 0x0059, 0xFFC7,
    0xFF80, 0x0025, 0xFF79, 0x005F, 0x00D0, 0x020E, 0x0373, 0x0400,
    0x05DD, 0x05A4, 0x0639, 0x0662, 0x05ED, 0x05FE, 0x0470, 0x046E,
    0x03DB, 0x02EF, 0x0271, 0x0199, 0x01CB, 0x00CE, 0xFF78, 0xFDA1,
    0xFD23, 0xFE34, 0xFE5E, 0xFFE6, 0x0148, 0x02F9, 0x0405, 0x0377,
    0x0304, 0x0206, 0x0115, 0xFEF2, 0xFDB6, 0xFD00, 0xFC4A, 0xFD4B,
    0xFD44, 0xFDF0, 0xFF03, 0xFF40, 0x008F, 0x0124, 0x0233, 0x0275,
    0x0259, 0x028D, 0x0170, 0x023A, 0x017C, 0x00A2, 0xFFC7, 0xFD95,
    0xFE02, 0xFD8C, 0xFD14, 0xFD2A, 0xFD72, 0xFDEE, 0xFDB3, 0xFE7A,
    0xFE54, 0xFEBF, 0xFF7D, 0xFF0A, 0xFFFC, 0x005A, 0x009C, 0x0014,
    0xFF4A, 0xFF51, 0xFF5F, 0x0003, 0xFF2E, 0xFF89, 0xFFBA, 0xFF55,
    0xFFFF, 0xFEBD, 0xFE67, 0xFDFB, 0xFCE4, 0xFC85, 0xFC2B, 0xFD08,
    0xFD2E, 0xFDFD, 0xFEBE, 0xFE84, 0xFF45, 0xFE03, 0xFD45, 0xFC10,
    0xFA8E, 0xFB2F, 0xFB03, 0xFBBB, 0xFC22, 0xFCE6, 0xFD5A, 0xFD6B,
    0xFEBC, 0xFF2C, 0x005D, 0x0058, 0xFF8D, 0xFFE7, 0xFFAB, 0x0072,
    0x0079, 0x00A3, 0x0135, 0x00B4, 0x0034, 0xFECC, 0xFEBB, 0xFDE3,
    0xFDE4, 0xFEBD, 0xFE8B, 0x0068, 0x00EA, 0x0166, 0x024E, 0x023D,
    0x0397, 0x0420, 0x0512, 0x0544, 0x0550, 0x0554, 0x040B, 0x04B5,
    0x042C, 0x0492, 0x057A, 0x04E3, 0x05CD, 0x04A2, 0x02EA, 0x00B6,
    0xFF45, 0xFEE7, 0xFDD3, 0xFE2A, 0xFDCA, 0xFEA3, 0x0008, 0x0062,
    0x022A, 0x021A, 0x01F4, 0x01CC, 0x0115, 0x009D, 0xFF6D, 0xFED5,
    0xFD68, 0xFDAD, 0xFD56, 0xFC4B, 0xFDA7, 0xFDD7, 0xFF3F, 0x0062,
    0x005F, 0x00DA, 0x0073, 0x0155, 0x0224, 0x02E6, 0x0255, 0x00FE,
    0x0149, 0xFF7B, 0xFF28, 0xFEA3, 0xFCDB, 0xFD46, 0xFCD9, 0xFCED,
    0xFD78, 0xFEF8, 0xFFC3, 0xFF80, 0x0061, 0xFFFD, 0x00BB, 0x0116,
    0x006F, 0x0087, 0xFF2E, 0xFE96, 0xFEFA, 0xFFE2, 0x0034, 0xFFD0,
    0x002C, 0xFF8C, 0xFFCC, 0xFF13, 0xFDC7, 0xFE13, 0xFD4D, 0xFD59,
    0xFD1E, 0xFCEA, 0xFCC2, 0xFC42, 0xFDD2, 0xFE49, 0xFED0, 0xFDE4,
    0xFCA1, 0xFD51, 0xFC2D, 0xFCA0, 0xFC1F, 0xFBFA, 0xFD18, 0xFC90,
    0xFC91, 0xFC41, 0xFD48, 0xFE0C, 0xFE03, 0xFEC7, 0xFEFF, 0x005F,
    0x00C2, 0x0143, 0x0217, 0x0102, 0x014E, 0x015F, 0x01EC, 0x01CC,
    0x0026, 0xFED7, 0xFD5A, 0xFD9A, 0xFD62, 0xFEB6, 0x00C4, 0x0154,
    0x02FB, 0x0305, 0x0339, 0x02F4, 0x0257, 0x032D, 0x031D, 0x02D4,
    0x0165, 0x01D4, 0x032A, 0x035D, 0x0459, 0x03FB, 0x048F, 0x0511,
    0x03A9, 0x02E7, 0x020F, 0x01FB, 0x00F6, 0xFFE9, 0xFF1C, 0xFE0C,
    0xFF13, 0xFEEC, 0xFFE1, 0x00D6, 0x006C, 0x0171, 0x0190, 0x0192,
    0x00A0, 0xFFFD, 0xFF5E, 0xFE3C, 0xFE9A, 0xFDCE, 0xFE30, 0xFEEB,
    0xFE65, 0xFF7F, 0xFF65, 0xFF76, 0xFF96, 0x009C, 0x0281, 0x02F9,
    0x02B6, 0x00F9, 0x0157, 0x0170, 0x0044, 0x000B, 0xFE30, 0xFD9C,
    0xFD74, 0xFD2D, 0xFD85, 0xFE96, 0xFFBB, 0xFEED, 0xFFB4, 0x0041,
    0x0014, 0x0149, 0x00A3, 0x0071, 0xFFED, 0xFEF7, 0xFF8D, 0xFF94,
    0xFFFF, 0xFF49, 0xFEC8, 0xFDFC, 0xFCD6, 0xFD07, 0xFC05, 0xFD3A,
    0xFE0C, 0xFD9B, 0xFE69, 0xFD6B, 0xFD33, 0xFC42, 0xFC5A, 0xFD78,
    0xFD38, 0xFDE9, 0xFDC3, 0xFEBD, 0xFE8B, 0xFE0B, 0xFDA4, 0xFC08,
    0xFD2A, 0xFD1B, 0xFCCA, 0xFCF6, 0xFCEF, 0xFD0A, 0xFBFE, 0xFC33,
    0xFC6F, 0xFDEF, 0x00B4, 0x024D, 0x0405, 0x03BF, 0x03F3, 0x042D,
    0x02E9, 0x02BD, 0x00D6, 0xFF0D, 0xFD66, 0xFC92, 0xFCD7, 0xFD6A,
    0x003E, 0x00BD, 0x018C, 0x02F3, 0x0302, 0x03C5, 0x02D7, 0x0332,
    0x02EE, 0x01A3, 0x0157, 0x0098, 0x016A, 0x0155, 0x01A6, 0x014C,
    0x005C, 0x0200, 0x016F, 0x017E, 0x0230, 0x01C3, 0x017A, 0x0086,
    0x0020, 0xFF33, 0xFFFB, 0x00A0, 0xFFC0, 0x001E, 0xFFD0, 0x0077,
    0x0086, 0xFFAB, 0xFF8B, 0xFE8D, 0xFDFA, 0xFD64, 0xFDEF, 0xFE6F,
    0xFF47, 0x0182, 0x00A8, 0x00A2, 0x00FE, 0x00A5, 0x0140, 0x0145,
    0x024A, 0x0221, 0x0284, 0x02A1, 0x01F0, 0x0305, 0x0254, 0x016A,
    0x0008, 0xFE97, 0xFEF1, 0xFE5B, 0xFEB1, 0xFEF4, 0xFF22, 0xFF56,
    0xFF18, 0xFFE0, 0xFF71, 0x0065, 0x013E, 0x0080, 0x00C4, 0x00BE,
    0x010A, 0x001E, 0xFF31, 0xFE96, 0xFCF6, 0xFD15, 0xFC01, 0xFBE8,
    0xFD0F, 0xFE6D, 0xFFE3, 0xFECD, 0xFED9, 0xFE4B, 0xFE3B, 0xFE17,
    0xFD1B, 0xFD99, 0xFC65, 0xFCEC, 0xFD39, 0xFCED, 0xFE61, 0xFE45,
    0xFE41, 0xFDE4, 0xFE87, 0xFF46, 0xFE98, 0xFF51, 0xFE8B, 0xFE02,
    0xFDCB, 0xFCEB, 0xFD83, 0xFDFC, 0xFFE2, 0x00BA, 0x0115, 0x026F,
    0x034C, 0x04AA, 0x0388, 0x0278, 0x00DC, 0xFEDC, 0xFE66, 0xFD29,
    0xFDFC, 0xFEE8, 0x0056, 0x0110, 0x0084, 0x01C4, 0x015E, 0x017B,
    0x015A, 0x00D8, 0x0143, 0x00EB, 0x01B6, 0x00A9, 0x008A, 0x0144,
    0x003C, 0x0051, 0xFFB9, 0x003B, 0x00A7, 0x0059, 0x00F7, 0x0036,
    0x0014, 0xFF78, 0xFF09, 0xFF9E, 0xFFF3, 0x01B0, 0x0110, 0x008B,
    0x00F5, 0x002D, 0xFFEF, 0xFEE8, 0xFE49, 0xFD0F, 0xFCC4, 0xFC97,
    0xFC0F, 0xFE19, 0xFF24, 0x00ED, 0x0166, 0x00B0, 0x01A4, 0x0117,
    0x0145, 0x0170, 0x01B6, 0x01E0, 0x0274, 0x03BC, 0x028E, 0x02DA,
    0x022F, 0x004C, 0x0070, 0xFF52, 0xFF0A, 0xFF80, 0xFFC6, 0xFFB7,
    0xFEBA, 0xFF60, 0xFF45, 0x0010, 0x00D7, 0x00EB, 0x0298, 0x020F,
    0x020B, 0x0202, 0x00F9, 0xFFFF, 0xFEE5, 0xFEC9, 0xFD59, 0xFD36,
    0xFC8E, 0xFBD9, 0xFDB7, 0xFE19, 0xFEEB, 0xFE75, 0xFDD5, 0xFDD2,
    0xFD33, 0xFDB7, 0xFD0E, 0xFD77, 0xFDDF, 0xFE1F, 0xFEAD, 0xFD62,
    0xFD78, 0xFD37, 0xFCF6, 0xFDC0, 0xFD30, 0xFD8F, 0xFDD2, 0xFEB3,
    0xFEFA, 0xFDCB, 0xFE78, 0xFEA6, 0xFF77, 0xFFC1, 0x0037, 0x014D,
    0x0149, 0x02A8, 0x0288, 0x0233, 0x021C, 0x007E, 0x003E, 0xFF8C,
    0xFF4C, 0xFEEA, 0xFF40, 0x009F, 0x00E2, 0x01C2, 0x0141, 0x0193,
    0x015A, 0x0093, 0x0133, 0x00A8, 0x0115, 0x0178, 0x0191, 0x014D,
    0x0025, 0x0091, 0xFFF0, 0x0046, 0x004C, 0xFEDE, 0xFFB9, 0xFFD0,
    0x00CD, 0x00C8, 0xFFF9, 0x0037, 0xFFC7, 0x002C, 0xFFA5, 0x000D,
    0x00E7, 0x009A, 0x0197, 0x0005, 0xFED7, 0xFE3A, 0xFCB8, 0xFCB9,
    0xFCBA, 0xFD9E, 0xFD90, 0xFE45, 0xFF45, 0xFF5D, 0xFFFF, 0xFF4A,
    0xFFF1, 0x00A8, 0x014B, 0x0293, 0x02E4, 0x03EF, 0x03E0, 0x0425,
    0x035F, 0x01A9, 0x014E, 0x003C, 0x0097, 0xFFBC, 0xFE80, 0xFF02,
    0xFF53, 0x008C, 0x0002, 0xFFE3, 0x00E0, 0x00C2, 0x0170, 0x00F0,
    0x020F, 0x0283, 0x021A, 0x0211, 0x003E, 0x006D, 0x000B, 0xFFFC,
    0xFFA3, 0xFE27, 0xFE3D, 0xFD14, 0xFCF0, 0xFCF5, 0xFCD1, 0xFD4F,
    0xFCB7, 0xFD19, 0xFCCD, 0xFCBB, 0xFD19, 0xFCFD, 0xFE48, 0xFED9,
    0xFF0F, 0xFDFA, 0xFCBB, 0xFCEC, 0xFC62, 0xFD06, 0xFCD8, 0xFD48,
    0xFDF0, 0xFE58, 0xFFC3, 0xFE60, 0xFE66, 0xFEE3, 0xFF3E, 0x0004,
    0x0074, 0x0278, 0x02EE, 0x0344, 0x0269, 0x009D, 0x00BF, 0xFFB2,
    0xFFBD, 0xFFAC, 0xFF47, 0xFFD8, 0xFF71, 0x0073, 0x011C, 0x01C0,
    0x01C3, 0x013D, 0x0246, 0x01A1, 0x020B, 0x02F6, 0x025A, 0x0296,
    0x01BD, 0x00C9, 0xFFCF, 0xFFC6, 0x0012, 0xFF81, 0x0009, 0xFF43,
    0xFF74, 0xFF7B, 0xFF3E, 0xFFAB, 0xFEA8, 0xFF74, 0xFFEE, 0x002E,
    0xFF85, 0xFF1B, 0x0041, 0xFF7F, 0xFFCA, 0xFEBE, 0xFD4A, 0xFDCE,
    0xFD2E, 0xFD49, 0xFD1F, 0xFD8C, 0xFDB7, 0xFD45, 0xFE3E, 0xFE44,
    0xFF13, 0xFEDD, 0xFEDB, 0x0061, 0x0047, 0x01FC, 0x0312, 0x03C9,
    0x0511, 0x03D7, 0x02F3, 0x01AC, 0x016B, 0x00C4, 0xFFD9, 0xFFE9,
    0xFE7C, 0xFF09, 0xFFB1, 0x0089, 0x0122, 0x008F, 0x0163, 0x016E,
    0x021F, 0x0228, 0x02A5, 0x037E, 0x0282, 0x0215, 0x0008, 0xFFA8,
    0x0005, 0xFEF3, 0xFF1C, 0xFE65, 0xFEB0, 0xFE89, 0xFDC1, 0xFE04,
    0xFD12, 0xFD6D, 0xFD2C, 0xFD53, 0xFDB8, 0xFCB7, 0xFDB0, 0xFD00,
    0xFD75, 0xFDA1, 0xFC4F, 0xFC8C, 0xFC52, 0xFD6C, 0xFDA3, 0xFDC3,
    0xFDF9, 0xFD32, 0xFDC3, 0xFDCB, 0xFED3, 0xFF04, 0xFEB0, 0xFFCF,
    0xFF88, 0x0051, 0x00EC, 0x0229, 0x0354, 0x033B, 0x02B5, 0x00F5,
    0x019E, 0x0112, 0xFFE7, 0x0064, 0xFF65, 0xFFA2, 0xFFC2, 0x0019,
    0x016E, 0x0207, 0x02C0, 0x01FF, 0x0287, 0x02B4, 0x0247, 0x037F,
    0x02AF, 0x03AE, 0x0365, 0x01E6, 0x01FD, 0x00CE, 0x0058, 0xFEFC,
    0xFEF1, 0xFF05, 0xFEFC, 0x0029, 0xFF52, 0xFFC8, 0xFFB5, 0xFF6C,
    0xFFFD, 0xFF56, 0xFFBC, 0xFF80, 0xFFC7, 0xFF14, 0xFD4F, 0xFC4F,
    0xFB05, 0xFBE9, 0xFC44, 0xFD4F, 0xFE8B, 0xFE8D, 0xFF91, 0xFEFF,
    0xFF2A, 0xFEFB, 0xFE9B, 0xFF0F, 0xFE32, 0xFF6C, 0x005B, 0x00DD,
    0x01F8, 0x022E, 0x03A0, 0x02FB, 0x02CC, 0x031C, 0x0222, 0x021B,
    0xFFD8, 0xFF68, 0xFF5A, 0xFF1B, 0xFFCF, 0xFFC0, 0x01A8, 0x0203,
    0x02AE, 0x032D, 0x0373, 0x04C6, 0x03ED, 0x03EB, 0x030E, 0x0192,
    0x00B0, 0xFF98, 0xFF12, 0xFD85, 0xFD82, 0xFD28, 0xFD17, 0xFE1D,
    0xFDA4, 0xFE7B, 0xFF08, 0xFEE4, 0xFF1A, 0xFE60, 0xFEF0, 0xFE55,
    0xFE24, 0xFDE2, 0xFCF9, 0xFD23, 0xFB2A, 0xFB5C, 0xFB8F, 0xFB70,
    0xFC74, 0xFBF2, 0xFD33, 0xFD75, 0xFE08, 0xFE60, 0xFE4B, 0x001E,
    0xFF97, 0x004B, 0x011B, 0x020C, 0x0339, 0x0292, 0x02E5, 0x01DC,
    0x0196, 0x00D3, 0x003E, 0x00A3, 0xFF5B, 0xFF81, 0xFF79, 0xFFAE,
    0x00C7, 0x0084, 0x014B, 0x016C, 0x0166, 0x0103, 0x0134, 0x02DA,
    0x029E, 0x0336, 0x0331, 0x0382, 0x0445, 0x02C3, 0x02AE, 0x0182,
    0x0054, 0xFF24, 0xFDAF, 0xFE44, 0xFD1C, 0xFD1C, 0xFD29, 0xFE30,
    0x0031, 0xFFB2, 0x0065, 0x0002, 0x001C, 0xFFF2, 0xFE7F, 0xFDEF,
    0xFBD8, 0xFB07, 0xFA39, 0xFA2D, 0xFB43, 0xFB9D, 0xFD7D, 0xFE70,
    0xFF3E, 0xFFDC, 0xFFB5, 0x0062, 0xFF98, 0xFF65, 0xFF26, 0xFF6E,
    0x0097, 0x001C, 0x0085, 0x007A, 0x00F9, 0x016C, 0x00A5, 0x01B7,
    0x0155, 0x0179, 0x00F5, 0x00A5, 0x01C4, 0x006C, 0x00BA, 0x008C,
    0x0152, 0x0231, 0x018F, 0x02D0, 0x0306, 0x0437, 0x042B, 0x0376,
    0x0422, 0x0346, 0x0292, 0x00D9, 0xFFF3, 0xFEE6, 0xFD6E, 0xFD8A,
    0xFCA2, 0xFCC9, 0xFC52, 0xFC6D, 0xFE86, 0xFEF3, 0xFFC4, 0xFFA7,
    0xFF99, 0xFF71, 0xFE84, 0xFEAC, 0xFD3D, 0xFD89, 0xFCB3, 0xFBDD,
    0xFD19, 0xFC80, 0xFD06, 0xFC95, 0xFCFA, 0xFD4D, 0xFC95, 0xFD3B,
    0xFD48, 0xFF49, 0xFFA5, 0x0016, 0x01BB, 0x0118, 0x0270, 0x0245,
    0x0157, 0x0193, 0x00FE, 0x0062, 0xFF90, 0x0006, 0xFF9F, 0xFFA1,
    0x0167, 0x01AB, 0x0267, 0x022C, 0x01A9, 0x0156, 0x0056, 0x0043,
    0xFFD0, 0x008B, 0x011D, 0x012E, 0x021A, 0x02AD, 0x0419, 0x0408,
    0x03A1, 0x03AD, 0x024A, 0x01A7, 0xFFCE, 0xFEE5, 0xFDAF, 0xFC06,
    0xFC7A, 0xFCED, 0xFEF0, 0xFF74, 0xFFE6, 0x0062, 0xFFEF, 0x003A,
    0xFEDA, 0xFDEB, 0xFD1D, 0xFB65, 0xFB21, 0xFB18, 0xFB91, 0xFB6C,
    0xFBE2, 0xFD50, 0xFDF1, 0xFEF5, 0xFEF8, 0x0038, 0x01A9, 0x01AB,
    0x02B0, 0x025D, 0x022E, 0x0135, 0x0013, 0xFF93, 0xFF0E, 0xFFDA,
    0xFEF9, 0xFF88, 0x0001, 0xFF36, 0x001D, 0x002B, 0x012F, 0x0172,
    0x01A9, 0x023E, 0x0258, 0x03A4, 0x031F, 0x036B, 0x0394, 0x02FD,
    0x03D6, 0x036D, 0x0398, 0x032B, 0x01EA, 0x00F8, 0xFF81, 0xFEF9,
    0xFDA6, 0xFD48, 0xFD2B, 0xFC7B, 0xFD4D, 0xFD9F, 0xFF20, 0xFFE0,
    0xFF9C, 0xFF87, 0xFF11, 0xFF80, 0xFEE4, 0xFECF, 0xFEB2, 0xFE0F,
    0xFE2F, 0xFD31, 0xFDAA, 0xFD34, 0xFC3A, 0xFC87, 0xFBE0, 0xFC9A,
    0xFC64, 0xFCA5, 0xFD82, 0xFE7F, 0x00D0, 0x01AE, 0x0307, 0x02FF,
    0x0220, 0x01FC, 0x0048, 0xFFCE, 0xFE89, 0xFE1F, 0xFE75, 0xFE0A,
    0xFEBD, 0xFEEF, 0x008A, 0x0191, 0x01FB, 0x0310, 0x031E, 0x03D6,
    0x02BD, 0x01D4, 0x0143, 0xFFD9, 0xFFAC, 0xFEF1, 0xFFB3, 0x0088,
    0x011E, 0x01BA, 0x0173, 0x022B, 0x014B, 0x010A, 0x00D0, 0xFF5F,
    0xFF41, 0xFE88, 0xFF05, 0xFF84, 0xFF5C, 0xFFA6, 0xFEFD, 0xFF0E,
    0xFDB8, 0xFD7B, 0xFDC7, 0xFCCC, 0xFD2B, 0xFC6B, 0xFCD3, 0xFCFA,
    0xFBE9, 0xFB9F, 0xFB7E, 0xFD0F, 0xFDC0, 0xFEC3, 0xFFD3, 0x0044,
    0x01B5, 0x01BE, 0x01EE, 0x022C, 0x020F, 0x0244, 0x016C, 0x00C3,
    0xFFD0, 0xFF6F, 0xFF08, 0xFE49, 0xFEE9, 0xFF06, 0x004D, 0x0113,
    0x009C, 0x0122, 0x0179, 0x029B, 0x02B3, 0x0361, 0x0476, 0x0447,
    0x043A, 0x02E7, 0x035B, 0x036F, 0x0255, 0x0229, 0x0130, 0x017D,
    0x008B, 0xFEF6, 0xFE54, 0xFDAE, 0xFDDA, 0xFD1E, 0xFE00, 0xFF44,
    0xFFB2, 0x0005, 0xFE83, 0xFDE1, 0xFD44, 0xFD0A, 0xFD4B, 0xFC81,
    0xFD26, 0xFDCB, 0xFEDD, 0xFF61, 0xFEDD, 0xFE9D, 0xFD72, 0xFD8B,
    0xFD07, 0xFCF1, 0xFD7E, 0xFD70, 0xFE02, 0xFDDA, 0xFF4E, 0x003F,
    0x0031, 0x0079, 0x003A, 0x0129, 0x005D, 0xFF83, 0xFF24, 0xFE94,
    0xFF4E, 0xFE26, 0xFE34, 0xFF36, 0x001B, 0x00E5, 0x006E, 0x01AF,
    0x0258, 0x02AE, 0x02DA, 0x020D, 0x022B, 0x00E4, 0x00D3, 0x010A,
    0x007F, 0x011D, 0x00C5, 0x00F5, 0x00CF, 0x00AB, 0x00AB, 0x0025,
    0x0092, 0xFFAC, 0xFF97, 0x005C, 0x0049, 0x003D, 0xFF4E, 0xFF64,
    0xFED3, 0xFE3E, 0xFE12, 0xFDF6, 0xFE52, 0xFD48, 0xFD9D, 0xFDE3,
    0xFE31, 0xFEB7, 0xFD1B, 0xFC82, 0xFC65, 0xFC7F, 0xFCCF, 0xFD30,
    0xFF28, 0x0003, 0x0140, 0x01AC, 0x010D, 0x0151, 0x005C, 0x00E2,
    0x00E8, 0x009A, 0x0147, 0x00CF, 0x00E1, 0x003E, 0x0082, 0x0087,
    0x0029, 0x00C7, 0xFFFA, 0x0040, 0x00D8, 0x00AD, 0x00A0, 0x00BB,
    0x020A, 0x0286, 0x02F9, 0x03A4, 0x0443, 0x04A2, 0x0373, 0x0307,
    0x01F9, 0x0103, 0x0049, 0xFE8C, 0xFE26, 0xFD9F, 0xFDFA, 0xFE03,
    0xFEE0, 0x0090, 0x000A, 0xFFAE, 0xFE26, 0xFD8D, 0xFD66, 0xFC84,
    0xFD1B, 0xFC5D, 0xFCE2, 0xFDE2, 0xFDE5, 0xFEB9, 0xFE7A, 0xFED0,
    0xFE2E, 0xFE02, 0xFE37, 0xFD70, 0xFE15, 0xFE02, 0xFEC5, 0xFF76,
    0xFFE4, 0x00F4, 0x0068, 0x0035, 0x0069, 0x0030, 0xFFE9, 0xFFA5,
    0xFFD6, 0xFF00, 0xFEDD, 0xFE91, 0xFDF4, 0xFF0F, 0xFEEF, 0xFF72,
    0x004C, 0x0193, 0x02D6, 0x02EC, 0x02F0, 0x0224, 0x02A4, 0x0246,
    0x01F3, 0x02CE, 0x01A9, 0x020B, 0x01A2, 0x006F, 0x0030, 0xFF86,
    0xFF8A, 0xFE7F, 0xFEB7, 0xFEE4, 0xFF12, 0x0066, 0xFFBC, 0xFFF0,
    0xFF54, 0xFE87, 0xFF20, 0xFF0E, 0xFFE7, 0xFFAF, 0xFF8D, 0xFF67,
    0xFEF2, 0xFF3A, 0xFDA3, 0xFD06, 0xFC43, 0xFBD4, 0xFCAE, 0xFC81,
    0xFD43, 0xFDD7, 0xFF64, 0x00A7, 0x0133, 0x01D6, 0x0169, 0x01FA,
    0x0126, 0x009F, 0x00BC, 0x005F, 0x013A, 0x00D8, 0x013C, 0x014B,
    0x00EE, 0x00CF, 0xFFF0, 0x0052, 0xFFE9, 0xFFB5, 0x0013, 0x0005,
    0x00F3, 0x00B4, 0x0155, 0x0246, 0x02A9, 0x043F, 0x042D, 0x03E7,
    0x032A, 0x0238, 0x0163, 0xFF91, 0xFEE6, 0xFDF3, 0xFDF6, 0xFE1A,
    0xFDE8, 0xFF39, 0xFF91, 0x006F, 0x0031, 0xFEF5, 0xFE33, 0xFDA2,
    0xFDBC, 0xFD2E, 0xFD74, 0xFD16, 0xFCD5, 0xFDC3, 0xFD12, 0xFD18,
    0xFCEE, 0xFC5B, 0xFCAF, 0xFCDA, 0xFDFA, 0xFE7A, 0xFF0A, 0xFF51,
    0xFF93, 0x00B8, 0x0036, 0x0114, 0x00F8, 0x009F, 0x00C4, 0xFF5C,
    0xFEEA, 0xFE6C, 0xFEBA, 0xFE94, 0xFE23, 0xFEE7, 0xFE96, 0xFF5E,
    0xFF83, 0xFF7A, 0x00B3, 0x00F1, 0x022D, 0x0245, 0x022B, 0x026A,
    0x0213, 0x0276, 0x01FA, 0x0276, 0x0232, 0x01D0, 0x01F9, 0x00B9,
    0x00AF, 0x0029, 0xFFEB, 0xFF8F, 0xFF2B, 0x0004, 0xFF85, 0xFFD9,
    0xFF77, 0xFEFC, 0xFF1F, 0xFE58, 0xFF55, 0xFF95, 0x0000, 0xFFF1,
    0xFEFD, 0xFF79, 0xFEE2, 0xFEE1, 0xFE02, 0xFCF8, 0xFCDB, 0xFC31,
    0xFCD2, 0xFCE2, 0xFDDD, 0xFF5B, 0x0021, 0x0145, 0x007F, 0x0064,
    0x0040, 0xFFBD, 0x002E, 0xFFA8, 0xFFE5, 0xFFB3, 0x0014, 0x008E,
    0x006D, 0x014A, 0x00EC, 0x017B, 0x01B2, 0x012B, 0x011A, 0x0011,
    0x0004, 0xFF7C, 0xFFEB, 0x00A2, 0x00F7, 0x0235, 0x01F3, 0x0265,
    0x021D, 0x01A6, 0x0254, 0x01AA, 0x0165, 0x0051, 0xFFDC, 0xFFCF,
    0xFF82, 0xFFFE, 0xFEFB, 0xFF41, 0xFF01, 0xFE14, 0xFE2D, 0xFD53,
    0xFD80, 0xFDC6, 0xFE56, 0xFEA1, 0xFDFB, 0xFE16, 0xFDD1, 0xFE53,
    0xFDF9, 0xFD44, 0xFDC8, 0xFCED, 0xFD25, 0xFCFB, 0xFCFB, 0xFDAC,
    0xFE74, 0x0054, 0x00C9, 0x01BE, 0x01B9, 0x0143, 0x0198, 0x005A,
    0x0040, 0xFF95, 0xFF4A, 0xFF75, 0xFF01, 0xFF96, 0xFF38, 0xFFBD,
    0xFF9C, 0xFFB9, 0x00BE, 0xFFE2, 0x0084, 0x00C2, 0x010B, 0x0154,
    0x00DF, 0x018A, 0x014D, 0x01A8, 0x01AD, 0x0101, 0x0171, 0x0150,
    0x0204, 0x01DD, 0x0160, 0x010D, 0x0028, 0x00BA, 0x0073, 0x0071,
    0x0017, 0xFF93, 0xFF12, 0xFD05, 0xFD18, 0xFD8D, 0xFE5C, 0xFF51,
    0xFF2F, 0xFFE6, 0xFF4F, 0xFF49, 0xFEC1, 0xFDD5, 0xFE0B, 0xFD69,
    0xFDE9, 0xFDA9, 0xFDD1, 0xFDFD, 0xFD25, 0xFE5E, 0xFF3B, 0x0098,
    0x0173, 0x0161, 0x01B7, 0x00C1, 0x00D5, 0xFFF6, 0xFEE6, 0xFF0C,
    0xFF3C, 0x0078, 0x006E, 0x00BD, 0x00C0, 0x003B, 0x00F6, 0x004A,
    0x0085, 0x00EF, 0x0174, 0x01F6, 0x0170, 0x01D6, 0x0173, 0x01BC,
    0x0164, 0x00B3, 0x0117, 0x006A, 0x00CB, 0x0083, 0x0065, 0x00E7,
    0x002B, 0xFFF0, 0xFFB9, 0x00CE, 0x00D0, 0xFFDB, 0xFFCE, 0xFE79,
    0xFE0B, 0xFD0F, 0xFC45, 0xFCA6, 0xFC96, 0xFDB3, 0xFDB7, 0xFE3B,
    0xFE81, 0xFE6A, 0xFEF2, 0xFDD5, 0xFDEA, 0xFDE9, 0xFDC3, 0xFE22,
    0xFD39, 0xFD50, 0xFDBA, 0xFEEC, 0xFF88, 0xFFD9, 0x016A, 0x01A1,
    0x0206, 0x0138, 0x00C3, 0x0106, 0x0039, 0x0083, 0x0021, 0x0075,
    0x0038, 0xFF92, 0xFFBC, 0xFF94, 0x0088, 0x0018, 0x001E, 0x00AF,
    0x006E, 0x0125, 0x00E4, 0x011A, 0x0157, 0x013C, 0x01F4, 0x00E0,
    0x00EF, 0x0106, 0x0143, 0x0215, 0x0188, 0x01FC, 0x01E0, 0x01E6,
    0x016D, 0xFFF6, 0xFFFE, 0xFF3F, 0xFEFC, 0xFE22, 0xFD77, 0xFE26,
    0xFD32, 0xFD31, 0xFD13, 0xFDE4, 0xFEF9, 0xFF0B, 0xFF6A, 0xFE5E,
    0xFE90, 0xFE27, 0xFD52, 0xFDA8, 0xFD73, 0xFE16, 0xFDC1, 0xFE67,
    0xFF25, 0xFF36, 0x000A, 0xFF7A, 0x0031, 0x0060, 0x0086, 0x0137,
    0x0078, 0x00EF, 0x00FB, 0x010F, 0x00BB, 0xFFCF, 0x000B, 0xFF3E,
    0xFFC6, 0xFF8E, 0xFF10, 0x0034, 0x001D, 0x00BD, 0x00E3, 0x020A,
    0x031F, 0x02F4, 0x0333, 0x0213, 0x01DC, 0x00F4, 0xFFAF, 0xFF7E,
    0xFF0C, 0x000E, 0x004A, 0x0077, 0x010C, 0x00DE, 0x00CC, 0xFF9A,
    0xFFA5, 0xFF0F, 0xFE93, 0xFECA, 0xFD71, 0xFD0C, 0xFC3C, 0xFC7A,
    0xFD2B, 0xFDA4, 0xFF20, 0xFF16, 0xFF89, 0xFEF3, 0xFE31, 0xFE8D,
    0xFDF4, 0xFE4D, 0xFDE5, 0xFE4D, 0xFF65, 0xFF1B, 0xFF64, 0xFF00,
    0xFFFF, 0x005A, 0x0023, 0x0128, 0x00F0, 0x01D1, 0x01D9, 0x01C1,
    0x01DA, 0x0129, 0x0128, 0x0042, 0x004A, 0x0026, 0xFF91, 0xFFC6,
    0xFEFD, 0xFF11, 0xFEED, 0xFFAA, 0x0054, 0x0052, 0x0179, 0x016E,
    0x01EC, 0x017A, 0x00E7, 0x0174, 0x00CA, 0x013E, 0x0130, 0x01B9,
    0x024D, 0x01D5, 0x020E, 0x00D6, 0x0086, 0xFF74, 0xFE4F, 0xFEAA,
    0xFE1C, 0xFE59, 0xFDB4, 0xFD52, 0xFD80, 0xFD5F, 0xFE42, 0xFE08,
    0xFE93, 0xFE92, 0xFDE8, 0xFE59, 0xFD98, 0xFDEA, 0xFDF2, 0xFDED,
    0xFEA5, 0xFED4, 0xFF4E, 0xFEC4, 0xFF24, 0xFF08, 0xFEEE, 0x0004,
    0xFFFB, 0x0145, 0x01DF, 0x0288, 0x0353, 0x029B, 0x024B, 0x010E,
    0x00E2, 0x0008, 0xFEFF, 0xFEF7, 0xFDF8, 0xFE58, 0xFDEB, 0xFE69,
    0x0049, 0x0143, 0x02C9, 0x02F7, 0x03EB, 0x03B7, 0x02B2, 0x0263,
    0x00CA, 0x00E6, 0x003F, 0xFFAA, 0x0014, 0xFFE7, 0x00BC, 0x0057,
    0x0091, 0x004E, 0xFF30, 0xFEDF, 0xFDE9, 0xFE52, 0xFDDC, 0xFD7E,
    0xFDF5, 0xFDA2, 0xFE50, 0xFE45, 0xFF0C, 0xFEFC, 0xFE52, 0xFED2,
    0xFE78, 0xFF2A, 0xFE74, 0xFDE0, 0xFE61, 0xFE65, 0xFEFF, 0xFE5C,
    0xFF2F, 0xFF9B, 0xFF48, 0xFFBD, 0xFF42, 0x0089, 0x00CB, 0x015E,
    0x027E, 0x026D, 0x02FF, 0x0209, 0x01CF, 0x0158, 0x00D7, 0x00C5,
    0xFF29, 0xFF24, 0xFEA4, 0xFE16, 0xFE81, 0xFE72, 0xFF6F, 0xFFC7,
    0x009C, 0x00E5, 0x00D7, 0x01BC, 0x0157, 0x01E8, 0x017B, 0x00E8,
    0x0108, 0x00AD, 0x013E, 0x00B3, 0x0115, 0x0150, 0x00C3, 0x0076,
    0xFF38, 0xFFBA, 0xFF1E, 0xFE82, 0xFEE9, 0xFE93, 0xFF35, 0xFE7B,
    0xFDEA, 0xFD53, 0xFCA0, 0xFCCA, 0xFC06, 0xFD3D, 0xFE1E, 0xFE7F,
    0xFEEF, 0xFE58, 0xFEE7, 0xFEA3, 0xFED1, 0xFEED, 0xFF01, 0xFFC6,
    0xFF2F, 0xFF95, 0xFF72, 0x0004, 0x0195, 0x022B, 0x0389, 0x034B,
    0x0329, 0x02EF, 0x0231, 0x0133, 0xFEEA, 0xFEB0, 0xFE42, 0xFE02,
    0xFE7C, 0xFEA4, 0x0014, 0xFFE6, 0x0052, 0x0135, 0x01D1, 0x02E2,
    0x0247, 0x02A1, 0x0292, 0x0252, 0x020B, 0x00DB, 0x0130, 0x0089,
    0x008A, 0x0092, 0x000D, 0x0029, 0xFEF2, 0xFEFC, 0xFE60, 0xFDA7,
    0xFDFF, 0xFDC7, 0xFE8B, 0xFE6B, 0xFF0E, 0xFF85, 0xFF1C, 0xFEBB,
    0xFD39, 0xFDDA, 0xFDEF, 0xFDCD, 0xFE4A, 0xFE1C, 0xFF46, 0xFF11,
    0xFF17, 0xFF33, 0xFF58, 0xFFEA, 0xFF06, 0xFF97, 0xFF98, 0xFFDB,
    0x00C0, 0x0087, 0x016F, 0x0146, 0x0175, 0x01BC, 0x01BB, 0x0272,
    0x018A, 0x0148, 0x0018, 0xFED8, 0xFEF8, 0xFE03, 0xFE80, 0xFE50,
    0xFEAA, 0xFF32, 0xFF4E, 0x001A, 0xFFB5, 0x00CF, 0x0160, 0x01BC,
    0x023D, 0x0192, 0x0218, 0x0162, 0x008C, 0xFFB0, 0xFF4A, 0xFFE9,
    0xFF58, 0x0001, 0x0025, 0xFFFD, 0x0046, 0xFF25, 0xFF91, 0xFFB2,
    0xFFE3, 0xFFF1, 0xFF4E, 0xFF1C, 0xFD4D, 0xFC9D, 0xFC04, 0xFBCE,
    0xFC8C, 0xFCAD, 0xFE5F, 0xFEEE, 0xFF4F, 0xFF8F, 0xFF0B, 0xFF64,
    0xFE9F, 0xFF3B, 0xFF70, 0xFFB7, 0x00B6, 0x009F, 0x021A, 0x026E,
    0x0298, 0x027F, 0x022F, 0x02CE, 0x01C8, 0x01B7, 0x010D, 0x004D,
    0x000E, 0xFEF6, 0xFF85, 0xFF53, 0xFF73, 0xFFB4, 0xFFAA, 0x0098,
    0x0034, 0x00A6, 0x0064, 0x004B, 0x0123, 0x009E, 0x01AA, 0x01EA,
    0x0223, 0x0226, 0x0160, 0x0199, 0x002C, 0xFFBA, 0xFED7, 0xFE4E,
    0xFE7E, 0xFDA5, 0xFE51, 0xFDF5, 0xFE30, 0xFEEB, 0xFE94, 0xFF2C,
    0xFE5A, 0xFE39, 0xFDC5, 0xFD4A, 0xFD73, 0xFC5D, 0xFD65, 0xFE0E,
    0xFECA, 0xFF9A, 0xFFAC, 0x00B9, 0x001D, 0x0014, 0xFFCE, 0xFF73,
    0x0005, 0xFF7B, 0x0050, 0x0079, 0x00F1, 0x011A, 0x0064, 0x013C,
    0x00DF, 0x0135, 0x0129, 0x013C, 0x01BA, 0x00C6, 0x00DD, 0xFFE1,
    0xFF33, 0xFF05, 0xFE56, 0xFEE5, 0xFE69, 0xFF37, 0xFF93, 0xFFBE,
    0x00C1, 0x003B, 0x00ED, 0x010A, 0x011B, 0x0103, 0x0086, 0x0130,
    0x002C, 0xFFB6, 0xFF0E, 0xFEAA, 0xFF39, 0xFE72, 0xFF1C, 0xFF2D,
    0xFF7D, 0x0041, 0xFFC3, 0xFFE2, 0xFF05, 0xFEB2, 0xFDFE, 0xFD9F,
    0xFE13, 0xFD12, 0xFD87, 0xFDB1, 0xFE75, 0xFF37, 0xFED1, 0xFEFC,
    0xFE25, 0xFE5C, 0xFE43, 0xFE31, 0xFEFE, 0xFED6, 0x005F, 0x0123,
    0x0203, 0x0302, 0x02B4, 0x0322, 0x02FE, 0x02F0, 0x01E8, 0x01E6,
    0x0209, 0x010D, 0x016C, 0x00AB, 0x00C3, 0x005B, 0xFEDD, 0xFFB8,
    0xFF07, 0xFEE9, 0xFECD, 0xFE73, 0xFFFE, 0xFF9B, 0x005D, 0x0023,
    0x00A0, 0x0189, 0x00D8, 0x01F2, 0x0176, 0x0176, 0x00E8, 0xFFD4,
    0xFF3A, 0xFDD2, 0xFE04, 0xFD2C, 0xFD9E, 0xFE48, 0xFE1A, 0xFF6D,
    0xFE96, 0xFE0E, 0xFDA8, 0xFD49, 0xFE1E, 0xFD71, 0xFE17, 0xFDA9,
    0xFE72, 0xFF3F, 0xFEB2, 0xFFB3, 0xFF05, 0xFF68, 0xFF46, 0xFF14,
    0x001E, 0xFF40, 0x001D, 0x003F, 0x00D1, 0x01C8, 0x0112, 0x0222,
    0x019C, 0x01A2, 0x0138, 0x003E, 0x00DE, 0x004C, 0x012B, 0x00AF,
    0x0051, 0x003B, 0xFEBA, 0xFEE6, 0xFE60, 0xFEC3, 0xFF2C, 0xFF86,
    0x0091, 0x0059, 0x014A, 0x00FA, 0x0119, 0x0120, 0xFFF2, 0x0087,
    0xFFC4, 0xFFEC, 0xFFAE, 0xFEE1, 0xFEF8, 0xFDA4, 0xFE4C, 0xFDFE,
    0xFEBE, 0xFFE9, 0xFF53, 0x00A8, 0x002A, 0xFFCB, 0xFF26, 0xFE22,
    0xFEE8, 0xFE77, 0xFEF9, 0xFE84, 0xFEDE, 0xFFD6, 0xFF15, 0xFFB7,
    0xFEC8, 0xFE3E, 0xFDF0, 0xFD30, 0xFDE1, 0xFDC3, 0xFF00, 0xFF77,
    0x00A7, 0x0245, 0x021E, 0x0327, 0x02E4, 0x0337, 0x032C, 0x022B,
    0x024D, 0x01A9, 0x01F5, 0x015F, 0x0169, 0x014D, 0xFFD3, 0x0071,
    0xFF85, 0xFF8E, 0xFF6A, 0xFEC0, 0xFF9A, 0xFF5B, 0xFFF9, 0xFFA5,
    0x002A, 0x00FE, 0x0032, 0x00A0, 0xFFF2, 0x004E, 0x0066, 0xFF4E,
    0xFFBE, 0xFEAB, 0xFEB4, 0xFE05, 0xFDE4, 0xFEB0, 0xFE89, 0xFFE5,
    0xFF71, 0xFF5A, 0xFEEC, 0xFD8B, 0xFDBF, 0xFD17, 0xFD66, 0xFCF6,
    0xFCE0, 0xFE0B, 0xFE55, 0xFFDC, 0xFF7B, 0xFF66, 0xFF51, 0xFED7,
    0xFFDF, 0xFF81, 0x001B, 0xFF9D, 0x0032, 0x014E, 0x00BD, 0x01AB,
    0x0129, 0x01CC, 0x0233, 0x0115, 0x0152, 0x0096, 0x0126, 0x00B7,
    0x007D, 0x00B9, 0xFF7C, 0xFFD2, 0xFE95, 0xFE87, 0xFF45, 0xFEE3,
    0xFFEF, 0xFFD9, 0x0097, 0x009F, 0x00F1, 0x019A, 0x00A1, 0x010C,
    0xFFE4, 0xFF5C, 0xFFA7, 0xFEF0, 0xFF27, 0xFE53, 0xFE96, 0xFE24,
    0xFE5E, 0xFF1F, 0xFE9E, 0xFF9F, 0xFF21, 0xFFBA, 0xFFEB, 0xFED1,
    0xFEF6, 0xFE56, 0xFEF4, 0xFE91, 0xFE1A, 0xFE5D, 0xFE40, 0xFFEE,
    0xFFAA, 0xFFD5, 0x000E, 0xFEFD, 0xFF26, 0xFE71, 0xFEE9, 0xFEFB,
    0xFF38, 0x0087, 0x0040, 0x0188, 0x0172, 0x01B7, 0x0238, 0x0167,
    0x0227, 0x0147, 0x01BA, 0x01F5, 0x0221, 0x02AE, 0x01DC, 0x01B8,
    0x0041, 0x0019, 0xFFFA, 0xFEAF, 0xFF01, 0xFED0, 0xFFC9, 0x001B,
    0x006F, 0x0125, 0x0083, 0x0145, 0x0009, 0xFFE9, 0xFFFA, 0xFF6F,
    0xFFC2, 0xFE8B, 0xFE96, 0xFE0F, 0xFD8D, 0xFE0C, 0xFDBD, 0xFF26,
    0xFF4D, 0xFFA5, 0xFFC3, 0xFE79, 0xFF0F, 0xFE04, 0xFE07, 0xFDD0,
    0xFDC0, 0xFE2F, 0xFDAB, 0xFF20, 0xFF0A, 0xFF7F, 0xFFE7, 0xFF20,
    0xFFC4, 0xFF9F, 0x0026, 0xFFE8, 0xFF99, 0x003A, 0x005B, 0x01BE,
    0x017D, 0x01D8, 0x022F, 0x0180, 0x020B, 0x00E3, 0x00F9, 0x0104,
    0x00E1, 0x0162, 0x0099, 0x0108, 0xFFE4, 0xFF67, 0xFF14, 0xFE02,
    0xFEF0, 0xFE84, 0xFEFA, 0xFF77, 0xFFE2, 0x00F6, 0x00DD, 0x01B0,
    0x00EB, 0x00EC, 0x0109, 0xFFD1, 0x0066, 0xFF8C, 0xFF44, 0xFEAC,
    0xFDD9, 0xFE27, 0xFD96, 0xFE58, 0xFDE1, 0xFE6E, 0xFF37, 0xFEC1,
    0xFF94, 0xFF01, 0xFF53, 0xFFBD, 0xFF4A, 0xFEF1, 0xFE35, 0xFEE9,
    0xFEDA, 0xFF64, 0xFFBD, 0xFEDC, 0xFFD4, 0xFF4E, 0xFF93, 0xFF97,
    0xFF34, 0x0015, 0x0022, 0x016E, 0x0171, 0x01EA, 0x0209, 0x00DD,
    0x010A, 0x0050, 0x011B, 0x01D1, 0x01B9, 0x02C6, 0x0257, 0x024B,
    0x00C3, 0x0009, 0x002C, 0xFF4D, 0x0002, 0xFF06, 0xFF53, 0xFFB3,
    0xFF70, 0x0011, 0xFFF7, 0x0106, 0x0151, 0x0199, 0x0186, 0x0043,
    0x0093, 0xFF55, 0xFEBC, 0xFE3B, 0xFD92, 0xFE2A, 0xFD93, 0xFDEA,
    0xFD0F, 0xFD53, 0xFE04, 0xFDA7, 0xFF0F, 0xFEF6, 0xFFB8, 0x0021,
    0xFF38, 0xFF26, 0xFE34, 0xFEB5, 0xFE54, 0xFEBF, 0xFF5D, 0xFEBB,
    0xFF5E, 0xFE4C, 0xFECC, 0xFFFA, 0xFFF1, 0x0071, 0x004C, 0x016E,
    0x01B5, 0x01FE, 0x0205, 0x010F, 0x01A2, 0x00CB, 0x0083, 0x00CE,
    0x007D, 0x013C, 0x00F9, 0x0178, 0x00D6, 0x005E, 0x003C, 0xFF29,
    0xFF87, 0xFE6C, 0xFEB8, 0xFF02, 0xFE9D, 0xFF4C, 0xFF5C, 0x004E,
    0x0029, 0x0047, 0x00C6, 0x0080, 0x0141, 0x0004, 0x0003, 0xFFFA,
    0xFF14, 0xFF0D, 0xFDAF, 0xFE29, 0xFDFE, 0xFDC9, 0xFDE3, 0xFD81,
    0xFE71, 0xFE05, 0xFE9C, 0xFF1E, 0xFF11, 0xFFC5, 0xFEDB, 0xFF3F,
    0xFF36, 0xFF55, 0xFFA9, 0xFECE, 0xFF54, 0xFE5B, 0xFE79, 0xFF2D,
    0xFF4E, 0x001C, 0xFFE0, 0x008C, 0x00BB, 0x0134, 0x01EF, 0x0194,
    0x0265, 0x0186, 0x016E, 0x018C, 0x0108, 0x015E, 0x007E, 0x0110,
    0x00F7, 0x00F8, 0x00F0, 0xFFE8, 0x006C, 0xFF44, 0xFF38, 0xFF64,
    0xFF0F, 0xFFEE, 0xFFA7, 0x0059, 0x0068, 0x006B, 0x0055, 0xFFCC,
    0x00DB, 0x003F, 0x0033, 0x0024, 0xFF50, 0xFFAE, 0xFE75, 0xFE2C,
    0xFDCC, 0xFD6C, 0xFD33, 0xFC73, 0xFD37, 0xFCEB, 0xFDA4, 0xFE59,
    0xFE6D, 0xFFC3, 0xFF5A, 0xFFA0, 0xFFB9, 0xFFDD, 0x0009, 0xFF45,
    0xFF96, 0xFE1B, 0xFE4F, 0xFE80, 0xFE7E, 0xFFE2, 0xFFB4, 0x00B8,
    0x0184, 0x01F0, 0x0267, 0x01D3, 0x022D, 0x0173, 0x0173, 0x0166,
    0x00B5, 0x0179, 0x004A, 0x0055, 0x005D, 0x0042, 0x00B5, 0xFFFD,
    0x008F, 0x001B, 0x0010, 0xFFAA, 0xFE8A, 0xFF23, 0xFEB6, 0xFF7F,
    0xFFF4, 0xFFE3, 0x0059, 0xFFAB, 0x0028, 0xFF82, 0xFFC3, 0xFFC6,
    0xFF0D, 0xFF5C, 0xFE91, 0xFEE6, 0xFEF9, 0xFECB, 0xFEE4, 0xFE39,
    0xFEBC, 0xFE13, 0xFE28, 0xFE7B, 0xFE10, 0xFF27, 0xFE97, 0xFEE3,
    0xFEF2, 0xFEF0, 0xFF9E, 0xFF35, 0xFFB8, 0xFF12, 0xFF6D, 0xFFBC,
    0xFF0F, 0x0008, 0xFF61, 0xFF64, 0xFF4C, 0xFF5B, 0x00AB, 0x0129,
    0x024E, 0x01B4, 0x0234, 0x02E3, 0x0259, 0x02AF, 0x017C, 0x012D,
    0x00C5, 0x0032, 0x001C, 0xFF85, 0xFFEB, 0xFF25, 0xFF37, 0xFF8D,
    0xFF42, 0x006E, 0xFFD2, 0x0044, 0x0070, 0x002C, 0x0051, 0xFF9C,
    0x0002, 0xFF55, 0x0010, 0x0096, 0xFFF6, 0x00D4, 0xFFF8, 0xFFF0,
    0xFF50, 0xFE44, 0xFE44, 0xFD7E, 0xFD99, 0xFC68, 0xFC60, 0xFCD9,
    0xFC97, 0xFDE4, 0xFDF4, 0xFF38, 0x005F, 0x0045, 0x00B1, 0x0032,
    0x0020, 0xFF29, 0xFED9, 0xFEEF, 0xFEFC, 0x008C, 0x000D, 0x0019,
    0x002C, 0xFFE0, 0x00AC, 0x009A, 0x014C, 0x014A, 0x01D0, 0x0210,
    0x0199, 0x0255, 0x0163, 0x019D, 0x01A6, 0x0124, 0x01A1, 0x00D9,
    0x00C0, 0xFF7C, 0xFEC0, 0xFEA7, 0xFE2B, 0xFF00, 0xFE32, 0xFF17,
    0xFFC7, 0xFFD3, 0x0089, 0x0028, 0x0110, 0x009F, 0x0027, 0xFFD0,
    0xFEB9, 0xFF38, 0xFE7F, 0xFEB7, 0xFF27, 0xFECB, 0xFF31, 0xFE7A,
    0xFF05, 0xFE8F, 0xFE98, 0xFED2, 0xFE1A, 0xFEBD, 0xFE28, 0xFEA9,
    0xFEF8, 0xFEC0, 0xFF34, 0xFF18, 0x0019, 0xFFCD, 0xFFDF, 0xFFEE,
    0xFF4E, 0x003E, 0xFF8A, 0xFF96, 0xFF99, 0xFEEF, 0xFF7C, 0xFF37,
    0x0034, 0x006F, 0x0145, 0x021B, 0x0203, 0x0391, 0x02E9, 0x02D0,
    0x0261, 0x0108, 0x010C, 0x002E, 0xFFFC, 0xFF4B, 0xFF13, 0xFEF4,
    0xFE82, 0xFF8E, 0xFF52, 0x000D, 0x0060, 0xFFAC, 0x0069, 0x001F,
    0x009B, 0x00BF, 0x00E5, 0x00B6, 0x0025, 0x0082, 0xFF3C, 0xFF56,
    0xFF61, 0xFEEC, 0xFFAE, 0xFEA0, 0xFE5B, 0xFDB3, 0xFD4C, 0xFD28,
    0xFCB0, 0xFDC6, 0xFDD9, 0xFEEC, 0xFF7B, 0xFF5D, 0x0033, 0xFF07,
    0xFEFF, 0xFEAD, 0xFE85, 0xFEFD, 0xFEC0, 0xFFD9, 0x0002, 0x00C5,
    0x00CA, 0x0020, 0x00CD, 0x009B, 0x0139, 0x00ED, 0x00B0, 0x0103,
    0x00BC, 0x01AD, 0x016E, 0x01C2, 0x01B8, 0x014A, 0x01B9, 0x010C,
    0x013C, 0x0054, 0xFFA5, 0xFF37, 0xFE1D, 0xFE3C, 0xFDD6, 0xFE8B,
    0xFEF0, 0xFEBE, 0xFFCF, 0xFFC5, 0x0086, 0x00DE, 0x0150, 0x019E,
    0x00AE, 0x00AC, 0xFEFE, 0xFE85, 0xFE47, 0xFD9F, 0xFE74, 0xFE30,
    0xFED3, 0xFEB5, 0xFEA0, 0xFEF5, 0xFE5A, 0xFEEC, 0xFE72, 0xFF36,
    0xFFC9, 0xFFB0, 0x00B9, 0xFFC1, 0xFFA3, 0xFF3F, 0xFEDD, 0xFF29,
    0xFEF7, 0xFFAB, 0xFF4E, 0x0031, 0x0035, 0xFF2F, 0xFF9F, 0xFF43,
    0x004E, 0x00BF, 0x00AD, 0x00F7, 0x0103, 0x022A, 0x0233, 0x02EE,
    0x02B9, 0x01C1, 0x01E0, 0x007D, 0x00BD, 0x008D, 0xFFF6, 0x0001,
    0xFF43, 0xFF58, 0xFEAB, 0xFF0B, 0xFF35, 0xFEEE, 0x0011, 0xFFB8,
    0x00A4, 0x00FF, 0x00F9, 0x0197, 0x00E5, 0x00E3, 0xFFE2, 0x000C,
    0xFFBB, 0xFF02, 0xFF56, 0xFE54, 0xFEA7, 0xFE53, 0xFDC9, 0xFE18,
    0xFDEA, 0xFE6D, 0xFDEF, 0xFE5F, 0xFEC7, 0xFED5, 0xFFD2, 0xFF50,
    0xFFE1, 0xFF94, 0xFEF7, 0xFEC6, 0xFD9E, 0xFE4B, 0xFE58, 0xFF66,
    0x002A, 0x0024, 0x012C, 0x00B0, 0x0174, 0x01AC, 0x0179, 0x01D7,
    0x012B, 0x01A4, 0x015A, 0x01E3, 0x01E2, 0x00A9, 0x00A9, 0xFFC4,
    0x001E, 0x007C, 0x0062, 0x00AA, 0xFFF8, 0x0000, 0xFF1B, 0xFED4,
    0xFEC5, 0xFE6B, 0xFF03, 0xFE62, 0xFF1E, 0xFFD9, 0x0021, 0x00AC,
    0x003C, 0x0095, 0x0035, 0x004B, 0xFFC9, 0xFF0F, 0xFFCC, 0xFEF0,
    0xFF27, 0xFEC6, 0xFE2A, 0xFEB0, 0xFE35, 0xFEBA, 0xFE45, 0xFE7F,
    0xFEF4, 0xFEDA, 0x0009, 0xFF7E, 0xFFF9, 0x0020, 0xFF96, 0xFFDD,
    0xFEFB, 0xFF1A, 0xFEC5, 0xFF49, 0xFFE8, 0xFFED, 0x0085, 0xFF8E,
    0x0003, 0x0076, 0x006A, 0x00F7, 0x0051, 0x00B3, 0x00E6, 0x0197,
    0x0207, 0x01E3, 0x025B, 0x0148, 0x0168, 0x0126, 0x00B8, 0x012B,
    0x003C, 0x0043, 0xFF7B, 0xFF5C, 0xFF6D, 0xFF13, 0xFF9D, 0xFEE9,
    0xFF98, 0xFFCC, 0x001E, 0x0154, 0x00E6, 0x0145, 0x0099, 0x0032,
    0x001D, 0xFF74, 0xFFFF, 0xFF6C, 0xFFD8, 0xFFA1, 0xFEE1, 0xFEF0,
    0xFDF1, 0xFE15, 0xFDB0, 0xFD94, 0xFDEF, 0xFDEE, 0xFF2B, 0xFF0C,
    0xFF7A, 0xFF8E, 0xFF9F, 0x0058, 0xFF8B, 0xFFA0, 0xFEF1, 0xFEDA,
    0xFEE5, 0xFE8F, 0xFF3D, 0xFEE8, 0xFFC5, 0x005C, 0x00CB, 0x022C,
    0x01CA, 0x0200, 0x01D4, 0x022D, 0x0274, 0x01D6, 0x01F5, 0x00B1,
    0x008E, 0x0021, 0xFF57, 0xFFD9, 0xFF3E, 0xFF83, 0xFEFB, 0xFECD,
    0xFF09, 0xFE7B, 0xFF21, 0xFE89, 0xFED9, 0xFF2D, 0xFF50, 0x009E,
    0x0074, 0x0112, 0x0119, 0x00FC, 0x00D0, 0xFFCA, 0x0000, 0xFF61,
    0xFFAC, 0xFF5A, 0xFE6C, 0xFF06, 0xFE33, 0xFE41, 0xFDF7, 0xFDFD,
    0xFE6C, 0xFE52, 0xFF54, 0xFF5E, 0x003C, 0x001F, 0xFF7C, 0x0012,
    0xFF7F, 0xFFD9, 0xFF6A, 0xFF12, 0xFF70, 0xFF1D, 0xFF66, 0xFEAD,
    0xFF43, 0xFF91, 0xFFC5, 0x0115, 0x00A6, 0x013D, 0x0156, 0x0146,
    0x01B4, 0x0171, 0x01BA, 0x011B, 0x0158, 0x00E8, 0x0037, 0x00BC,
    0xFFCD, 0xFFB2, 0xFEED, 0xFE9B, 0xFF34, 0xFEF9, 0xFFA5, 0xFF70,
    0x0029, 0x0094, 0x0089, 0x017C, 0x0100, 0x0179, 0x010C, 0x004C,
    0x0054, 0xFFB0, 0xFF88, 0xFE70, 0xFEAC, 0xFEF3, 0xFED0, 0xFF8C,
    0xFEDE, 0xFF33, 0xFEE3, 0xFE46, 0xFE19, 0xFD78, 0xFE32, 0xFE27,
    0xFEF3, 0xFF39, 0xFEBD, 0xFFA6, 0xFF7F, 0xFFFB, 0xFF98, 0xFF0B,
    0xFF50, 0xFEFC, 0xFF3B, 0xFE73, 0xFEE3, 0xFF02, 0xFEF8, 0x003B,
    0x0054, 0x0148, 0x018D, 0x0169, 0x01FB, 0x01E7, 0x0240, 0x0142,
    0x010D, 0x00D0, 0x0055, 0x00F6, 0xFFF0, 0xFFEF, 0xFF75, 0xFEA8,
    0xFEAE, 0xFE27, 0xFEA6, 0xFE6F, 0xFF10, 0xFF57, 0xFF39, 0x005B,
    0x0016, 0x00B0, 0x009A, 0x002C, 0x00AF, 0x0071, 0x0097, 0xFFA0,
    0xFF94, 0xFF91, 0xFF40, 0xFFCE, 0xFF23, 0xFFCF, 0xFFCF, 0xFF18,
    0xFF06, 0xFE4C, 0xFE92, 0xFE2B, 0xFEA3, 0xFEFA, 0xFEFA, 0xFFCE,
    0xFF12, 0xFFA6, 0xFFCC, 0xFF73, 0xFF9C, 0xFEEF, 0xFF8D, 0xFF5A,
    0xFF7D, 0xFF74, 0xFF20, 0xFFFB, 0xFFB9, 0x0099, 0x0096, 0x003A,
    0x0102, 0x00DE, 0x018B, 0x0122, 0x0101, 0x0105, 0x00BB, 0x0145,
    0x003C, 0x0061, 0x000C, 0xFF0E, 0xFED8, 0xFDF0, 0xFE86, 0xFE4E,
    0xFEA6, 0xFF5B, 0xFFC7, 0x0129, 0x00F3, 0x0192, 0x0198, 0x0126,
    0x0161, 0x0071, 0x005D, 0xFFBE, 0xFF3E, 0xFEC1, 0xFE3F, 0xFF07,
    0xFE7F, 0xFF2C, 0xFF39, 0xFEF5, 0xFF3E, 0xFE6A, 0xFE7E, 0xFE11,
    0xFE4A, 0xFEA0, 0xFE76, 0xFF46, 0xFE81, 0xFF07, 0xFF58, 0xFF42,
    0x0003, 0xFF45, 0xFFC7, 0xFFBE, 0xFFD5, 0xFF98, 0xFF16, 0x0035,
    0xFFE0, 0x008C, 0x00A7, 0x005C, 0x010A, 0x006E, 0x00D7, 0x00C4,
    0x00F2, 0x0124, 0x00CE, 0x0163, 0x00B1, 0x0100, 0x004E, 0xFF30,
    0xFF38, 0xFE64, 0xFE89, 0xFE17, 0xFDF8, 0xFE41, 0xFE44, 0xFFBA,
    0xFFF3, 0x00F6, 0x0126, 0x00F1, 0x0190, 0x008D, 0x00BC, 0x0030,
    0xFFF8, 0xFFC5, 0xFEE0, 0xFF62, 0xFEDB, 0xFF2A, 0xFF11, 0xFEE8,
    0xFFF3, 0xFF54, 0xFFAC, 0xFF83, 0xFF88, 0xFFCF, 0xFF51, 0xFFB6,
    0xFEF4, 0xFF77, 0xFF71, 0xFF13, 0xFF9E, 0xFEE7, 0xFF15, 0xFEFB,
    0xFEFA, 0xFF48, 0xFF0B, 0xFFDA, 0xFFC0, 0x0077, 0x0076, 0x0018,
    0x00C1, 0x0017, 0x009C, 0x009E, 0x00D7, 0x0118, 0x00A2, 0x0124,
    0x009D, 0x012A, 0x00E3, 0xFFDF, 0x0011, 0xFF22, 0xFF3C, 0xFE9E,
    0xFE3A, 0xFE1C, 0xFDB5, 0xFEE7, 0xFF32, 0x00AC, 0x017F, 0x013E,
    0x01AF, 0x00AE, 0x00FF, 0x00EB, 0x008A, 0x009F, 0x001C, 0x003E,
    0xFF5E, 0xFF2D, 0xFE97, 0xFE1E, 0xFF1C, 0xFEA6, 0xFF21, 0xFF1D,
    0xFF29, 0xFF7A, 0xFEED, 0xFF0A, 0xFE66, 0xFEEA, 0xFF0D, 0xFEB3,
    0xFF29, 0xFE87, 0xFF2B, 0xFF0F, 0xFF05, 0xFFC1, 0xFFDC, 0x009F,
    0x0066, 0x0139, 0x019A, 0x0148, 0x0176, 0x003E, 0x008C, 0x0056,
    0xFFE8, 0xFFF1, 0xFF44, 0xFFC8, 0xFFAF, 0x0045, 0x0075, 0x002F,
    0x0094, 0xFF94, 0xFFC3, 0xFF3E, 0xFECA, 0xFF04, 0xFE44, 0xFE79,
    0xFE66, 0xFF7B, 0x004A, 0x0067, 0x00FF, 0x0031, 0x00BE, 0x0091,
    0x0032, 0x005F, 0xFFEB, 0x005E, 0xFF8C, 0xFF6E, 0xFF42, 0xFEE8,
    0xFF9B, 0xFEE4, 0xFF8A, 0xFFB8, 0xFFB4, 0x0028, 0xFFB9, 0x0031,
    0xFF94, 0xFF8C, 0xFF58, 0xFF02, 0xFFDC, 0xFEFD, 0xFF45, 0xFF24,
    0xFED4, 0xFF5D, 0xFEF9, 0xFF5D, 0xFF1A, 0xFFA2, 0x0002, 0x0001,
    0x00D6, 0x0025, 0x008E, 0x0086, 0x0026, 0x006A, 0xFFDC, 0x003B,
    0xFFE4, 0x004C, 0x0093, 0x00E2, 0x0198, 0x0061, 0x006E, 0xFFF8,
    0xFF70, 0xFF81, 0xFEAE, 0xFEEE, 0xFEA7, 0xFF01, 0xFF1A, 0xFF07,
    0xFFCF, 0xFF27, 0xFFD9, 0x0019, 0x004B, 0x0127, 0x00C1, 0x0163,
    0x012E, 0x00F3, 0x0086, 0xFFBC, 0xFFE2, 0xFF02, 0xFF47, 0xFF02,
    0xFE81, 0xFEFB, 0xFE7E, 0xFF0F, 0xFF0B, 0xFF0E, 0xFEF9, 0xFEAD,
    0xFF5D, 0xFE9A, 0xFEE6, 0xFECF, 0xFEB5, 0xFF73, 0xFF27, 0xFFED,
    0xFFEF, 0x0072, 0x00EA, 0x0123, 0x01FC, 0x017C, 0x01B9, 0x012C,
    0x006E, 0x006A, 0xFF3D, 0xFF5B, 0xFF14, 0xFF72, 0xFFCB, 0xFFF1,
    0x00E4, 0x002E, 0x0077, 0x000F, 0xFF5E, 0xFF99, 0xFED7, 0xFF12,
    0xFE9E, 0xFEE4, 0xFF2B, 0xFF08, 0xFFD9, 0xFF48, 0xFFDF, 0xFFF5,
    0x0005, 0x00B8, 0x0006, 0x0079, 0x0068, 0x00AA, 0x00A0, 0xFFF8,
    0xFFF0, 0xFEED, 0xFF40, 0xFF05, 0xFEE4, 0xFF8A, 0xFF14, 0xFFC3,
    0xFFE0, 0xFFFE, 0xFFD3, 0xFF5B, 0xFFDD, 0xFF5C, 0x000C, 0xFFC9,
    0xFF95, 0x000B, 0xFEFC, 0xFF11, 0xFE93, 0xFE81, 0xFED9, 0xFEF5,
    0xFFF6, 0xFFBB, 0x0044, 0x001D, 0xFFF0, 0x0083, 0xFFB7, 0x001C,
    0xFFE9, 0xFFFF, 0x0063, 0x0073, 0x0132, 0x00BE, 0x0112, 0x00CE,
    0x005C, 0x0099, 0xFF80, 0xFF94, 0xFF61, 0xFF4C, 0xFF72, 0xFF2F,
    0xFFA5, 0xFED3, 0xFECB, 0xFE55, 0xFE80, 0xFF9A, 0xFF71, 0x0062,
    0x0099, 0x012A, 0x018E, 0x00FF, 0x0114, 0x0049, 0x0083, 0xFFFA,
    0xFF6A, 0xFFB9, 0xFE9B, 0xFF0E, 0xFF03, 0xFF15, 0xFF61, 0xFF20,
    0xFFA8, 0xFF13, 0xFF65, 0xFF31, 0xFEF3, 0xFF81, 0xFECD, 0xFF4E,
    0xFF2B, 0xFEFC, 0xFF29, 0xFF15, 0x0057, 0x00AC, 0x0188, 0x01A4,
    0x019E, 0x022F, 0x00F5, 0x00C3, 0xFFFE, 0xFFA0, 0xFFE7, 0xFFDC,
    0x0076, 0x003E, 0x00AC, 0x0010, 0xFF77, 0xFFBD, 0xFED0, 0xFF28,
    0xFECC, 0xFEA0, 0xFF16, 0xFED4, 0xFF71, 0xFEE8, 0xFEFA, 0xFEA8,
    0xFE96, 0xFFA4, 0xFF59, 0x0049, 0x0069, 0x0084, 0x00D4, 0x0024,
    0x0056, 0xFFE2, 0x0040, 0x000A, 0xFFD6, 0x0093, 0xFF84, 0xFFAE,
    0xFF51, 0xFF51, 0xFFBF, 0xFF23, 0xFF60, 0xFF1C, 0xFFAE, 0xFF97,
    0xFF5F, 0x000D, 0xFF78, 0x002D, 0x000F, 0xFFED, 0x000D, 0xFF32,
    0xFF79, 0xFF22, 0xFF8F, 0xFF78, 0xFF92, 0x0053, 0xFF91, 0x0016,
    0xFFD8, 0xFFCA, 0x0052, 0x001E, 0x0101, 0x0101, 0x013C, 0x00C6,
    0x0068, 0x010C, 0x0056, 0x00A6, 0x001B, 0xFFE5, 0x0071, 0xFFDE,
    0x0022, 0xFFA0, 0xFF88, 0xFEC2, 0xFDEE, 0xFE2C, 0xFD70, 0xFE57,
    0xFE91, 0xFF25, 0x0064, 0x0077, 0x0113, 0x00B0, 0x00D8, 0x0098,
    0x006B, 0x0102, 0x0032, 0x007A, 0xFFB4, 0xFF35, 0xFF58, 0xFE73,
    0xFEA8, 0xFE75, 0xFF27, 0xFF4D, 0xFF51, 0xFFE7, 0xFF1A, 0xFF7A,
    0xFF21, 0xFF0D, 0xFFED, 0xFF97, 0xFFF6, 0xFFC3, 0x004A, 0x0046,
    0xFFDB, 0x0067, 0xFFC5, 0x003B, 0xFFB8, 0xFF5A, 0xFFFD, 0xFF8F,
    0x003B, 0x0079, 0x00FA, 0x010B, 0x00DE, 0x013C, 0x0097, 0x0100,
    0xFFFA, 0xFF32, 0xFF69, 0xFE80, 0xFEA8, 0xFE4E, 0xFE76, 0xFE47,
    0xFDF9, 0xFEA4, 0xFE61, 0xFF53, 0xFF5B, 0xFF75, 0x005F, 0x0009,
    0x0076, 0x0043, 0x007B, 0x005C, 0xFFF1, 0x007B, 0x0026, 0x00CE,
    0x0044, 0xFFD2, 0x0051, 0xFF4A, 0xFF28, 0xFE6B, 0xFE6A, 0xFEA2,
    0xFE9C, 0xFF6F, 0xFF20, 0xFFDE, 0xFFB5, 0xFFA0, 0x005E, 0xFFF1,
    0x0032, 0xFF98, 0xFFDF, 0x0013, 0xFF9F, 0xFFCC, 0xFF13, 0xFF7F,
    0xFF25, 0xFEF7, 0xFFB7, 0xFF88, 0x007C, 0x00A5, 0x010E, 0x013A,
    0x00DA, 0x0120, 0x0093, 0x0162, 0x0112, 0x00AE, 0x012F, 0x0078,
    0x0093, 0xFFF8, 0xFFBE, 0xFF94, 0xFED2, 0xFEDC, 0xFE38, 0xFEDD,
    0xFE9A, 0xFE2D, 0xFED1, 0xFE8A, 0xFF75, 0xFF84, 0x0005, 0x009C,
    0x0051, 0x009B,
};

#endif
